pair_id,pair_type,community_id,cross_community_id,node_id_a,name_a,type_a,normalized_name_a,node_id_b,name_b,type_b,normalized_name_b,seed,min_size,pairs_per_community
pair_00001,in,1,,4:a5c86bc8-e1c8-48a4-9fd0-5fce4dadda17:285,權限檢視,policy,權限檢視,4:a5c86bc8-e1c8-48a4-9fd0-5fce4dadda17:2283,資訊之分級,policy,資訊之分級,42,10,20
pair_00002,in,1,,4:a5c86bc8-e1c8-48a4-9fd0-5fce4dadda17:486,rd 部門,securityTeam,rd部門,4:a5c86bc8-e1c8-48a4-9fd0-5fce4dadda17:3685,資料不當存取風險,risk,資料不當存取風險,42,10,20
pair_00003,in,1,,4:a5c86bc8-e1c8-48a4-9fd0-5fce4dadda17:3246,資訊揭露最小化原則,policy,資訊揭露最小化原則,4:a5c86bc8-e1c8-48a4-9fd0-5fce4dadda17:4335,委外作業人員,user,委外作業人員,42,10,20
pair_00004,in,1,,4:a5c86bc8-e1c8-48a4-9fd0-5fce4dadda17:207,底層元件弱點被發現,risk,底層元件弱點被發現,4:a5c86bc8-e1c8-48a4-9fd0-5fce4dadda17:1826,個資控制權喪失,risk,個資控制權喪失,42,10,20
pair_00005,in,1,,4:a5c86bc8-e1c8-48a4-9fd0-5fce4dadda17:2823,tor,tool,tor,4:a5c86bc8-e1c8-48a4-9fd0-5fce4dadda17:2999,安全保密協議,policy,安全保密協議,42,10,20
pair_00006,in,1,,4:a5c86bc8-e1c8-48a4-9fd0-5fce4dadda17:487,門禁控管,policy,門禁控管,4:a5c86bc8-e1c8-48a4-9fd0-5fce4dadda17:3685,資料不當存取風險,risk,資料不當存取風險,42,10,20
pair_00007,in,1,,4:a5c86bc8-e1c8-48a4-9fd0-5fce4dadda17:127,密碼管理,policy,密碼管理,4:a5c86bc8-e1c8-48a4-9fd0-5fce4dadda17:1128,安全配置,policy,安全配置,42,10,20
pair_00008,in,1,,4:a5c86bc8-e1c8-48a4-9fd0-5fce4dadda17:285,權限檢視,policy,權限檢視,4:a5c86bc8-e1c8-48a4-9fd0-5fce4dadda17:3230,定期備份政策,policy,定期備份政策,42,10,20
pair_00009,in,1,,4:a5c86bc8-e1c8-48a4-9fd0-5fce4dadda17:285,權限檢視,policy,權限檢視,4:a5c86bc8-e1c8-48a4-9fd0-5fce4dadda17:3861,雲端應用程式,app,雲端應用程式,42,10,20
pair_00010,in,1,,4:a5c86bc8-e1c8-48a4-9fd0-5fce4dadda17:354,銷毀或轉讓軟體政策,policy,銷毀或轉讓軟體政策,4:a5c86bc8-e1c8-48a4-9fd0-5fce4dadda17:1864,個人資料保留政策,policy,個人資料保留政策,42,10,20
pair_00011,in,1,,4:a5c86bc8-e1c8-48a4-9fd0-5fce4dadda17:3,營業秘密法,policy,營業秘密法,4:a5c86bc8-e1c8-48a4-9fd0-5fce4dadda17:487,門禁控管,policy,門禁控管,42,10,20
pair_00012,in,1,,4:a5c86bc8-e1c8-48a4-9fd0-5fce4dadda17:1546,加密技術,tool,加密技術,4:a5c86bc8-e1c8-48a4-9fd0-5fce4dadda17:3264,存取控制管理疏忽,vulnerability,存取控制管理疏忽,42,10,20
pair_00013,in,1,,4:a5c86bc8-e1c8-48a4-9fd0-5fce4dadda17:1407,資訊之標示,policy,資訊之標示,4:a5c86bc8-e1c8-48a4-9fd0-5fce4dadda17:4134,密碼儲存與保護,policy,密碼儲存與保護,42,10,20
pair_00014,in,1,,4:a5c86bc8-e1c8-48a4-9fd0-5fce4dadda17:1,個人資料保護法施行細則第 12 條,policy,個人資料保護法施行細則第12條,4:a5c86bc8-e1c8-48a4-9fd0-5fce4dadda17:207,底層元件弱點被發現,risk,底層元件弱點被發現,42,10,20
pair_00015,in,1,,4:a5c86bc8-e1c8-48a4-9fd0-5fce4dadda17:188,外接儲存裝置,system,外接儲存裝置,4:a5c86bc8-e1c8-48a4-9fd0-5fce4dadda17:463,儲存媒體報廢政策,policy,儲存媒體報廢政策,42,10,20
pair_00016,in,1,,4:a5c86bc8-e1c8-48a4-9fd0-5fce4dadda17:157,權限檢視政策,policy,權限檢視政策,4:a5c86bc8-e1c8-48a4-9fd0-5fce4dadda17:1128,安全配置,policy,安全配置,42,10,20
pair_00017,in,1,,4:a5c86bc8-e1c8-48a4-9fd0-5fce4dadda17:3861,雲端應用程式,app,雲端應用程式,4:a5c86bc8-e1c8-48a4-9fd0-5fce4dadda17:3932,資料外洩保險,tool,資料外洩保險,42,10,20
pair_00018,in,1,,4:a5c86bc8-e1c8-48a4-9fd0-5fce4dadda17:486,rd 部門,securityTeam,rd部門,4:a5c86bc8-e1c8-48a4-9fd0-5fce4dadda17:1025,不在公用電腦登入,policy,不在公用電腦登入,42,10,20
pair_00019,in,1,,4:a5c86bc8-e1c8-48a4-9fd0-5fce4dadda17:539,客戶研發資料外洩,risk,客戶研發資料外洩,4:a5c86bc8-e1c8-48a4-9fd0-5fce4dadda17:1985,侵犯著作權,risk,侵犯著作權,42,10,20
pair_00020,in,1,,4:a5c86bc8-e1c8-48a4-9fd0-5fce4dadda17:2297,資訊之處置,policy,資訊之處置,4:a5c86bc8-e1c8-48a4-9fd0-5fce4dadda17:3246,資訊揭露最小化原則,policy,資訊揭露最小化原則,42,10,20
pair_00021,cross,1,24,4:a5c86bc8-e1c8-48a4-9fd0-5fce4dadda17:3648,郵件資料損毀,risk,郵件資料損毀,4:a5c86bc8-e1c8-48a4-9fd0-5fce4dadda17:3445,藍牙裝置,system,藍牙裝置,42,10,20
pair_00022,cross,1,12,4:a5c86bc8-e1c8-48a4-9fd0-5fce4dadda17:493,brewer & nash模型,policy,brewer&nash模型,4:a5c86bc8-e1c8-48a4-9fd0-5fce4dadda17:2713,iso/iec 27002,policy,isoiec27002,42,10,20
pair_00023,cross,1,7,4:a5c86bc8-e1c8-48a4-9fd0-5fce4dadda17:1025,不在公用電腦登入,policy,不在公用電腦登入,4:a5c86bc8-e1c8-48a4-9fd0-5fce4dadda17:3633,電腦病毒,tool,電腦病毒,42,10,20
pair_00024,cross,1,61,4:a5c86bc8-e1c8-48a4-9fd0-5fce4dadda17:2720,owasp top 10 – 2017,policy,owasptop10–2017,4:a5c86bc8-e1c8-48a4-9fd0-5fce4dadda17:2614,交易過程的披露,feature,交易過程的披露,42,10,20
pair_00025,cross,1,23,4:a5c86bc8-e1c8-48a4-9fd0-5fce4dadda17:2701,最小權限原則,policy,最小權限原則,4:a5c86bc8-e1c8-48a4-9fd0-5fce4dadda17:3561,近距離無線通訊(nfc),system,近距離無線通訊,42,10,20
pair_00026,cross,1,27,4:a5c86bc8-e1c8-48a4-9fd0-5fce4dadda17:2238,電子郵件自動轉寄規則,policy,電子郵件自動轉寄規則,4:a5c86bc8-e1c8-48a4-9fd0-5fce4dadda17:3618,smtp,feature,smtp,42,10,20
pair_00027,cross,1,32,4:a5c86bc8-e1c8-48a4-9fd0-5fce4dadda17:3932,資料外洩保險,tool,資料外洩保險,4:a5c86bc8-e1c8-48a4-9fd0-5fce4dadda17:4228,linux,system,linux,42,10,20
pair_00028,cross,1,18,4:a5c86bc8-e1c8-48a4-9fd0-5fce4dadda17:4335,委外作業人員,user,委外作業人員,4:a5c86bc8-e1c8-48a4-9fd0-5fce4dadda17:3963,saas,system,saas,42,10,20
pair_00029,cross,1,23,4:a5c86bc8-e1c8-48a4-9fd0-5fce4dadda17:2999,安全保密協議,policy,安全保密協議,4:a5c86bc8-e1c8-48a4-9fd0-5fce4dadda17:2473,軟體及韌體,app,軟體及韌體,42,10,20
pair_00030,cross,1,54,4:a5c86bc8-e1c8-48a4-9fd0-5fce4dadda17:1141,不回覆詢問個資郵件,policy,不回覆詢問個資郵件,4:a5c86bc8-e1c8-48a4-9fd0-5fce4dadda17:1100,emv系統,system,emv系統,42,10,20
pair_00031,cross,1,19,4:a5c86bc8-e1c8-48a4-9fd0-5fce4dadda17:157,權限檢視政策,policy,權限檢視政策,4:a5c86bc8-e1c8-48a4-9fd0-5fce4dadda17:81,提供臨時人員暫時存取權限,function,提供臨時人員暫時存取權限,42,10,20
pair_00032,cross,1,25,4:a5c86bc8-e1c8-48a4-9fd0-5fce4dadda17:489,個人資料保護生命週期,policy,個人資料保護生命週期,4:a5c86bc8-e1c8-48a4-9fd0-5fce4dadda17:667,經營策略,policy,經營策略,42,10,20
pair_00033,cross,1,9,4:a5c86bc8-e1c8-48a4-9fd0-5fce4dadda17:354,銷毀或轉讓軟體政策,policy,銷毀或轉讓軟體政策,4:a5c86bc8-e1c8-48a4-9fd0-5fce4dadda17:2532,柵欄加密演算法,technique,柵欄加密演算法,42,10,20
pair_00034,cross,1,15,4:a5c86bc8-e1c8-48a4-9fd0-5fce4dadda17:2701,最小權限原則,policy,最小權限原則,4:a5c86bc8-e1c8-48a4-9fd0-5fce4dadda17:2861,內部稽核,technique,內部稽核,42,10,20
pair_00035,cross,1,16,4:a5c86bc8-e1c8-48a4-9fd0-5fce4dadda17:114,專用 laptop,system,專用laptop,4:a5c86bc8-e1c8-48a4-9fd0-5fce4dadda17:3985,velocity (速度),feature,velocity,42,10,20
pair_00036,cross,1,2,4:a5c86bc8-e1c8-48a4-9fd0-5fce4dadda17:264,guest 帳戶,feature,guest帳戶,4:a5c86bc8-e1c8-48a4-9fd0-5fce4dadda17:3857,留意點選的網址是否異常,technique,留意點選的網址是否異常,42,10,20
pair_00037,cross,1,19,4:a5c86bc8-e1c8-48a4-9fd0-5fce4dadda17:1266,未適當處理詳細錯誤訊息和未處理的異常,vulnerability,未適當處理詳細錯誤訊息和未處理的異常,4:a5c86bc8-e1c8-48a4-9fd0-5fce4dadda17:977,帳號清理,function,帳號清理,42,10,20
pair_00038,cross,1,4,4:a5c86bc8-e1c8-48a4-9fd0-5fce4dadda17:1,個人資料保護法施行細則第 12 條,policy,個人資料保護法施行細則第12條,4:a5c86bc8-e1c8-48a4-9fd0-5fce4dadda17:1317,使用者帳戶控制 (uac),tool,使用者帳戶控制,42,10,20
pair_00039,cross,1,54,4:a5c86bc8-e1c8-48a4-9fd0-5fce4dadda17:1062,攻擊傳播,attack,攻擊傳播,4:a5c86bc8-e1c8-48a4-9fd0-5fce4dadda17:1121,磁條卡弱點,vulnerability,磁條卡弱點,42,10,20
pair_00040,cross,1,16,4:a5c86bc8-e1c8-48a4-9fd0-5fce4dadda17:2841,殘留機敏資料,vulnerability,殘留機敏資料,4:a5c86bc8-e1c8-48a4-9fd0-5fce4dadda17:1337,分散式資料庫,tool,分散式資料庫,42,10,20
pair_00041,in,2,,4:a5c86bc8-e1c8-48a4-9fd0-5fce4dadda17:560,損害當事人權益,risk,損害當事人權益,4:a5c86bc8-e1c8-48a4-9fd0-5fce4dadda17:2480,客戶,user,客戶,42,10,20
pair_00042,in,2,,4:a5c86bc8-e1c8-48a4-9fd0-5fce4dadda17:53,帳戶,system,帳戶,4:a5c86bc8-e1c8-48a4-9fd0-5fce4dadda17:2933,系統提供者,securityTeam,系統提供者,42,10,20
pair_00043,in,2,,4:a5c86bc8-e1c8-48a4-9fd0-5fce4dadda17:2597,釣魚郵件,tool,釣魚郵件,4:a5c86bc8-e1c8-48a4-9fd0-5fce4dadda17:3184,健保ic卡,system,健保ic卡,42,10,20
pair_00044,in,2,,4:a5c86bc8-e1c8-48a4-9fd0-5fce4dadda17:35,網路安全法(中華人民共和國),policy,網路安全法,4:a5c86bc8-e1c8-48a4-9fd0-5fce4dadda17:494,第二者稽核,technique,第二者稽核,42,10,20
pair_00045,in,2,,4:a5c86bc8-e1c8-48a4-9fd0-5fce4dadda17:37,請求補充或更正,policy,請求補充或更正,4:a5c86bc8-e1c8-48a4-9fd0-5fce4dadda17:1170,健保醫療系統,system,健保醫療系統,42,10,20
pair_00046,in,2,,4:a5c86bc8-e1c8-48a4-9fd0-5fce4dadda17:235,蒐集或處理,function,蒐集或處理,4:a5c86bc8-e1c8-48a4-9fd0-5fce4dadda17:2482,釣魚攻擊,attack,釣魚攻擊,42,10,20
pair_00047,in,2,,4:a5c86bc8-e1c8-48a4-9fd0-5fce4dadda17:2681,使用者資料,data,使用者資料,4:a5c86bc8-e1c8-48a4-9fd0-5fce4dadda17:4101,個資法,policy,個資法,42,10,20
pair_00048,in,2,,4:a5c86bc8-e1c8-48a4-9fd0-5fce4dadda17:2355,不隨意連接不信賴的 wi-fi 熱點,technique,不隨意連接不信賴的wifi熱點,4:a5c86bc8-e1c8-48a4-9fd0-5fce4dadda17:3873,企業,securityTeam,企業,42,10,20
pair_00049,in,2,,4:a5c86bc8-e1c8-48a4-9fd0-5fce4dadda17:53,帳戶,system,帳戶,4:a5c86bc8-e1c8-48a4-9fd0-5fce4dadda17:3850,稅務趨勢系統,app,稅務趨勢系統,42,10,20
pair_00050,in,2,,4:a5c86bc8-e1c8-48a4-9fd0-5fce4dadda17:35,網路安全法(中華人民共和國),policy,網路安全法,4:a5c86bc8-e1c8-48a4-9fd0-5fce4dadda17:3505,不隨意開啟來路不明的信件連結,technique,不隨意開啟來路不明的信件連結,42,10,20
pair_00051,in,2,,4:a5c86bc8-e1c8-48a4-9fd0-5fce4dadda17:552,外部資訊廠商,system,外部資訊廠商,4:a5c86bc8-e1c8-48a4-9fd0-5fce4dadda17:4308,更正,function,更正,42,10,20
pair_00052,in,2,,4:a5c86bc8-e1c8-48a4-9fd0-5fce4dadda17:4101,個資法,policy,個資法,4:a5c86bc8-e1c8-48a4-9fd0-5fce4dadda17:4303,處理,function,處理,42,10,20
pair_00053,in,2,,4:a5c86bc8-e1c8-48a4-9fd0-5fce4dadda17:2355,不隨意連接不信賴的 wi-fi 熱點,technique,不隨意連接不信賴的wifi熱點,4:a5c86bc8-e1c8-48a4-9fd0-5fce4dadda17:4304,編輯,function,編輯,42,10,20
pair_00054,in,2,,4:a5c86bc8-e1c8-48a4-9fd0-5fce4dadda17:1299,服務供應商,attacker,服務供應商,4:a5c86bc8-e1c8-48a4-9fd0-5fce4dadda17:3076,服務條約,policy,服務條約,42,10,20
pair_00055,in,2,,4:a5c86bc8-e1c8-48a4-9fd0-5fce4dadda17:2355,不隨意連接不信賴的 wi-fi 熱點,technique,不隨意連接不信賴的wifi熱點,4:a5c86bc8-e1c8-48a4-9fd0-5fce4dadda17:4309,利用,function,利用,42,10,20
pair_00056,in,2,,4:a5c86bc8-e1c8-48a4-9fd0-5fce4dadda17:4303,處理,function,處理,4:a5c86bc8-e1c8-48a4-9fd0-5fce4dadda17:4309,利用,function,利用,42,10,20
pair_00057,in,2,,4:a5c86bc8-e1c8-48a4-9fd0-5fce4dadda17:468,榮譽榜,data,榮譽榜,4:a5c86bc8-e1c8-48a4-9fd0-5fce4dadda17:721,對權益之影響,risk,對權益之影響,42,10,20
pair_00058,in,2,,4:a5c86bc8-e1c8-48a4-9fd0-5fce4dadda17:3873,企業,securityTeam,企業,4:a5c86bc8-e1c8-48a4-9fd0-5fce4dadda17:4309,利用,function,利用,42,10,20
pair_00059,in,2,,4:a5c86bc8-e1c8-48a4-9fd0-5fce4dadda17:560,損害當事人權益,risk,損害當事人權益,4:a5c86bc8-e1c8-48a4-9fd0-5fce4dadda17:4101,個資法,policy,個資法,42,10,20
pair_00060,in,2,,4:a5c86bc8-e1c8-48a4-9fd0-5fce4dadda17:2933,系統提供者,securityTeam,系統提供者,4:a5c86bc8-e1c8-48a4-9fd0-5fce4dadda17:3850,稅務趨勢系統,app,稅務趨勢系統,42,10,20
pair_00061,cross,2,71,4:a5c86bc8-e1c8-48a4-9fd0-5fce4dadda17:4217,人格權受侵害,risk,人格權受侵害,4:a5c86bc8-e1c8-48a4-9fd0-5fce4dadda17:3486,接觸式介面,feature,接觸式介面,42,10,20
pair_00062,cross,2,12,4:a5c86bc8-e1c8-48a4-9fd0-5fce4dadda17:34,iso 27001: 2022,policy,iso270012022,4:a5c86bc8-e1c8-48a4-9fd0-5fce4dadda17:3713,組織的目標與規範,policy,組織的目標與規範,42,10,20
pair_00063,cross,2,15,4:a5c86bc8-e1c8-48a4-9fd0-5fce4dadda17:3184,健保ic卡,system,健保ic卡,4:a5c86bc8-e1c8-48a4-9fd0-5fce4dadda17:3050,可疑行為,attack,可疑行為,42,10,20
pair_00064,cross,2,12,4:a5c86bc8-e1c8-48a4-9fd0-5fce4dadda17:590,釣魚網站,tool,釣魚網站,4:a5c86bc8-e1c8-48a4-9fd0-5fce4dadda17:2713,iso/iec 27002,policy,isoiec27002,42,10,20
pair_00065,cross,2,21,4:a5c86bc8-e1c8-48a4-9fd0-5fce4dadda17:3184,健保ic卡,system,健保ic卡,4:a5c86bc8-e1c8-48a4-9fd0-5fce4dadda17:2709,授權工具,tool,授權工具,42,10,20
pair_00066,cross,2,26,4:a5c86bc8-e1c8-48a4-9fd0-5fce4dadda17:740,違法蒐集、處理或利用個資,attack,違法蒐集處理或利用個資,4:a5c86bc8-e1c8-48a4-9fd0-5fce4dadda17:4137,監控和分析,function,監控和分析,42,10,20
pair_00067,cross,2,4,4:a5c86bc8-e1c8-48a4-9fd0-5fce4dadda17:3505,不隨意開啟來路不明的信件連結,technique,不隨意開啟來路不明的信件連結,4:a5c86bc8-e1c8-48a4-9fd0-5fce4dadda17:2564,ping,tool,ping,42,10,20
pair_00068,cross,2,24,4:a5c86bc8-e1c8-48a4-9fd0-5fce4dadda17:34,iso 27001: 2022,policy,iso270012022,4:a5c86bc8-e1c8-48a4-9fd0-5fce4dadda17:2436,動態特徵,feature,動態特徵,42,10,20
pair_00069,cross,2,41,4:a5c86bc8-e1c8-48a4-9fd0-5fce4dadda17:590,釣魚網站,tool,釣魚網站,4:a5c86bc8-e1c8-48a4-9fd0-5fce4dadda17:3647,攻擊特徵碼,feature,攻擊特徵碼,42,10,20
pair_00070,cross,2,32,4:a5c86bc8-e1c8-48a4-9fd0-5fce4dadda17:3565,個資犯罪,attack,個資犯罪,4:a5c86bc8-e1c8-48a4-9fd0-5fce4dadda17:3922,linux系統設備,system,linux系統設備,42,10,20
pair_00071,cross,2,15,4:a5c86bc8-e1c8-48a4-9fd0-5fce4dadda17:4303,處理,function,處理,4:a5c86bc8-e1c8-48a4-9fd0-5fce4dadda17:3300,webtrust 認證服務,technique,webtrust認證服務,42,10,20
pair_00072,cross,2,30,4:a5c86bc8-e1c8-48a4-9fd0-5fce4dadda17:2933,系統提供者,securityTeam,系統提供者,4:a5c86bc8-e1c8-48a4-9fd0-5fce4dadda17:3144,wpa2,tool,wpa2,42,10,20
pair_00073,cross,2,24,4:a5c86bc8-e1c8-48a4-9fd0-5fce4dadda17:523,法規要求與限制,policy,法規要求與限制,4:a5c86bc8-e1c8-48a4-9fd0-5fce4dadda17:888,有效期,feature,有效期,42,10,20
pair_00074,cross,2,39,4:a5c86bc8-e1c8-48a4-9fd0-5fce4dadda17:37,請求補充或更正,policy,請求補充或更正,4:a5c86bc8-e1c8-48a4-9fd0-5fce4dadda17:799,公開金鑰演算法,app,公開金鑰演算法,42,10,20
pair_00075,cross,2,11,4:a5c86bc8-e1c8-48a4-9fd0-5fce4dadda17:4303,處理,function,處理,4:a5c86bc8-e1c8-48a4-9fd0-5fce4dadda17:828,進階持續性威脅,attack,進階持續性威脅,42,10,20
pair_00076,cross,2,28,4:a5c86bc8-e1c8-48a4-9fd0-5fce4dadda17:1227,隱私保持的資料探勘與分析,technique,隱私保持的資料探勘與分析,4:a5c86bc8-e1c8-48a4-9fd0-5fce4dadda17:1081,臨時移動用戶識別碼,data,臨時移動用戶識別碼,42,10,20
pair_00077,cross,2,14,4:a5c86bc8-e1c8-48a4-9fd0-5fce4dadda17:53,帳戶,system,帳戶,4:a5c86bc8-e1c8-48a4-9fd0-5fce4dadda17:166,安全通道,feature,安全通道,42,10,20
pair_00078,cross,2,21,4:a5c86bc8-e1c8-48a4-9fd0-5fce4dadda17:3076,服務條約,policy,服務條約,4:a5c86bc8-e1c8-48a4-9fd0-5fce4dadda17:2520,網路使用者,user,網路使用者,42,10,20
pair_00079,cross,2,24,4:a5c86bc8-e1c8-48a4-9fd0-5fce4dadda17:1170,健保醫療系統,system,健保醫療系統,4:a5c86bc8-e1c8-48a4-9fd0-5fce4dadda17:240,多因素身分驗證,technique,多因素身分驗證,42,10,20
pair_00080,cross,2,8,4:a5c86bc8-e1c8-48a4-9fd0-5fce4dadda17:590,釣魚網站,tool,釣魚網站,4:a5c86bc8-e1c8-48a4-9fd0-5fce4dadda17:2930,服務等級合約 (sla),policy,服務等級合約,42,10,20
pair_00081,in,4,,4:a5c86bc8-e1c8-48a4-9fd0-5fce4dadda17:712,牆,feature,牆,4:a5c86bc8-e1c8-48a4-9fd0-5fce4dadda17:1880,備份資料還原測試,technique,備份資料還原測試,42,10,20
pair_00082,in,4,,4:a5c86bc8-e1c8-48a4-9fd0-5fce4dadda17:703,防火措施,feature,防火措施,4:a5c86bc8-e1c8-48a4-9fd0-5fce4dadda17:4047,安全區域,system,安全區域,42,10,20
pair_00083,in,4,,4:a5c86bc8-e1c8-48a4-9fd0-5fce4dadda17:879,echo-request icmp 封包,data,echorequesticmp封包,4:a5c86bc8-e1c8-48a4-9fd0-5fce4dadda17:1880,備份資料還原測試,technique,備份資料還原測試,42,10,20
pair_00084,in,4,,4:a5c86bc8-e1c8-48a4-9fd0-5fce4dadda17:259,rdp,app,rdp,4:a5c86bc8-e1c8-48a4-9fd0-5fce4dadda17:911,作業系統帳號管理工具,tool,作業系統帳號管理工具,42,10,20
pair_00085,in,4,,4:a5c86bc8-e1c8-48a4-9fd0-5fce4dadda17:359,icmp,feature,icmp,4:a5c86bc8-e1c8-48a4-9fd0-5fce4dadda17:4044,code signing 提示訊息,feature,codesigning提示訊息,42,10,20
pair_00086,in,4,,4:a5c86bc8-e1c8-48a4-9fd0-5fce4dadda17:2402,伺服器訊息區塊(smb)漏洞,vulnerability,伺服器訊息區塊漏洞,4:a5c86bc8-e1c8-48a4-9fd0-5fce4dadda17:2567,icmp 協定,feature,icmp協定,42,10,20
pair_00087,in,4,,4:a5c86bc8-e1c8-48a4-9fd0-5fce4dadda17:911,作業系統帳號管理工具,tool,作業系統帳號管理工具,4:a5c86bc8-e1c8-48a4-9fd0-5fce4dadda17:2935,核心小組,securityTeam,核心小組,42,10,20
pair_00088,in,4,,4:a5c86bc8-e1c8-48a4-9fd0-5fce4dadda17:259,rdp,app,rdp,4:a5c86bc8-e1c8-48a4-9fd0-5fce4dadda17:3081,計畫維護與訓練,function,計畫維護與訓練,42,10,20
pair_00089,in,4,,4:a5c86bc8-e1c8-48a4-9fd0-5fce4dadda17:624,資料檔案保險櫃,system,資料檔案保險櫃,4:a5c86bc8-e1c8-48a4-9fd0-5fce4dadda17:703,防火措施,feature,防火措施,42,10,20
pair_00090,in,4,,4:a5c86bc8-e1c8-48a4-9fd0-5fce4dadda17:359,icmp,feature,icmp,4:a5c86bc8-e1c8-48a4-9fd0-5fce4dadda17:4209,重要營運功能,system,重要營運功能,42,10,20
pair_00091,in,4,,4:a5c86bc8-e1c8-48a4-9fd0-5fce4dadda17:1317,使用者帳戶控制 (uac),tool,使用者帳戶控制,4:a5c86bc8-e1c8-48a4-9fd0-5fce4dadda17:4047,安全區域,system,安全區域,42,10,20
pair_00092,in,4,,4:a5c86bc8-e1c8-48a4-9fd0-5fce4dadda17:705,防盜措施,feature,防盜措施,4:a5c86bc8-e1c8-48a4-9fd0-5fce4dadda17:3081,計畫維護與訓練,function,計畫維護與訓練,42,10,20
pair_00093,in,4,,4:a5c86bc8-e1c8-48a4-9fd0-5fce4dadda17:275,備份結果,data,備份結果,4:a5c86bc8-e1c8-48a4-9fd0-5fce4dadda17:359,icmp,feature,icmp,42,10,20
pair_00094,in,4,,4:a5c86bc8-e1c8-48a4-9fd0-5fce4dadda17:99,遠端桌面服務,app,遠端桌面服務,4:a5c86bc8-e1c8-48a4-9fd0-5fce4dadda17:712,牆,feature,牆,42,10,20
pair_00095,in,4,,4:a5c86bc8-e1c8-48a4-9fd0-5fce4dadda17:99,遠端桌面服務,app,遠端桌面服務,4:a5c86bc8-e1c8-48a4-9fd0-5fce4dadda17:277,還原技術,technique,還原技術,42,10,20
pair_00096,in,4,,4:a5c86bc8-e1c8-48a4-9fd0-5fce4dadda17:78,消防設施,feature,消防設施,4:a5c86bc8-e1c8-48a4-9fd0-5fce4dadda17:4044,code signing 提示訊息,feature,codesigning提示訊息,42,10,20
pair_00097,in,4,,4:a5c86bc8-e1c8-48a4-9fd0-5fce4dadda17:5,環境資產,system,環境資產,4:a5c86bc8-e1c8-48a4-9fd0-5fce4dadda17:3077,回復策略,function,回復策略,42,10,20
pair_00098,in,4,,4:a5c86bc8-e1c8-48a4-9fd0-5fce4dadda17:78,消防設施,feature,消防設施,4:a5c86bc8-e1c8-48a4-9fd0-5fce4dadda17:912,人事單位,securityTeam,人事單位,42,10,20
pair_00099,in,4,,4:a5c86bc8-e1c8-48a4-9fd0-5fce4dadda17:705,防盜措施,feature,防盜措施,4:a5c86bc8-e1c8-48a4-9fd0-5fce4dadda17:877,錯誤訊息,data,錯誤訊息,42,10,20
pair_00100,in,4,,4:a5c86bc8-e1c8-48a4-9fd0-5fce4dadda17:359,icmp,feature,icmp,4:a5c86bc8-e1c8-48a4-9fd0-5fce4dadda17:3092,重要流程,system,重要流程,42,10,20
pair_00101,cross,4,24,4:a5c86bc8-e1c8-48a4-9fd0-5fce4dadda17:4210,損害程度,data,損害程度,4:a5c86bc8-e1c8-48a4-9fd0-5fce4dadda17:3481,2.4 ghz 頻帶,feature,24ghz頻帶,42,10,20
pair_00102,cross,4,23,4:a5c86bc8-e1c8-48a4-9fd0-5fce4dadda17:3092,重要流程,system,重要流程,4:a5c86bc8-e1c8-48a4-9fd0-5fce4dadda17:343,簡訊,tool,簡訊,42,10,20
pair_00103,cross,4,61,4:a5c86bc8-e1c8-48a4-9fd0-5fce4dadda17:3934,門禁管理,tool,門禁管理,4:a5c86bc8-e1c8-48a4-9fd0-5fce4dadda17:1188,s/mime 格式電子郵件,data,smime格式電子郵件,42,10,20
pair_00104,cross,4,52,4:a5c86bc8-e1c8-48a4-9fd0-5fce4dadda17:335,可回復的設備,system,可回復的設備,4:a5c86bc8-e1c8-48a4-9fd0-5fce4dadda17:495,商業間諜,attack,商業間諜,42,10,20
pair_00105,cross,4,14,4:a5c86bc8-e1c8-48a4-9fd0-5fce4dadda17:335,可回復的設備,system,可回復的設備,4:a5c86bc8-e1c8-48a4-9fd0-5fce4dadda17:1032,臨時密鑰,data,臨時密鑰,42,10,20
pair_00106,cross,4,14,4:a5c86bc8-e1c8-48a4-9fd0-5fce4dadda17:78,消防設施,feature,消防設施,4:a5c86bc8-e1c8-48a4-9fd0-5fce4dadda17:369,dom,feature,dom,42,10,20
pair_00107,cross,4,23,4:a5c86bc8-e1c8-48a4-9fd0-5fce4dadda17:705,防盜措施,feature,防盜措施,4:a5c86bc8-e1c8-48a4-9fd0-5fce4dadda17:414,rfid 感應卡,tool,rfid感應卡,42,10,20
pair_00108,cross,4,25,4:a5c86bc8-e1c8-48a4-9fd0-5fce4dadda17:170,通訊埠 3389,feature,通訊埠3389,4:a5c86bc8-e1c8-48a4-9fd0-5fce4dadda17:660,電子資料交換,tool,電子資料交換,42,10,20
pair_00109,cross,4,41,4:a5c86bc8-e1c8-48a4-9fd0-5fce4dadda17:2935,核心小組,securityTeam,核心小組,4:a5c86bc8-e1c8-48a4-9fd0-5fce4dadda17:2628,入侵,attack,入侵,42,10,20
pair_00110,cross,4,27,4:a5c86bc8-e1c8-48a4-9fd0-5fce4dadda17:259,rdp,app,rdp,4:a5c86bc8-e1c8-48a4-9fd0-5fce4dadda17:3608,內送郵件伺服器,system,內送郵件伺服器,42,10,20
pair_00111,cross,4,17,4:a5c86bc8-e1c8-48a4-9fd0-5fce4dadda17:359,icmp,feature,icmp,4:a5c86bc8-e1c8-48a4-9fd0-5fce4dadda17:4234,重覆使用 salt,vulnerability,重覆使用salt,42,10,20
pair_00112,cross,4,45,4:a5c86bc8-e1c8-48a4-9fd0-5fce4dadda17:879,echo-request icmp 封包,data,echorequesticmp封包,4:a5c86bc8-e1c8-48a4-9fd0-5fce4dadda17:501,ot-soc,securityTeam,otsoc,42,10,20
pair_00113,cross,4,18,4:a5c86bc8-e1c8-48a4-9fd0-5fce4dadda17:4047,安全區域,system,安全區域,4:a5c86bc8-e1c8-48a4-9fd0-5fce4dadda17:247,事件影響性,data,事件影響性,42,10,20
pair_00114,cross,4,21,4:a5c86bc8-e1c8-48a4-9fd0-5fce4dadda17:275,備份結果,data,備份結果,4:a5c86bc8-e1c8-48a4-9fd0-5fce4dadda17:71,關於 cookie 的明確和具體的資訊,data,關於cookie的明確和具體的資訊,42,10,20
pair_00115,cross,4,21,4:a5c86bc8-e1c8-48a4-9fd0-5fce4dadda17:4210,損害程度,data,損害程度,4:a5c86bc8-e1c8-48a4-9fd0-5fce4dadda17:3904,分散式架構,system,分散式架構,42,10,20
pair_00116,cross,4,71,4:a5c86bc8-e1c8-48a4-9fd0-5fce4dadda17:624,資料檔案保險櫃,system,資料檔案保險櫃,4:a5c86bc8-e1c8-48a4-9fd0-5fce4dadda17:3583,模組裝置,system,模組裝置,42,10,20
pair_00117,cross,4,41,4:a5c86bc8-e1c8-48a4-9fd0-5fce4dadda17:703,防火措施,feature,防火措施,4:a5c86bc8-e1c8-48a4-9fd0-5fce4dadda17:644,建築物進入點,system,建築物進入點,42,10,20
pair_00118,cross,4,46,4:a5c86bc8-e1c8-48a4-9fd0-5fce4dadda17:1880,備份資料還原測試,technique,備份資料還原測試,4:a5c86bc8-e1c8-48a4-9fd0-5fce4dadda17:3396,網路供應,system,網路供應,42,10,20
pair_00119,cross,4,23,4:a5c86bc8-e1c8-48a4-9fd0-5fce4dadda17:77,電力設施,feature,電力設施,4:a5c86bc8-e1c8-48a4-9fd0-5fce4dadda17:3437,竊聽,attack,竊聽,42,10,20
pair_00120,cross,4,19,4:a5c86bc8-e1c8-48a4-9fd0-5fce4dadda17:277,還原技術,technique,還原技術,4:a5c86bc8-e1c8-48a4-9fd0-5fce4dadda17:1019,角色為基礎管理模式,technique,角色為基礎管理模式,42,10,20
pair_00121,in,5,,4:a5c86bc8-e1c8-48a4-9fd0-5fce4dadda17:1064,角色為基礎的授權,feature,角色為基礎的授權,4:a5c86bc8-e1c8-48a4-9fd0-5fce4dadda17:4249,時間同步,feature,時間同步,42,10,20
pair_00122,in,5,,4:a5c86bc8-e1c8-48a4-9fd0-5fce4dadda17:336,事件管理,function,事件管理,4:a5c86bc8-e1c8-48a4-9fd0-5fce4dadda17:583,完整性保護機制,tool,完整性保護機制,42,10,20
pair_00123,in,5,,4:a5c86bc8-e1c8-48a4-9fd0-5fce4dadda17:2594,內部層,feature,內部層,4:a5c86bc8-e1c8-48a4-9fd0-5fce4dadda17:3498,網路竊聽,attack,網路竊聽,42,10,20
pair_00124,in,5,,4:a5c86bc8-e1c8-48a4-9fd0-5fce4dadda17:2405,威脅偵測,function,威脅偵測,4:a5c86bc8-e1c8-48a4-9fd0-5fce4dadda17:2698,認證系統,system,認證系統,42,10,20
pair_00125,in,5,,4:a5c86bc8-e1c8-48a4-9fd0-5fce4dadda17:337,日誌管理,function,日誌管理,4:a5c86bc8-e1c8-48a4-9fd0-5fce4dadda17:3971,日誌與系統管理人員,securityTeam,日誌與系統管理人員,42,10,20
pair_00126,in,5,,4:a5c86bc8-e1c8-48a4-9fd0-5fce4dadda17:2596,中心層,feature,中心層,4:a5c86bc8-e1c8-48a4-9fd0-5fce4dadda17:3011,認知密碼,data,認知密碼,42,10,20
pair_00127,in,5,,4:a5c86bc8-e1c8-48a4-9fd0-5fce4dadda17:583,完整性保護機制,tool,完整性保護機制,4:a5c86bc8-e1c8-48a4-9fd0-5fce4dadda17:3239,grep,tool,grep,42,10,20
pair_00128,in,5,,4:a5c86bc8-e1c8-48a4-9fd0-5fce4dadda17:336,事件管理,function,事件管理,4:a5c86bc8-e1c8-48a4-9fd0-5fce4dadda17:3022,活動追蹤,function,活動追蹤,42,10,20
pair_00129,in,5,,4:a5c86bc8-e1c8-48a4-9fd0-5fce4dadda17:499,隔離與權限分級機制,technique,隔離與權限分級機制,4:a5c86bc8-e1c8-48a4-9fd0-5fce4dadda17:1860,設備集中管理,function,設備集中管理,42,10,20
pair_00130,in,5,,4:a5c86bc8-e1c8-48a4-9fd0-5fce4dadda17:1064,角色為基礎的授權,feature,角色為基礎的授權,4:a5c86bc8-e1c8-48a4-9fd0-5fce4dadda17:2206,即時監看資安事件,function,即時監看資安事件,42,10,20
pair_00131,in,5,,4:a5c86bc8-e1c8-48a4-9fd0-5fce4dadda17:2206,即時監看資安事件,function,即時監看資安事件,4:a5c86bc8-e1c8-48a4-9fd0-5fce4dadda17:2595,分析層,feature,分析層,42,10,20
pair_00132,in,5,,4:a5c86bc8-e1c8-48a4-9fd0-5fce4dadda17:693,人為破壞,attack,人為破壞,4:a5c86bc8-e1c8-48a4-9fd0-5fce4dadda17:2596,中心層,feature,中心層,42,10,20
pair_00133,in,5,,4:a5c86bc8-e1c8-48a4-9fd0-5fce4dadda17:6,控制作業,policy,控制作業,4:a5c86bc8-e1c8-48a4-9fd0-5fce4dadda17:3010,通行語,data,通行語,42,10,20
pair_00134,in,5,,4:a5c86bc8-e1c8-48a4-9fd0-5fce4dadda17:1860,設備集中管理,function,設備集中管理,4:a5c86bc8-e1c8-48a4-9fd0-5fce4dadda17:2593,外圍層,feature,外圍層,42,10,20
pair_00135,in,5,,4:a5c86bc8-e1c8-48a4-9fd0-5fce4dadda17:3413,憤怒的員工,attacker,憤怒的員工,4:a5c86bc8-e1c8-48a4-9fd0-5fce4dadda17:4349,安全資訊與事件管理(siem),tool,安全資訊與事件管理,42,10,20
pair_00136,in,5,,4:a5c86bc8-e1c8-48a4-9fd0-5fce4dadda17:6,控制作業,policy,控制作業,4:a5c86bc8-e1c8-48a4-9fd0-5fce4dadda17:2595,分析層,feature,分析層,42,10,20
pair_00137,in,5,,4:a5c86bc8-e1c8-48a4-9fd0-5fce4dadda17:2698,認證系統,system,認證系統,4:a5c86bc8-e1c8-48a4-9fd0-5fce4dadda17:3413,憤怒的員工,attacker,憤怒的員工,42,10,20
pair_00138,in,5,,4:a5c86bc8-e1c8-48a4-9fd0-5fce4dadda17:478,稽核日誌審查,technique,稽核日誌審查,4:a5c86bc8-e1c8-48a4-9fd0-5fce4dadda17:3010,通行語,data,通行語,42,10,20
pair_00139,in,5,,4:a5c86bc8-e1c8-48a4-9fd0-5fce4dadda17:568,ot資安威脅,attack,ot資安威脅,4:a5c86bc8-e1c8-48a4-9fd0-5fce4dadda17:3413,憤怒的員工,attacker,憤怒的員工,42,10,20
pair_00140,in,5,,4:a5c86bc8-e1c8-48a4-9fd0-5fce4dadda17:618,環境安全,policy,環境安全,4:a5c86bc8-e1c8-48a4-9fd0-5fce4dadda17:2754,資訊安全監控維運中心 (soc),securityTeam,資訊安全監控維運中心,42,10,20
pair_00141,cross,5,1,4:a5c86bc8-e1c8-48a4-9fd0-5fce4dadda17:3498,網路竊聽,attack,網路竊聽,4:a5c86bc8-e1c8-48a4-9fd0-5fce4dadda17:487,門禁控管,policy,門禁控管,42,10,20
pair_00142,cross,5,13,4:a5c86bc8-e1c8-48a4-9fd0-5fce4dadda17:499,隔離與權限分級機制,technique,隔離與權限分級機制,4:a5c86bc8-e1c8-48a4-9fd0-5fce4dadda17:1061,關鍵系統,system,關鍵系統,42,10,20
pair_00143,cross,5,14,4:a5c86bc8-e1c8-48a4-9fd0-5fce4dadda17:478,稽核日誌審查,technique,稽核日誌審查,4:a5c86bc8-e1c8-48a4-9fd0-5fce4dadda17:548,修補程式,tool,修補程式,42,10,20
pair_00144,cross,5,15,4:a5c86bc8-e1c8-48a4-9fd0-5fce4dadda17:3498,網路竊聽,attack,網路竊聽,4:a5c86bc8-e1c8-48a4-9fd0-5fce4dadda17:2861,內部稽核,technique,內部稽核,42,10,20
pair_00145,cross,5,13,4:a5c86bc8-e1c8-48a4-9fd0-5fce4dadda17:2698,認證系統,system,認證系統,4:a5c86bc8-e1c8-48a4-9fd0-5fce4dadda17:661,b2c,system,b2c,42,10,20
pair_00146,cross,5,13,4:a5c86bc8-e1c8-48a4-9fd0-5fce4dadda17:2478,資訊系統架構,system,資訊系統架構,4:a5c86bc8-e1c8-48a4-9fd0-5fce4dadda17:269,明文密碼,data,明文密碼,42,10,20
pair_00147,cross,5,10,4:a5c86bc8-e1c8-48a4-9fd0-5fce4dadda17:869,資安警訊管理,function,資安警訊管理,4:a5c86bc8-e1c8-48a4-9fd0-5fce4dadda17:2413,raid,system,raid,42,10,20
pair_00148,cross,5,41,4:a5c86bc8-e1c8-48a4-9fd0-5fce4dadda17:4250,外部時間源,system,外部時間源,4:a5c86bc8-e1c8-48a4-9fd0-5fce4dadda17:696,可疑份子入侵,attack,可疑份子入侵,42,10,20
pair_00149,cross,5,41,4:a5c86bc8-e1c8-48a4-9fd0-5fce4dadda17:2405,威脅偵測,function,威脅偵測,4:a5c86bc8-e1c8-48a4-9fd0-5fce4dadda17:4045,進出記錄,data,進出記錄,42,10,20
pair_00150,cross,5,41,4:a5c86bc8-e1c8-48a4-9fd0-5fce4dadda17:4349,安全資訊與事件管理(siem),tool,安全資訊與事件管理,4:a5c86bc8-e1c8-48a4-9fd0-5fce4dadda17:4310,領土隱私,policy,領土隱私,42,10,20
pair_00151,cross,5,12,4:a5c86bc8-e1c8-48a4-9fd0-5fce4dadda17:499,隔離與權限分級機制,technique,隔離與權限分級機制,4:a5c86bc8-e1c8-48a4-9fd0-5fce4dadda17:4302,復原時間目標 (rto),policy,復原時間目標,42,10,20
pair_00152,cross,5,1,4:a5c86bc8-e1c8-48a4-9fd0-5fce4dadda17:1167,日誌 (logs),data,日誌,4:a5c86bc8-e1c8-48a4-9fd0-5fce4dadda17:2621,機密外洩,risk,機密外洩,42,10,20
pair_00153,cross,5,7,4:a5c86bc8-e1c8-48a4-9fd0-5fce4dadda17:1329,多種資料來源,data,多種資料來源,4:a5c86bc8-e1c8-48a4-9fd0-5fce4dadda17:1258,交點錯誤率,feature,交點錯誤率,42,10,20
pair_00154,cross,5,23,4:a5c86bc8-e1c8-48a4-9fd0-5fce4dadda17:3971,日誌與系統管理人員,securityTeam,日誌與系統管理人員,4:a5c86bc8-e1c8-48a4-9fd0-5fce4dadda17:3254,os 命令注入,attack,os命令注入,42,10,20
pair_00155,cross,5,30,4:a5c86bc8-e1c8-48a4-9fd0-5fce4dadda17:4139,系統、設備,system,系統設備,4:a5c86bc8-e1c8-48a4-9fd0-5fce4dadda17:1067,ieee 802.11i 安全規格功能,function,ieee80211i安全規格功能,42,10,20
pair_00156,cross,5,61,4:a5c86bc8-e1c8-48a4-9fd0-5fce4dadda17:693,人為破壞,attack,人為破壞,4:a5c86bc8-e1c8-48a4-9fd0-5fce4dadda17:1135,s/mime,tool,smime,42,10,20
pair_00157,cross,5,13,4:a5c86bc8-e1c8-48a4-9fd0-5fce4dadda17:3413,憤怒的員工,attacker,憤怒的員工,4:a5c86bc8-e1c8-48a4-9fd0-5fce4dadda17:172,標的之資訊,data,標的之資訊,42,10,20
pair_00158,cross,5,30,4:a5c86bc8-e1c8-48a4-9fd0-5fce4dadda17:1064,角色為基礎的授權,feature,角色為基礎的授權,4:a5c86bc8-e1c8-48a4-9fd0-5fce4dadda17:1147,rc4 stream cipher,tool,rc4streamcipher,42,10,20
pair_00159,cross,5,61,4:a5c86bc8-e1c8-48a4-9fd0-5fce4dadda17:2405,威脅偵測,function,威脅偵測,4:a5c86bc8-e1c8-48a4-9fd0-5fce4dadda17:4342,橢圓曲線密碼學 (ecc),technique,橢圓曲線密碼學,42,10,20
pair_00160,cross,5,13,4:a5c86bc8-e1c8-48a4-9fd0-5fce4dadda17:2594,內部層,feature,內部層,4:a5c86bc8-e1c8-48a4-9fd0-5fce4dadda17:3951,跨網站指令碼攻擊,attack,跨網站指令碼攻擊,42,10,20
pair_00161,in,6,,4:a5c86bc8-e1c8-48a4-9fd0-5fce4dadda17:3457,大頻寬,feature,大頻寬,4:a5c86bc8-e1c8-48a4-9fd0-5fce4dadda17:3478,大連結,feature,大連結,42,10,20
pair_00162,in,6,,4:a5c86bc8-e1c8-48a4-9fd0-5fce4dadda17:3849,中介軟體,tool,中介軟體,4:a5c86bc8-e1c8-48a4-9fd0-5fce4dadda17:3916,物聯網閘道器,tool,物聯網閘道器,42,10,20
pair_00163,in,6,,4:a5c86bc8-e1c8-48a4-9fd0-5fce4dadda17:7,零信任,system,零信任,4:a5c86bc8-e1c8-48a4-9fd0-5fce4dadda17:508,補摺機,system,補摺機,42,10,20
pair_00164,in,6,,4:a5c86bc8-e1c8-48a4-9fd0-5fce4dadda17:231,物聯網常見的十項安全性問題,vulnerability,物聯網常見的十項安全性問題,4:a5c86bc8-e1c8-48a4-9fd0-5fce4dadda17:1306,鉛封,tool,鉛封,42,10,20
pair_00165,in,6,,4:a5c86bc8-e1c8-48a4-9fd0-5fce4dadda17:231,物聯網常見的十項安全性問題,vulnerability,物聯網常見的十項安全性問題,4:a5c86bc8-e1c8-48a4-9fd0-5fce4dadda17:3962,安全功能,function,安全功能,42,10,20
pair_00166,in,6,,4:a5c86bc8-e1c8-48a4-9fd0-5fce4dadda17:1031,mic,feature,mic,4:a5c86bc8-e1c8-48a4-9fd0-5fce4dadda17:3849,中介軟體,tool,中介軟體,42,10,20
pair_00167,in,6,,4:a5c86bc8-e1c8-48a4-9fd0-5fce4dadda17:1341,感測能力,feature,感測能力,4:a5c86bc8-e1c8-48a4-9fd0-5fce4dadda17:3018,權限管理,function,權限管理,42,10,20
pair_00168,in,6,,4:a5c86bc8-e1c8-48a4-9fd0-5fce4dadda17:125,定期更新作業系統,technique,定期更新作業系統,4:a5c86bc8-e1c8-48a4-9fd0-5fce4dadda17:4043,數位簽章技術,technique,數位簽章技術,42,10,20
pair_00169,in,6,,4:a5c86bc8-e1c8-48a4-9fd0-5fce4dadda17:160,owasp,securityTeam,owasp,4:a5c86bc8-e1c8-48a4-9fd0-5fce4dadda17:230,owasp iot top 10,policy,owaspiottop10,42,10,20
pair_00170,in,6,,4:a5c86bc8-e1c8-48a4-9fd0-5fce4dadda17:1342,物聯網安全威脅,attack,物聯網安全威脅,4:a5c86bc8-e1c8-48a4-9fd0-5fce4dadda17:3072,應用程式伺服器,system,應用程式伺服器,42,10,20
pair_00171,in,6,,4:a5c86bc8-e1c8-48a4-9fd0-5fce4dadda17:217,快速復原速度,feature,快速復原速度,4:a5c86bc8-e1c8-48a4-9fd0-5fce4dadda17:3849,中介軟體,tool,中介軟體,42,10,20
pair_00172,in,6,,4:a5c86bc8-e1c8-48a4-9fd0-5fce4dadda17:160,owasp,securityTeam,owasp,4:a5c86bc8-e1c8-48a4-9fd0-5fce4dadda17:3018,權限管理,function,權限管理,42,10,20
pair_00173,in,6,,4:a5c86bc8-e1c8-48a4-9fd0-5fce4dadda17:203,漏洞利用攻擊,attack,漏洞利用攻擊,4:a5c86bc8-e1c8-48a4-9fd0-5fce4dadda17:217,快速復原速度,feature,快速復原速度,42,10,20
pair_00174,in,6,,4:a5c86bc8-e1c8-48a4-9fd0-5fce4dadda17:203,漏洞利用攻擊,attack,漏洞利用攻擊,4:a5c86bc8-e1c8-48a4-9fd0-5fce4dadda17:509,wi-fi ap,system,wifiap,42,10,20
pair_00175,in,6,,4:a5c86bc8-e1c8-48a4-9fd0-5fce4dadda17:448,高強度密碼,feature,高強度密碼,4:a5c86bc8-e1c8-48a4-9fd0-5fce4dadda17:3927,code signing,technique,codesigning,42,10,20
pair_00176,in,6,,4:a5c86bc8-e1c8-48a4-9fd0-5fce4dadda17:2928,應用程式部署設定檔,data,應用程式部署設定檔,4:a5c86bc8-e1c8-48a4-9fd0-5fce4dadda17:3849,中介軟體,tool,中介軟體,42,10,20
pair_00177,in,6,,4:a5c86bc8-e1c8-48a4-9fd0-5fce4dadda17:506,印表機,system,印表機,4:a5c86bc8-e1c8-48a4-9fd0-5fce4dadda17:516,定期檢視帳號權限,technique,定期檢視帳號權限,42,10,20
pair_00178,in,6,,4:a5c86bc8-e1c8-48a4-9fd0-5fce4dadda17:217,快速復原速度,feature,快速復原速度,4:a5c86bc8-e1c8-48a4-9fd0-5fce4dadda17:448,高強度密碼,feature,高強度密碼,42,10,20
pair_00179,in,6,,4:a5c86bc8-e1c8-48a4-9fd0-5fce4dadda17:3154,5g 網路,system,5g網路,4:a5c86bc8-e1c8-48a4-9fd0-5fce4dadda17:3458,超低延遲,feature,超低延遲,42,10,20
pair_00180,in,6,,4:a5c86bc8-e1c8-48a4-9fd0-5fce4dadda17:3018,權限管理,function,權限管理,4:a5c86bc8-e1c8-48a4-9fd0-5fce4dadda17:3209,低功耗藍牙,feature,低功耗藍牙,42,10,20
pair_00181,cross,6,12,4:a5c86bc8-e1c8-48a4-9fd0-5fce4dadda17:1341,感測能力,feature,感測能力,4:a5c86bc8-e1c8-48a4-9fd0-5fce4dadda17:3713,組織的目標與規範,policy,組織的目標與規範,42,10,20
pair_00182,cross,6,37,4:a5c86bc8-e1c8-48a4-9fd0-5fce4dadda17:508,補摺機,system,補摺機,4:a5c86bc8-e1c8-48a4-9fd0-5fce4dadda17:4261,違反法律的風險,risk,違反法律的風險,42,10,20
pair_00183,cross,6,4,4:a5c86bc8-e1c8-48a4-9fd0-5fce4dadda17:1031,mic,feature,mic,4:a5c86bc8-e1c8-48a4-9fd0-5fce4dadda17:641,暴動,attack,暴動,42,10,20
pair_00184,cross,6,24,4:a5c86bc8-e1c8-48a4-9fd0-5fce4dadda17:3209,低功耗藍牙,feature,低功耗藍牙,4:a5c86bc8-e1c8-48a4-9fd0-5fce4dadda17:3133,rc4,tool,rc4,42,10,20
pair_00185,cross,6,4,4:a5c86bc8-e1c8-48a4-9fd0-5fce4dadda17:3478,大連結,feature,大連結,4:a5c86bc8-e1c8-48a4-9fd0-5fce4dadda17:705,防盜措施,feature,防盜措施,42,10,20
pair_00186,cross,6,12,4:a5c86bc8-e1c8-48a4-9fd0-5fce4dadda17:230,owasp iot top 10,policy,owaspiottop10,4:a5c86bc8-e1c8-48a4-9fd0-5fce4dadda17:351,必要知道原則,policy,必要知道原則,42,10,20
pair_00187,cross,6,7,4:a5c86bc8-e1c8-48a4-9fd0-5fce4dadda17:231,物聯網常見的十項安全性問題,vulnerability,物聯網常見的十項安全性問題,4:a5c86bc8-e1c8-48a4-9fd0-5fce4dadda17:3739,金鑰物件,data,金鑰物件,42,10,20
pair_00188,cross,6,9,4:a5c86bc8-e1c8-48a4-9fd0-5fce4dadda17:3072,應用程式伺服器,system,應用程式伺服器,4:a5c86bc8-e1c8-48a4-9fd0-5fce4dadda17:2647,公開金鑰加密系統,technique,公開金鑰加密系統,42,10,20
pair_00189,cross,6,5,4:a5c86bc8-e1c8-48a4-9fd0-5fce4dadda17:230,owasp iot top 10,policy,owaspiottop10,4:a5c86bc8-e1c8-48a4-9fd0-5fce4dadda17:2878,分析風險,function,分析風險,42,10,20
pair_00190,cross,6,39,4:a5c86bc8-e1c8-48a4-9fd0-5fce4dadda17:230,owasp iot top 10,policy,owaspiottop10,4:a5c86bc8-e1c8-48a4-9fd0-5fce4dadda17:1023,分享密鑰認證,technique,分享密鑰認證,42,10,20
pair_00191,cross,6,23,4:a5c86bc8-e1c8-48a4-9fd0-5fce4dadda17:3849,中介軟體,tool,中介軟體,4:a5c86bc8-e1c8-48a4-9fd0-5fce4dadda17:4086,aes 加密演算法,technique,aes加密演算法,42,10,20
pair_00192,cross,6,66,4:a5c86bc8-e1c8-48a4-9fd0-5fce4dadda17:1342,物聯網安全威脅,attack,物聯網安全威脅,4:a5c86bc8-e1c8-48a4-9fd0-5fce4dadda17:4048,未授權進入,risk,未授權進入,42,10,20
pair_00193,cross,6,4,4:a5c86bc8-e1c8-48a4-9fd0-5fce4dadda17:160,owasp,securityTeam,owasp,4:a5c86bc8-e1c8-48a4-9fd0-5fce4dadda17:912,人事單位,securityTeam,人事單位,42,10,20
pair_00194,cross,6,24,4:a5c86bc8-e1c8-48a4-9fd0-5fce4dadda17:1031,mic,feature,mic,4:a5c86bc8-e1c8-48a4-9fd0-5fce4dadda17:3133,rc4,tool,rc4,42,10,20
pair_00195,cross,6,8,4:a5c86bc8-e1c8-48a4-9fd0-5fce4dadda17:1349,預設密碼,vulnerability,預設密碼,4:a5c86bc8-e1c8-48a4-9fd0-5fce4dadda17:549,更新,function,更新,42,10,20
pair_00196,cross,6,33,4:a5c86bc8-e1c8-48a4-9fd0-5fce4dadda17:507,最小權限,feature,最小權限,4:a5c86bc8-e1c8-48a4-9fd0-5fce4dadda17:1280,路由封包,data,路由封包,42,10,20
pair_00197,cross,6,12,4:a5c86bc8-e1c8-48a4-9fd0-5fce4dadda17:509,wi-fi ap,system,wifiap,4:a5c86bc8-e1c8-48a4-9fd0-5fce4dadda17:2994,背景查核,policy,背景查核,42,10,20
pair_00198,cross,6,17,4:a5c86bc8-e1c8-48a4-9fd0-5fce4dadda17:506,印表機,system,印表機,4:a5c86bc8-e1c8-48a4-9fd0-5fce4dadda17:3930,未經授權的修改,attack,未經授權的修改,42,10,20
pair_00199,cross,6,23,4:a5c86bc8-e1c8-48a4-9fd0-5fce4dadda17:3916,物聯網閘道器,tool,物聯網閘道器,4:a5c86bc8-e1c8-48a4-9fd0-5fce4dadda17:1798,客戶資料,data,客戶資料,42,10,20
pair_00200,cross,6,28,4:a5c86bc8-e1c8-48a4-9fd0-5fce4dadda17:3478,大連結,feature,大連結,4:a5c86bc8-e1c8-48a4-9fd0-5fce4dadda17:3409,通信設備,tool,通信設備,42,10,20
pair_00201,in,7,,4:a5c86bc8-e1c8-48a4-9fd0-5fce4dadda17:1254,金鑰 (key),data,金鑰,4:a5c86bc8-e1c8-48a4-9fd0-5fce4dadda17:2522,破解、盜用帳號,attack,破解盜用帳號,42,10,20
pair_00202,in,7,,4:a5c86bc8-e1c8-48a4-9fd0-5fce4dadda17:1404,破壞,function,破壞,4:a5c86bc8-e1c8-48a4-9fd0-5fce4dadda17:3734,獲得存取權限階段,attack,獲得存取權限階段,42,10,20
pair_00203,in,7,,4:a5c86bc8-e1c8-48a4-9fd0-5fce4dadda17:3244,垃圾郵件篩選器,tool,垃圾郵件篩選器,4:a5c86bc8-e1c8-48a4-9fd0-5fce4dadda17:3627,base64,feature,base64,42,10,20
pair_00204,in,7,,4:a5c86bc8-e1c8-48a4-9fd0-5fce4dadda17:2522,破解、盜用帳號,attack,破解盜用帳號,4:a5c86bc8-e1c8-48a4-9fd0-5fce4dadda17:3621,使用者名稱,feature,使用者名稱,42,10,20
pair_00205,in,7,,4:a5c86bc8-e1c8-48a4-9fd0-5fce4dadda17:3212,電子郵件,app,電子郵件,4:a5c86bc8-e1c8-48a4-9fd0-5fce4dadda17:3627,base64,feature,base64,42,10,20
pair_00206,in,7,,4:a5c86bc8-e1c8-48a4-9fd0-5fce4dadda17:3451,感染,function,感染,4:a5c86bc8-e1c8-48a4-9fd0-5fce4dadda17:3624,郵件伺服器名稱,feature,郵件伺服器名稱,42,10,20
pair_00207,in,7,,4:a5c86bc8-e1c8-48a4-9fd0-5fce4dadda17:126,2fa 認證,technique,2fa認證,4:a5c86bc8-e1c8-48a4-9fd0-5fce4dadda17:3212,電子郵件,app,電子郵件,42,10,20
pair_00208,in,7,,4:a5c86bc8-e1c8-48a4-9fd0-5fce4dadda17:3739,金鑰物件,data,金鑰物件,4:a5c86bc8-e1c8-48a4-9fd0-5fce4dadda17:4253,syslog 日誌傳輸協議,system,syslog日誌傳輸協議,42,10,20
pair_00209,in,7,,4:a5c86bc8-e1c8-48a4-9fd0-5fce4dadda17:245,第二型錯誤率,feature,第二型錯誤率,4:a5c86bc8-e1c8-48a4-9fd0-5fce4dadda17:4253,syslog 日誌傳輸協議,system,syslog日誌傳輸協議,42,10,20
pair_00210,in,7,,4:a5c86bc8-e1c8-48a4-9fd0-5fce4dadda17:1173,通訊攔截,attack,通訊攔截,4:a5c86bc8-e1c8-48a4-9fd0-5fce4dadda17:3621,使用者名稱,feature,使用者名稱,42,10,20
pair_00211,in,7,,4:a5c86bc8-e1c8-48a4-9fd0-5fce4dadda17:3665,攻擊字串攻擊,attack,攻擊字串攻擊,4:a5c86bc8-e1c8-48a4-9fd0-5fce4dadda17:4253,syslog 日誌傳輸協議,system,syslog日誌傳輸協議,42,10,20
pair_00212,in,7,,4:a5c86bc8-e1c8-48a4-9fd0-5fce4dadda17:245,第二型錯誤率,feature,第二型錯誤率,4:a5c86bc8-e1c8-48a4-9fd0-5fce4dadda17:3212,電子郵件,app,電子郵件,42,10,20
pair_00213,in,7,,4:a5c86bc8-e1c8-48a4-9fd0-5fce4dadda17:442,使用者操作,technique,使用者操作,4:a5c86bc8-e1c8-48a4-9fd0-5fce4dadda17:3633,電腦病毒,tool,電腦病毒,42,10,20
pair_00214,in,7,,4:a5c86bc8-e1c8-48a4-9fd0-5fce4dadda17:3451,感染,function,感染,4:a5c86bc8-e1c8-48a4-9fd0-5fce4dadda17:3630,mime,feature,mime,42,10,20
pair_00215,in,7,,4:a5c86bc8-e1c8-48a4-9fd0-5fce4dadda17:2583,堆疊溢位,attack,堆疊溢位,4:a5c86bc8-e1c8-48a4-9fd0-5fce4dadda17:3217,垃圾郵件,attack,垃圾郵件,42,10,20
pair_00216,in,7,,4:a5c86bc8-e1c8-48a4-9fd0-5fce4dadda17:442,使用者操作,technique,使用者操作,4:a5c86bc8-e1c8-48a4-9fd0-5fce4dadda17:3624,郵件伺服器名稱,feature,郵件伺服器名稱,42,10,20
pair_00217,in,7,,4:a5c86bc8-e1c8-48a4-9fd0-5fce4dadda17:758,加鹽雜湊法,technique,加鹽雜湊法,4:a5c86bc8-e1c8-48a4-9fd0-5fce4dadda17:3542,生物辨識,tool,生物辨識,42,10,20
pair_00218,in,7,,4:a5c86bc8-e1c8-48a4-9fd0-5fce4dadda17:3244,垃圾郵件篩選器,tool,垃圾郵件篩選器,4:a5c86bc8-e1c8-48a4-9fd0-5fce4dadda17:3634,二進位格式資料,data,二進位格式資料,42,10,20
pair_00219,in,7,,4:a5c86bc8-e1c8-48a4-9fd0-5fce4dadda17:3637,郵件資料,data,郵件資料,4:a5c86bc8-e1c8-48a4-9fd0-5fce4dadda17:4253,syslog 日誌傳輸協議,system,syslog日誌傳輸協議,42,10,20
pair_00220,in,7,,4:a5c86bc8-e1c8-48a4-9fd0-5fce4dadda17:758,加鹽雜湊法,technique,加鹽雜湊法,4:a5c86bc8-e1c8-48a4-9fd0-5fce4dadda17:3718,滲透階段,attack,滲透階段,42,10,20
pair_00221,cross,7,14,4:a5c86bc8-e1c8-48a4-9fd0-5fce4dadda17:3216,郵件本文,feature,郵件本文,4:a5c86bc8-e1c8-48a4-9fd0-5fce4dadda17:211,環境指標組,feature,環境指標組,42,10,20
pair_00222,cross,7,23,4:a5c86bc8-e1c8-48a4-9fd0-5fce4dadda17:3627,base64,feature,base64,4:a5c86bc8-e1c8-48a4-9fd0-5fce4dadda17:2676,中間人攻擊,attack,中間人攻擊,42,10,20
pair_00223,cross,7,11,4:a5c86bc8-e1c8-48a4-9fd0-5fce4dadda17:432,潛伏,function,潛伏,4:a5c86bc8-e1c8-48a4-9fd0-5fce4dadda17:3931,風險轉移,policy,風險轉移,42,10,20
pair_00224,cross,7,18,4:a5c86bc8-e1c8-48a4-9fd0-5fce4dadda17:2494,ssl安全交易協定,feature,ssl安全交易協定,4:a5c86bc8-e1c8-48a4-9fd0-5fce4dadda17:4052,資訊資產盤點與異動檢核,function,資訊資產盤點與異動檢核,42,10,20
pair_00225,cross,7,16,4:a5c86bc8-e1c8-48a4-9fd0-5fce4dadda17:3221,詐騙郵件,attack,詐騙郵件,4:a5c86bc8-e1c8-48a4-9fd0-5fce4dadda17:4105,路由器,tool,路由器,42,10,20
pair_00226,cross,7,19,4:a5c86bc8-e1c8-48a4-9fd0-5fce4dadda17:2670,插槽,feature,插槽,4:a5c86bc8-e1c8-48a4-9fd0-5fce4dadda17:3650,特權帳號權限,feature,特權帳號權限,42,10,20
pair_00227,cross,7,6,4:a5c86bc8-e1c8-48a4-9fd0-5fce4dadda17:3624,郵件伺服器名稱,feature,郵件伺服器名稱,4:a5c86bc8-e1c8-48a4-9fd0-5fce4dadda17:3962,安全功能,function,安全功能,42,10,20
pair_00228,cross,7,18,4:a5c86bc8-e1c8-48a4-9fd0-5fce4dadda17:2610,憑證,data,憑證,4:a5c86bc8-e1c8-48a4-9fd0-5fce4dadda17:3963,saas,system,saas,42,10,20
pair_00229,cross,7,16,4:a5c86bc8-e1c8-48a4-9fd0-5fce4dadda17:2492,憑證機構,tool,憑證機構,4:a5c86bc8-e1c8-48a4-9fd0-5fce4dadda17:4324,dns,app,dns,42,10,20
pair_00230,cross,7,10,4:a5c86bc8-e1c8-48a4-9fd0-5fce4dadda17:3665,攻擊字串攻擊,attack,攻擊字串攻擊,4:a5c86bc8-e1c8-48a4-9fd0-5fce4dadda17:4098,raid 10,tool,raid10,42,10,20
pair_00231,cross,7,21,4:a5c86bc8-e1c8-48a4-9fd0-5fce4dadda17:3633,電腦病毒,tool,電腦病毒,4:a5c86bc8-e1c8-48a4-9fd0-5fce4dadda17:3854,公有雲,system,公有雲,42,10,20
pair_00232,cross,7,24,4:a5c86bc8-e1c8-48a4-9fd0-5fce4dadda17:3212,電子郵件,app,電子郵件,4:a5c86bc8-e1c8-48a4-9fd0-5fce4dadda17:1093,簡易模式,feature,簡易模式,42,10,20
pair_00233,cross,7,23,4:a5c86bc8-e1c8-48a4-9fd0-5fce4dadda17:1206,cryptoki,system,cryptoki,4:a5c86bc8-e1c8-48a4-9fd0-5fce4dadda17:2696,過濾 sql 指令,technique,過濾sql指令,42,10,20
pair_00234,cross,7,29,4:a5c86bc8-e1c8-48a4-9fd0-5fce4dadda17:4311,通訊隱私,policy,通訊隱私,4:a5c86bc8-e1c8-48a4-9fd0-5fce4dadda17:836,攻擊者電腦,attacker,攻擊者電腦,42,10,20
pair_00235,cross,7,32,4:a5c86bc8-e1c8-48a4-9fd0-5fce4dadda17:79,token,tool,token,4:a5c86bc8-e1c8-48a4-9fd0-5fce4dadda17:4111,dump 密碼 hash,technique,dump密碼hash,42,10,20
pair_00236,cross,7,10,4:a5c86bc8-e1c8-48a4-9fd0-5fce4dadda17:442,使用者操作,technique,使用者操作,4:a5c86bc8-e1c8-48a4-9fd0-5fce4dadda17:1118,iso/iec 9798-2,policy,isoiec97982,42,10,20
pair_00237,cross,7,46,4:a5c86bc8-e1c8-48a4-9fd0-5fce4dadda17:3542,生物辨識,tool,生物辨識,4:a5c86bc8-e1c8-48a4-9fd0-5fce4dadda17:987,內部稽核執行,feature,內部稽核執行,42,10,20
pair_00238,cross,7,14,4:a5c86bc8-e1c8-48a4-9fd0-5fce4dadda17:1404,破壞,function,破壞,4:a5c86bc8-e1c8-48a4-9fd0-5fce4dadda17:2581,電腦系統,system,電腦系統,42,10,20
pair_00239,cross,7,28,4:a5c86bc8-e1c8-48a4-9fd0-5fce4dadda17:3734,獲得存取權限階段,attack,獲得存取權限階段,4:a5c86bc8-e1c8-48a4-9fd0-5fce4dadda17:3393,雙向相互認證,function,雙向相互認證,42,10,20
pair_00240,cross,7,14,4:a5c86bc8-e1c8-48a4-9fd0-5fce4dadda17:3284,散播,function,散播,4:a5c86bc8-e1c8-48a4-9fd0-5fce4dadda17:1314,檢查加密功能,technique,檢查加密功能,42,10,20
pair_00241,in,8,,4:a5c86bc8-e1c8-48a4-9fd0-5fce4dadda17:2702,備援機制,tool,備援機制,4:a5c86bc8-e1c8-48a4-9fd0-5fce4dadda17:3920,金鑰竊取攻擊,attack,金鑰竊取攻擊,42,10,20
pair_00242,in,8,,4:a5c86bc8-e1c8-48a4-9fd0-5fce4dadda17:2188,硬體安全模組 (hsm),system,硬體安全模組,4:a5c86bc8-e1c8-48a4-9fd0-5fce4dadda17:3025,系統風險,risk,系統風險,42,10,20
pair_00243,in,8,,4:a5c86bc8-e1c8-48a4-9fd0-5fce4dadda17:549,更新,function,更新,4:a5c86bc8-e1c8-48a4-9fd0-5fce4dadda17:948,系統資源,system,系統資源,42,10,20
pair_00244,in,8,,4:a5c86bc8-e1c8-48a4-9fd0-5fce4dadda17:2703,集中式存取控制,system,集中式存取控制,4:a5c86bc8-e1c8-48a4-9fd0-5fce4dadda17:2930,服務等級合約 (sla),policy,服務等級合約,42,10,20
pair_00245,in,8,,4:a5c86bc8-e1c8-48a4-9fd0-5fce4dadda17:1296,定期更改密碼,policy,定期更改密碼,4:a5c86bc8-e1c8-48a4-9fd0-5fce4dadda17:4030,加密資料,data,加密資料,42,10,20
pair_00246,in,8,,4:a5c86bc8-e1c8-48a4-9fd0-5fce4dadda17:462,資訊系統分級與資安防護基準作業規定,policy,資訊系統分級與資安防護基準作業規定,4:a5c86bc8-e1c8-48a4-9fd0-5fce4dadda17:1523,目錄遊走(directory traversal),attack,目錄遊走,42,10,20
pair_00247,in,8,,4:a5c86bc8-e1c8-48a4-9fd0-5fce4dadda17:504,儲存媒體銷毀,technique,儲存媒體銷毀,4:a5c86bc8-e1c8-48a4-9fd0-5fce4dadda17:2188,硬體安全模組 (hsm),system,硬體安全模組,42,10,20
pair_00248,in,8,,4:a5c86bc8-e1c8-48a4-9fd0-5fce4dadda17:578,安全性漏洞,risk,安全性漏洞,4:a5c86bc8-e1c8-48a4-9fd0-5fce4dadda17:4030,加密資料,data,加密資料,42,10,20
pair_00249,in,8,,4:a5c86bc8-e1c8-48a4-9fd0-5fce4dadda17:1313,mirai 物聯網惡意軟體,tool,mirai物聯網惡意軟體,4:a5c86bc8-e1c8-48a4-9fd0-5fce4dadda17:3025,系統風險,risk,系統風險,42,10,20
pair_00250,in,8,,4:a5c86bc8-e1c8-48a4-9fd0-5fce4dadda17:1313,mirai 物聯網惡意軟體,tool,mirai物聯網惡意軟體,4:a5c86bc8-e1c8-48a4-9fd0-5fce4dadda17:3920,金鑰竊取攻擊,attack,金鑰竊取攻擊,42,10,20
pair_00251,in,8,,4:a5c86bc8-e1c8-48a4-9fd0-5fce4dadda17:504,儲存媒體銷毀,technique,儲存媒體銷毀,4:a5c86bc8-e1c8-48a4-9fd0-5fce4dadda17:1820,密碼攻擊,attack,密碼攻擊,42,10,20
pair_00252,in,8,,4:a5c86bc8-e1c8-48a4-9fd0-5fce4dadda17:948,系統資源,system,系統資源,4:a5c86bc8-e1c8-48a4-9fd0-5fce4dadda17:1708,密碼庫 (cryptographic vault),system,密碼庫,42,10,20
pair_00253,in,8,,4:a5c86bc8-e1c8-48a4-9fd0-5fce4dadda17:520,安裝最新版本原則,policy,安裝最新版本原則,4:a5c86bc8-e1c8-48a4-9fd0-5fce4dadda17:2525,私密金鑰,tool,私密金鑰,42,10,20
pair_00254,in,8,,4:a5c86bc8-e1c8-48a4-9fd0-5fce4dadda17:1654,環境隔離政策,policy,環境隔離政策,4:a5c86bc8-e1c8-48a4-9fd0-5fce4dadda17:2487,安全管理政策,policy,安全管理政策,42,10,20
pair_00255,in,8,,4:a5c86bc8-e1c8-48a4-9fd0-5fce4dadda17:1313,mirai 物聯網惡意軟體,tool,mirai物聯網惡意軟體,4:a5c86bc8-e1c8-48a4-9fd0-5fce4dadda17:1654,環境隔離政策,policy,環境隔離政策,42,10,20
pair_00256,in,8,,4:a5c86bc8-e1c8-48a4-9fd0-5fce4dadda17:462,資訊系統分級與資安防護基準作業規定,policy,資訊系統分級與資安防護基準作業規定,4:a5c86bc8-e1c8-48a4-9fd0-5fce4dadda17:1313,mirai 物聯網惡意軟體,tool,mirai物聯網惡意軟體,42,10,20
pair_00257,in,8,,4:a5c86bc8-e1c8-48a4-9fd0-5fce4dadda17:304,密碼複雜度要求,policy,密碼複雜度要求,4:a5c86bc8-e1c8-48a4-9fd0-5fce4dadda17:2525,私密金鑰,tool,私密金鑰,42,10,20
pair_00258,in,8,,4:a5c86bc8-e1c8-48a4-9fd0-5fce4dadda17:462,資訊系統分級與資安防護基準作業規定,policy,資訊系統分級與資安防護基準作業規定,4:a5c86bc8-e1c8-48a4-9fd0-5fce4dadda17:2575,管理者,securityTeam,管理者,42,10,20
pair_00259,in,8,,4:a5c86bc8-e1c8-48a4-9fd0-5fce4dadda17:1654,環境隔離政策,policy,環境隔離政策,4:a5c86bc8-e1c8-48a4-9fd0-5fce4dadda17:3920,金鑰竊取攻擊,attack,金鑰竊取攻擊,42,10,20
pair_00260,in,8,,4:a5c86bc8-e1c8-48a4-9fd0-5fce4dadda17:827,資訊安全監控維運中心,securityTeam,資訊安全監控維運中心,4:a5c86bc8-e1c8-48a4-9fd0-5fce4dadda17:948,系統資源,system,系統資源,42,10,20
pair_00261,cross,8,14,4:a5c86bc8-e1c8-48a4-9fd0-5fce4dadda17:549,更新,function,更新,4:a5c86bc8-e1c8-48a4-9fd0-5fce4dadda17:2042,審查存取權限,technique,審查存取權限,42,10,20
pair_00262,cross,8,4,4:a5c86bc8-e1c8-48a4-9fd0-5fce4dadda17:9,限制錯誤次數,policy,限制錯誤次數,4:a5c86bc8-e1c8-48a4-9fd0-5fce4dadda17:3020,帳號管理,function,帳號管理,42,10,20
pair_00263,cross,8,15,4:a5c86bc8-e1c8-48a4-9fd0-5fce4dadda17:387,資通安全辦公室,securityTeam,資通安全辦公室,4:a5c86bc8-e1c8-48a4-9fd0-5fce4dadda17:686,密碼電子貨幣,tool,密碼電子貨幣,42,10,20
pair_00264,cross,8,15,4:a5c86bc8-e1c8-48a4-9fd0-5fce4dadda17:2704,單一故障點,vulnerability,單一故障點,4:a5c86bc8-e1c8-48a4-9fd0-5fce4dadda17:1265,金鑰管理文件,data,金鑰管理文件,42,10,20
pair_00265,cross,8,16,4:a5c86bc8-e1c8-48a4-9fd0-5fce4dadda17:2704,單一故障點,vulnerability,單一故障點,4:a5c86bc8-e1c8-48a4-9fd0-5fce4dadda17:1318,缺乏傳輸加密保護,vulnerability,缺乏傳輸加密保護,42,10,20
pair_00266,cross,8,14,4:a5c86bc8-e1c8-48a4-9fd0-5fce4dadda17:2799,傳輸過程的加密/保護,technique,傳輸過程的加密保護,4:a5c86bc8-e1c8-48a4-9fd0-5fce4dadda17:729,玻璃窗,system,玻璃窗,42,10,20
pair_00267,cross,8,30,4:a5c86bc8-e1c8-48a4-9fd0-5fce4dadda17:304,密碼複雜度要求,policy,密碼複雜度要求,4:a5c86bc8-e1c8-48a4-9fd0-5fce4dadda17:933,分析軟體的受攻擊層面,technique,分析軟體的受攻擊層面,42,10,20
pair_00268,cross,8,61,4:a5c86bc8-e1c8-48a4-9fd0-5fce4dadda17:948,系統資源,system,系統資源,4:a5c86bc8-e1c8-48a4-9fd0-5fce4dadda17:2654,dsa,feature,dsa,42,10,20
pair_00269,cross,8,15,4:a5c86bc8-e1c8-48a4-9fd0-5fce4dadda17:304,密碼複雜度要求,policy,密碼複雜度要求,4:a5c86bc8-e1c8-48a4-9fd0-5fce4dadda17:4095,增量備份 (incremental backup),technique,增量備份,42,10,20
pair_00270,cross,8,27,4:a5c86bc8-e1c8-48a4-9fd0-5fce4dadda17:2704,單一故障點,vulnerability,單一故障點,4:a5c86bc8-e1c8-48a4-9fd0-5fce4dadda17:373,獨立存放日誌,technique,獨立存放日誌,42,10,20
pair_00271,cross,8,25,4:a5c86bc8-e1c8-48a4-9fd0-5fce4dadda17:387,資通安全辦公室,securityTeam,資通安全辦公室,4:a5c86bc8-e1c8-48a4-9fd0-5fce4dadda17:473,去中心化,feature,去中心化,42,10,20
pair_00272,cross,8,18,4:a5c86bc8-e1c8-48a4-9fd0-5fce4dadda17:2703,集中式存取控制,system,集中式存取控制,4:a5c86bc8-e1c8-48a4-9fd0-5fce4dadda17:2078,事件紀錄檔,system,事件紀錄檔,42,10,20
pair_00273,cross,8,21,4:a5c86bc8-e1c8-48a4-9fd0-5fce4dadda17:2930,服務等級合約 (sla),policy,服務等級合約,4:a5c86bc8-e1c8-48a4-9fd0-5fce4dadda17:4188,自動登出,feature,自動登出,42,10,20
pair_00274,cross,8,24,4:a5c86bc8-e1c8-48a4-9fd0-5fce4dadda17:2487,安全管理政策,policy,安全管理政策,4:a5c86bc8-e1c8-48a4-9fd0-5fce4dadda17:3049,存取控制軟體,tool,存取控制軟體,42,10,20
pair_00275,cross,8,46,4:a5c86bc8-e1c8-48a4-9fd0-5fce4dadda17:827,資訊安全監控維運中心,securityTeam,資訊安全監控維運中心,4:a5c86bc8-e1c8-48a4-9fd0-5fce4dadda17:987,內部稽核執行,feature,內部稽核執行,42,10,20
pair_00276,cross,8,9,4:a5c86bc8-e1c8-48a4-9fd0-5fce4dadda17:948,系統資源,system,系統資源,4:a5c86bc8-e1c8-48a4-9fd0-5fce4dadda17:4133,傳送方,user,傳送方,42,10,20
pair_00277,cross,8,6,4:a5c86bc8-e1c8-48a4-9fd0-5fce4dadda17:1313,mirai 物聯網惡意軟體,tool,mirai物聯網惡意軟體,4:a5c86bc8-e1c8-48a4-9fd0-5fce4dadda17:448,高強度密碼,feature,高強度密碼,42,10,20
pair_00278,cross,8,41,4:a5c86bc8-e1c8-48a4-9fd0-5fce4dadda17:2092,密碼猜測,technique,密碼猜測,4:a5c86bc8-e1c8-48a4-9fd0-5fce4dadda17:3664,無人看守設備,system,無人看守設備,42,10,20
pair_00279,cross,8,24,4:a5c86bc8-e1c8-48a4-9fd0-5fce4dadda17:948,系統資源,system,系統資源,4:a5c86bc8-e1c8-48a4-9fd0-5fce4dadda17:4068,使用者身分識別,function,使用者身分識別,42,10,20
pair_00280,cross,8,17,4:a5c86bc8-e1c8-48a4-9fd0-5fce4dadda17:1820,密碼攻擊,attack,密碼攻擊,4:a5c86bc8-e1c8-48a4-9fd0-5fce4dadda17:208,資訊鴻溝,risk,資訊鴻溝,42,10,20
pair_00281,in,9,,4:a5c86bc8-e1c8-48a4-9fd0-5fce4dadda17:807,xor 運算,feature,xor運算,4:a5c86bc8-e1c8-48a4-9fd0-5fce4dadda17:2646,mix columns,function,mixcolumns,42,10,20
pair_00282,in,9,,4:a5c86bc8-e1c8-48a4-9fd0-5fce4dadda17:806,回合數,feature,回合數,4:a5c86bc8-e1c8-48a4-9fd0-5fce4dadda17:2531,凱薩加密法,technique,凱薩加密法,42,10,20
pair_00283,in,9,,4:a5c86bc8-e1c8-48a4-9fd0-5fce4dadda17:764,凱撒密碼,tool,凱撒密碼,4:a5c86bc8-e1c8-48a4-9fd0-5fce4dadda17:815,檔案系統,system,檔案系統,42,10,20
pair_00284,in,9,,4:a5c86bc8-e1c8-48a4-9fd0-5fce4dadda17:1229,屬性加密 (abe),tool,屬性加密,4:a5c86bc8-e1c8-48a4-9fd0-5fce4dadda17:2650,公開金鑰,feature,公開金鑰,42,10,20
pair_00285,in,9,,4:a5c86bc8-e1c8-48a4-9fd0-5fce4dadda17:14,事前共有,tool,事前共有,4:a5c86bc8-e1c8-48a4-9fd0-5fce4dadda17:750,bob,user,bob,42,10,20
pair_00286,in,9,,4:a5c86bc8-e1c8-48a4-9fd0-5fce4dadda17:600,des,tool,des,4:a5c86bc8-e1c8-48a4-9fd0-5fce4dadda17:2535,數位憑證,tool,數位憑證,42,10,20
pair_00287,in,9,,4:a5c86bc8-e1c8-48a4-9fd0-5fce4dadda17:428,簽章,function,簽章,4:a5c86bc8-e1c8-48a4-9fd0-5fce4dadda17:4027,遠端智慧型插座,system,遠端智慧型插座,42,10,20
pair_00288,in,9,,4:a5c86bc8-e1c8-48a4-9fd0-5fce4dadda17:815,檔案系統,system,檔案系統,4:a5c86bc8-e1c8-48a4-9fd0-5fce4dadda17:2532,柵欄加密演算法,technique,柵欄加密演算法,42,10,20
pair_00289,in,9,,4:a5c86bc8-e1c8-48a4-9fd0-5fce4dadda17:759,enigma,tool,enigma,4:a5c86bc8-e1c8-48a4-9fd0-5fce4dadda17:761,通訊通道,system,通訊通道,42,10,20
pair_00290,in,9,,4:a5c86bc8-e1c8-48a4-9fd0-5fce4dadda17:941,非對稱式加密,function,非對稱式加密,4:a5c86bc8-e1c8-48a4-9fd0-5fce4dadda17:2379,加密措施,tool,加密措施,42,10,20
pair_00291,in,9,,4:a5c86bc8-e1c8-48a4-9fd0-5fce4dadda17:3362,對稱式加密,tool,對稱式加密,4:a5c86bc8-e1c8-48a4-9fd0-5fce4dadda17:4131,dvd 光碟,system,dvd光碟,42,10,20
pair_00292,in,9,,4:a5c86bc8-e1c8-48a4-9fd0-5fce4dadda17:648,有毒氣體,attack,有毒氣體,4:a5c86bc8-e1c8-48a4-9fd0-5fce4dadda17:2533,aes,tool,aes,42,10,20
pair_00293,in,9,,4:a5c86bc8-e1c8-48a4-9fd0-5fce4dadda17:803,16 回合運算,feature,16回合運算,4:a5c86bc8-e1c8-48a4-9fd0-5fce4dadda17:2647,公開金鑰加密系統,technique,公開金鑰加密系統,42,10,20
pair_00294,in,9,,4:a5c86bc8-e1c8-48a4-9fd0-5fce4dadda17:750,bob,user,bob,4:a5c86bc8-e1c8-48a4-9fd0-5fce4dadda17:815,檔案系統,system,檔案系統,42,10,20
pair_00295,in,9,,4:a5c86bc8-e1c8-48a4-9fd0-5fce4dadda17:1575,區塊大小,feature,區塊大小,4:a5c86bc8-e1c8-48a4-9fd0-5fce4dadda17:2379,加密措施,tool,加密措施,42,10,20
pair_00296,in,9,,4:a5c86bc8-e1c8-48a4-9fd0-5fce4dadda17:352,kerberos,tool,kerberos,4:a5c86bc8-e1c8-48a4-9fd0-5fce4dadda17:802,64 bits 金鑰長度,feature,64bits金鑰長度,42,10,20
pair_00297,in,9,,4:a5c86bc8-e1c8-48a4-9fd0-5fce4dadda17:352,kerberos,tool,kerberos,4:a5c86bc8-e1c8-48a4-9fd0-5fce4dadda17:2642,對稱加密,technique,對稱加密,42,10,20
pair_00298,in,9,,4:a5c86bc8-e1c8-48a4-9fd0-5fce4dadda17:2534,rsa,technique,rsa,4:a5c86bc8-e1c8-48a4-9fd0-5fce4dadda17:4338,加密系統,system,加密系統,42,10,20
pair_00299,in,9,,4:a5c86bc8-e1c8-48a4-9fd0-5fce4dadda17:2529,重排,technique,重排,4:a5c86bc8-e1c8-48a4-9fd0-5fce4dadda17:2532,柵欄加密演算法,technique,柵欄加密演算法,42,10,20
pair_00300,in,9,,4:a5c86bc8-e1c8-48a4-9fd0-5fce4dadda17:1199,不同金鑰,feature,不同金鑰,4:a5c86bc8-e1c8-48a4-9fd0-5fce4dadda17:4153,垃圾搜尋,attack,垃圾搜尋,42,10,20
pair_00301,cross,9,5,4:a5c86bc8-e1c8-48a4-9fd0-5fce4dadda17:352,kerberos,tool,kerberos,4:a5c86bc8-e1c8-48a4-9fd0-5fce4dadda17:3012,實體設施,tool,實體設施,42,10,20
pair_00302,cross,9,54,4:a5c86bc8-e1c8-48a4-9fd0-5fce4dadda17:1199,不同金鑰,feature,不同金鑰,4:a5c86bc8-e1c8-48a4-9fd0-5fce4dadda17:4120,密碼潑灑,attack,密碼潑灑,42,10,20
pair_00303,cross,9,23,4:a5c86bc8-e1c8-48a4-9fd0-5fce4dadda17:802,64 bits 金鑰長度,feature,64bits金鑰長度,4:a5c86bc8-e1c8-48a4-9fd0-5fce4dadda17:674,檔案傳輸軟體,app,檔案傳輸軟體,42,10,20
pair_00304,cross,9,16,4:a5c86bc8-e1c8-48a4-9fd0-5fce4dadda17:4338,加密系統,system,加密系統,4:a5c86bc8-e1c8-48a4-9fd0-5fce4dadda17:3988,視訊,data,視訊,42,10,20
pair_00305,cross,9,30,4:a5c86bc8-e1c8-48a4-9fd0-5fce4dadda17:648,有毒氣體,attack,有毒氣體,4:a5c86bc8-e1c8-48a4-9fd0-5fce4dadda17:933,分析軟體的受攻擊層面,technique,分析軟體的受攻擊層面,42,10,20
pair_00306,cross,9,18,4:a5c86bc8-e1c8-48a4-9fd0-5fce4dadda17:2675,通訊訊息,data,通訊訊息,4:a5c86bc8-e1c8-48a4-9fd0-5fce4dadda17:247,事件影響性,data,事件影響性,42,10,20
pair_00307,cross,9,16,4:a5c86bc8-e1c8-48a4-9fd0-5fce4dadda17:4314,戴明循環 (deming cycle),technique,戴明循環,4:a5c86bc8-e1c8-48a4-9fd0-5fce4dadda17:1303,大數據技術,technique,大數據技術,42,10,20
pair_00308,cross,9,46,4:a5c86bc8-e1c8-48a4-9fd0-5fce4dadda17:1229,屬性加密 (abe),tool,屬性加密,4:a5c86bc8-e1c8-48a4-9fd0-5fce4dadda17:451,bring your own device,policy,bringyourowndevice,42,10,20
pair_00309,cross,9,14,4:a5c86bc8-e1c8-48a4-9fd0-5fce4dadda17:3379,未經授權的個人,attacker,未經授權的個人,4:a5c86bc8-e1c8-48a4-9fd0-5fce4dadda17:3139,msfconsole,tool,msfconsole,42,10,20
pair_00310,cross,9,33,4:a5c86bc8-e1c8-48a4-9fd0-5fce4dadda17:417,kerberos 伺服器,tool,kerberos伺服器,4:a5c86bc8-e1c8-48a4-9fd0-5fce4dadda17:321,網路界面,feature,網路界面,42,10,20
pair_00311,cross,9,14,4:a5c86bc8-e1c8-48a4-9fd0-5fce4dadda17:2650,公開金鑰,feature,公開金鑰,4:a5c86bc8-e1c8-48a4-9fd0-5fce4dadda17:1876,除錯器,tool,除錯器,42,10,20
pair_00312,cross,9,16,4:a5c86bc8-e1c8-48a4-9fd0-5fce4dadda17:3921,監聽攻擊,attack,監聽攻擊,4:a5c86bc8-e1c8-48a4-9fd0-5fce4dadda17:3892,資料探勘技術,technique,資料探勘技術,42,10,20
pair_00313,cross,9,14,4:a5c86bc8-e1c8-48a4-9fd0-5fce4dadda17:2534,rsa,technique,rsa,4:a5c86bc8-e1c8-48a4-9fd0-5fce4dadda17:934,最終安全性審查,technique,最終安全性審查,42,10,20
pair_00314,cross,9,46,4:a5c86bc8-e1c8-48a4-9fd0-5fce4dadda17:2534,rsa,technique,rsa,4:a5c86bc8-e1c8-48a4-9fd0-5fce4dadda17:3032,技術層面,feature,技術層面,42,10,20
pair_00315,cross,9,19,4:a5c86bc8-e1c8-48a4-9fd0-5fce4dadda17:2645,shift rows,function,shiftrows,4:a5c86bc8-e1c8-48a4-9fd0-5fce4dadda17:977,帳號清理,function,帳號清理,42,10,20
pair_00316,cross,9,11,4:a5c86bc8-e1c8-48a4-9fd0-5fce4dadda17:3105,演算法 a5,tool,演算法a5,4:a5c86bc8-e1c8-48a4-9fd0-5fce4dadda17:408,bot 傀儡程式,attack,bot傀儡程式,42,10,20
pair_00317,cross,9,7,4:a5c86bc8-e1c8-48a4-9fd0-5fce4dadda17:746,加密程式,tool,加密程式,4:a5c86bc8-e1c8-48a4-9fd0-5fce4dadda17:2494,ssl安全交易協定,feature,ssl安全交易協定,42,10,20
pair_00318,cross,9,33,4:a5c86bc8-e1c8-48a4-9fd0-5fce4dadda17:2675,通訊訊息,data,通訊訊息,4:a5c86bc8-e1c8-48a4-9fd0-5fce4dadda17:3947,http,feature,http,42,10,20
pair_00319,cross,9,7,4:a5c86bc8-e1c8-48a4-9fd0-5fce4dadda17:2649,密文,data,密文,4:a5c86bc8-e1c8-48a4-9fd0-5fce4dadda17:3244,垃圾郵件篩選器,tool,垃圾郵件篩選器,42,10,20
pair_00320,cross,9,19,4:a5c86bc8-e1c8-48a4-9fd0-5fce4dadda17:803,16 回合運算,feature,16回合運算,4:a5c86bc8-e1c8-48a4-9fd0-5fce4dadda17:2968,風險管理,policy,風險管理,42,10,20
pair_00321,in,10,,4:a5c86bc8-e1c8-48a4-9fd0-5fce4dadda17:266,ip camera,system,ipcamera,4:a5c86bc8-e1c8-48a4-9fd0-5fce4dadda17:627,rebuild,function,rebuild,42,10,20
pair_00322,in,10,,4:a5c86bc8-e1c8-48a4-9fd0-5fce4dadda17:1693,動態密碼,tool,動態密碼,4:a5c86bc8-e1c8-48a4-9fd0-5fce4dadda17:3782,資安團隊 (企業),securityTeam,資安團隊,42,10,20
pair_00323,in,10,,4:a5c86bc8-e1c8-48a4-9fd0-5fce4dadda17:2925,定期更新與修補,technique,定期更新與修補,4:a5c86bc8-e1c8-48a4-9fd0-5fce4dadda17:3047,資料遺失預防設備,tool,資料遺失預防設備,42,10,20
pair_00324,in,10,,4:a5c86bc8-e1c8-48a4-9fd0-5fce4dadda17:76,定期資產盤點,policy,定期資產盤點,4:a5c86bc8-e1c8-48a4-9fd0-5fce4dadda17:3044,備份軟體,tool,備份軟體,42,10,20
pair_00325,in,10,,4:a5c86bc8-e1c8-48a4-9fd0-5fce4dadda17:3782,資安團隊 (企業),securityTeam,資安團隊,4:a5c86bc8-e1c8-48a4-9fd0-5fce4dadda17:4247,硬碟故障,risk,硬碟故障,42,10,20
pair_00326,in,10,,4:a5c86bc8-e1c8-48a4-9fd0-5fce4dadda17:993,反間諜軟體,tool,反間諜軟體,4:a5c86bc8-e1c8-48a4-9fd0-5fce4dadda17:1693,動態密碼,tool,動態密碼,42,10,20
pair_00327,in,10,,4:a5c86bc8-e1c8-48a4-9fd0-5fce4dadda17:1216,降低其他攻擊方式之設計,technique,降低其他攻擊方式之設計,4:a5c86bc8-e1c8-48a4-9fd0-5fce4dadda17:3169,設備故障,risk,設備故障,42,10,20
pair_00328,in,10,,4:a5c86bc8-e1c8-48a4-9fd0-5fce4dadda17:1693,動態密碼,tool,動態密碼,4:a5c86bc8-e1c8-48a4-9fd0-5fce4dadda17:3156,802.11i,policy,80211i,42,10,20
pair_00329,in,10,,4:a5c86bc8-e1c8-48a4-9fd0-5fce4dadda17:2413,raid,system,raid,4:a5c86bc8-e1c8-48a4-9fd0-5fce4dadda17:2922,內部工程師,user,內部工程師,42,10,20
pair_00330,in,10,,4:a5c86bc8-e1c8-48a4-9fd0-5fce4dadda17:15,資訊安全事故處理程序,policy,資訊安全事故處理程序,4:a5c86bc8-e1c8-48a4-9fd0-5fce4dadda17:4100,raid 5,tool,raid5,42,10,20
pair_00331,in,10,,4:a5c86bc8-e1c8-48a4-9fd0-5fce4dadda17:1118,iso/iec 9798-2,policy,isoiec97982,4:a5c86bc8-e1c8-48a4-9fd0-5fce4dadda17:4216,容錯能力,function,容錯能力,42,10,20
pair_00332,in,10,,4:a5c86bc8-e1c8-48a4-9fd0-5fce4dadda17:2693,伺服器端加密,technique,伺服器端加密,4:a5c86bc8-e1c8-48a4-9fd0-5fce4dadda17:3884,非生產環境,system,非生產環境,42,10,20
pair_00333,in,10,,4:a5c86bc8-e1c8-48a4-9fd0-5fce4dadda17:2413,raid,system,raid,4:a5c86bc8-e1c8-48a4-9fd0-5fce4dadda17:2578,攻擊,attack,攻擊,42,10,20
pair_00334,in,10,,4:a5c86bc8-e1c8-48a4-9fd0-5fce4dadda17:994,反垃圾郵件,tool,反垃圾郵件,4:a5c86bc8-e1c8-48a4-9fd0-5fce4dadda17:3884,非生產環境,system,非生產環境,42,10,20
pair_00335,in,10,,4:a5c86bc8-e1c8-48a4-9fd0-5fce4dadda17:2922,內部工程師,user,內部工程師,4:a5c86bc8-e1c8-48a4-9fd0-5fce4dadda17:4216,容錯能力,function,容錯能力,42,10,20
pair_00336,in,10,,4:a5c86bc8-e1c8-48a4-9fd0-5fce4dadda17:993,反間諜軟體,tool,反間諜軟體,4:a5c86bc8-e1c8-48a4-9fd0-5fce4dadda17:1118,iso/iec 9798-2,policy,isoiec97982,42,10,20
pair_00337,in,10,,4:a5c86bc8-e1c8-48a4-9fd0-5fce4dadda17:1138,關閉自動處理回條功能,technique,關閉自動處理回條功能,4:a5c86bc8-e1c8-48a4-9fd0-5fce4dadda17:1693,動態密碼,tool,動態密碼,42,10,20
pair_00338,in,10,,4:a5c86bc8-e1c8-48a4-9fd0-5fce4dadda17:365,owasp 指南,technique,owasp指南,4:a5c86bc8-e1c8-48a4-9fd0-5fce4dadda17:4098,raid 10,tool,raid10,42,10,20
pair_00339,in,10,,4:a5c86bc8-e1c8-48a4-9fd0-5fce4dadda17:615,預防無用論 (perfect prevention is impossible),policy,預防無用論,4:a5c86bc8-e1c8-48a4-9fd0-5fce4dadda17:2919,安全性軟體開發流程,policy,安全性軟體開發流程,42,10,20
pair_00340,in,10,,4:a5c86bc8-e1c8-48a4-9fd0-5fce4dadda17:266,ip camera,system,ipcamera,4:a5c86bc8-e1c8-48a4-9fd0-5fce4dadda17:2919,安全性軟體開發流程,policy,安全性軟體開發流程,42,10,20
pair_00341,cross,10,14,4:a5c86bc8-e1c8-48a4-9fd0-5fce4dadda17:3047,資料遺失預防設備,tool,資料遺失預防設備,4:a5c86bc8-e1c8-48a4-9fd0-5fce4dadda17:767,檔案管理,feature,檔案管理,42,10,20
pair_00342,cross,10,14,4:a5c86bc8-e1c8-48a4-9fd0-5fce4dadda17:4097,raid 1,tool,raid1,4:a5c86bc8-e1c8-48a4-9fd0-5fce4dadda17:813,行程管理,feature,行程管理,42,10,20
pair_00343,cross,10,11,4:a5c86bc8-e1c8-48a4-9fd0-5fce4dadda17:856,系統安裝修正檔,policy,系統安裝修正檔,4:a5c86bc8-e1c8-48a4-9fd0-5fce4dadda17:408,bot 傀儡程式,attack,bot傀儡程式,42,10,20
pair_00344,cross,10,12,4:a5c86bc8-e1c8-48a4-9fd0-5fce4dadda17:1996,持續防禦流程,technique,持續防禦流程,4:a5c86bc8-e1c8-48a4-9fd0-5fce4dadda17:2976,資產分級,policy,資產分級,42,10,20
pair_00345,cross,10,39,4:a5c86bc8-e1c8-48a4-9fd0-5fce4dadda17:627,rebuild,function,rebuild,4:a5c86bc8-e1c8-48a4-9fd0-5fce4dadda17:3757,電磁檢驗,feature,電磁檢驗,42,10,20
pair_00346,cross,10,9,4:a5c86bc8-e1c8-48a4-9fd0-5fce4dadda17:3004,離職防範措施,technique,離職防範措施,4:a5c86bc8-e1c8-48a4-9fd0-5fce4dadda17:3921,監聽攻擊,attack,監聽攻擊,42,10,20
pair_00347,cross,10,13,4:a5c86bc8-e1c8-48a4-9fd0-5fce4dadda17:3593,rts,feature,rts,4:a5c86bc8-e1c8-48a4-9fd0-5fce4dadda17:329,使用者輸入的資料,data,使用者輸入的資料,42,10,20
pair_00348,cross,10,12,4:a5c86bc8-e1c8-48a4-9fd0-5fce4dadda17:2692,客戶端加密,technique,客戶端加密,4:a5c86bc8-e1c8-48a4-9fd0-5fce4dadda17:726,天然災害,risk,天然災害,42,10,20
pair_00349,cross,10,15,4:a5c86bc8-e1c8-48a4-9fd0-5fce4dadda17:1821,waf,tool,waf,4:a5c86bc8-e1c8-48a4-9fd0-5fce4dadda17:769,目錄,feature,目錄,42,10,20
pair_00350,cross,10,41,4:a5c86bc8-e1c8-48a4-9fd0-5fce4dadda17:4247,硬碟故障,risk,硬碟故障,4:a5c86bc8-e1c8-48a4-9fd0-5fce4dadda17:2183,設備被錯誤使用或竊取,risk,設備被錯誤使用或竊取,42,10,20
pair_00351,cross,10,9,4:a5c86bc8-e1c8-48a4-9fd0-5fce4dadda17:3888,資訊取得探測,attack,資訊取得探測,4:a5c86bc8-e1c8-48a4-9fd0-5fce4dadda17:4241,加密演算法,tool,加密演算法,42,10,20
pair_00352,cross,10,24,4:a5c86bc8-e1c8-48a4-9fd0-5fce4dadda17:4097,raid 1,tool,raid1,4:a5c86bc8-e1c8-48a4-9fd0-5fce4dadda17:893,欄位,feature,欄位,42,10,20
pair_00353,cross,10,41,4:a5c86bc8-e1c8-48a4-9fd0-5fce4dadda17:994,反垃圾郵件,tool,反垃圾郵件,4:a5c86bc8-e1c8-48a4-9fd0-5fce4dadda17:2489,防毒軟體,tool,防毒軟體,42,10,20
pair_00354,cross,10,23,4:a5c86bc8-e1c8-48a4-9fd0-5fce4dadda17:4097,raid 1,tool,raid1,4:a5c86bc8-e1c8-48a4-9fd0-5fce4dadda17:425,實體主機安全機制,system,實體主機安全機制,42,10,20
pair_00355,cross,10,5,4:a5c86bc8-e1c8-48a4-9fd0-5fce4dadda17:2925,定期更新與修補,technique,定期更新與修補,4:a5c86bc8-e1c8-48a4-9fd0-5fce4dadda17:2405,威脅偵測,function,威脅偵測,42,10,20
pair_00356,cross,10,16,4:a5c86bc8-e1c8-48a4-9fd0-5fce4dadda17:76,定期資產盤點,policy,定期資產盤點,4:a5c86bc8-e1c8-48a4-9fd0-5fce4dadda17:875,位元串,data,位元串,42,10,20
pair_00357,cross,10,24,4:a5c86bc8-e1c8-48a4-9fd0-5fce4dadda17:2693,伺服器端加密,technique,伺服器端加密,4:a5c86bc8-e1c8-48a4-9fd0-5fce4dadda17:1070,iv (初始值),feature,iv,42,10,20
pair_00358,cross,10,52,4:a5c86bc8-e1c8-48a4-9fd0-5fce4dadda17:4151,啟用設備的安全功能,technique,啟用設備的安全功能,4:a5c86bc8-e1c8-48a4-9fd0-5fce4dadda17:4147,http 服務,app,http服務,42,10,20
pair_00359,cross,10,16,4:a5c86bc8-e1c8-48a4-9fd0-5fce4dadda17:994,反垃圾郵件,tool,反垃圾郵件,4:a5c86bc8-e1c8-48a4-9fd0-5fce4dadda17:2584,c語言的指標,feature,c語言的指標,42,10,20
pair_00360,cross,10,4,4:a5c86bc8-e1c8-48a4-9fd0-5fce4dadda17:615,預防無用論 (perfect prevention is impossible),policy,預防無用論,4:a5c86bc8-e1c8-48a4-9fd0-5fce4dadda17:117,可攜式媒體,tool,可攜式媒體,42,10,20
pair_00361,in,11,,4:a5c86bc8-e1c8-48a4-9fd0-5fce4dadda17:828,進階持續性威脅,attack,進階持續性威脅,4:a5c86bc8-e1c8-48a4-9fd0-5fce4dadda17:4074,異常活動,attack,異常活動,42,10,20
pair_00362,in,11,,4:a5c86bc8-e1c8-48a4-9fd0-5fce4dadda17:1009,資料備援與回復作業,technique,資料備援與回復作業,4:a5c86bc8-e1c8-48a4-9fd0-5fce4dadda17:1335,發展環境,system,發展環境,42,10,20
pair_00363,in,11,,4:a5c86bc8-e1c8-48a4-9fd0-5fce4dadda17:219,日誌伺服器,system,日誌伺服器,4:a5c86bc8-e1c8-48a4-9fd0-5fce4dadda17:1009,資料備援與回復作業,technique,資料備援與回復作業,42,10,20
pair_00364,in,11,,4:a5c86bc8-e1c8-48a4-9fd0-5fce4dadda17:402,準備,technique,準備,4:a5c86bc8-e1c8-48a4-9fd0-5fce4dadda17:403,識別,technique,識別,42,10,20
pair_00365,in,11,,4:a5c86bc8-e1c8-48a4-9fd0-5fce4dadda17:219,日誌伺服器,system,日誌伺服器,4:a5c86bc8-e1c8-48a4-9fd0-5fce4dadda17:4074,異常活動,attack,異常活動,42,10,20
pair_00366,in,11,,4:a5c86bc8-e1c8-48a4-9fd0-5fce4dadda17:402,準備,technique,準備,4:a5c86bc8-e1c8-48a4-9fd0-5fce4dadda17:405,經驗學習,technique,經驗學習,42,10,20
pair_00367,in,11,,4:a5c86bc8-e1c8-48a4-9fd0-5fce4dadda17:88,相關紀錄,data,相關紀錄,4:a5c86bc8-e1c8-48a4-9fd0-5fce4dadda17:747,移除除錯用的原始程式碼,technique,移除除錯用的原始程式碼,42,10,20
pair_00368,in,11,,4:a5c86bc8-e1c8-48a4-9fd0-5fce4dadda17:158,安裝更新修補程式,technique,安裝更新修補程式,4:a5c86bc8-e1c8-48a4-9fd0-5fce4dadda17:1058,系統無法正常操作,attack,系統無法正常操作,42,10,20
pair_00369,in,11,,4:a5c86bc8-e1c8-48a4-9fd0-5fce4dadda17:283,關閉未使用功能規範,policy,關閉未使用功能規範,4:a5c86bc8-e1c8-48a4-9fd0-5fce4dadda17:4173,商譽,feature,商譽,42,10,20
pair_00370,in,11,,4:a5c86bc8-e1c8-48a4-9fd0-5fce4dadda17:265,帳戶鎖定閾值,feature,帳戶鎖定閾值,4:a5c86bc8-e1c8-48a4-9fd0-5fce4dadda17:2705,駭客攻擊,attack,駭客攻擊,42,10,20
pair_00371,in,11,,4:a5c86bc8-e1c8-48a4-9fd0-5fce4dadda17:403,識別,technique,識別,4:a5c86bc8-e1c8-48a4-9fd0-5fce4dadda17:1393,事件處理,technique,事件處理,42,10,20
pair_00372,in,11,,4:a5c86bc8-e1c8-48a4-9fd0-5fce4dadda17:16,檢討與改進,technique,檢討與改進,4:a5c86bc8-e1c8-48a4-9fd0-5fce4dadda17:963,事件回應,technique,事件回應,42,10,20
pair_00373,in,11,,4:a5c86bc8-e1c8-48a4-9fd0-5fce4dadda17:2705,駭客攻擊,attack,駭客攻擊,4:a5c86bc8-e1c8-48a4-9fd0-5fce4dadda17:2926,關閉不使用的通信埠,technique,關閉不使用的通信埠,42,10,20
pair_00374,in,11,,4:a5c86bc8-e1c8-48a4-9fd0-5fce4dadda17:2705,駭客攻擊,attack,駭客攻擊,4:a5c86bc8-e1c8-48a4-9fd0-5fce4dadda17:4173,商譽,feature,商譽,42,10,20
pair_00375,in,11,,4:a5c86bc8-e1c8-48a4-9fd0-5fce4dadda17:219,日誌伺服器,system,日誌伺服器,4:a5c86bc8-e1c8-48a4-9fd0-5fce4dadda17:265,帳戶鎖定閾值,feature,帳戶鎖定閾值,42,10,20
pair_00376,in,11,,4:a5c86bc8-e1c8-48a4-9fd0-5fce4dadda17:415,電腦病毒樣本,data,電腦病毒樣本,4:a5c86bc8-e1c8-48a4-9fd0-5fce4dadda17:2926,關閉不使用的通信埠,technique,關閉不使用的通信埠,42,10,20
pair_00377,in,11,,4:a5c86bc8-e1c8-48a4-9fd0-5fce4dadda17:1831,關閉或移除不需要使用的服務,technique,關閉或移除不需要使用的服務,4:a5c86bc8-e1c8-48a4-9fd0-5fce4dadda17:2853,資訊安全觀念培訓,technique,資訊安全觀念培訓,42,10,20
pair_00378,in,11,,4:a5c86bc8-e1c8-48a4-9fd0-5fce4dadda17:310,事故報告,function,事故報告,4:a5c86bc8-e1c8-48a4-9fd0-5fce4dadda17:3322,不允許從外部連接到內部 dns udp 53 的規則,policy,不允許從外部連接到內部dnsudp53的規則,42,10,20
pair_00379,in,11,,4:a5c86bc8-e1c8-48a4-9fd0-5fce4dadda17:1393,事件處理,technique,事件處理,4:a5c86bc8-e1c8-48a4-9fd0-5fce4dadda17:3322,不允許從外部連接到內部 dns udp 53 的規則,policy,不允許從外部連接到內部dnsudp53的規則,42,10,20
pair_00380,in,11,,4:a5c86bc8-e1c8-48a4-9fd0-5fce4dadda17:88,相關紀錄,data,相關紀錄,4:a5c86bc8-e1c8-48a4-9fd0-5fce4dadda17:828,進階持續性威脅,attack,進階持續性威脅,42,10,20
pair_00381,cross,11,15,4:a5c86bc8-e1c8-48a4-9fd0-5fce4dadda17:1058,系統無法正常操作,attack,系統無法正常操作,4:a5c86bc8-e1c8-48a4-9fd0-5fce4dadda17:392,密碼上鎖,technique,密碼上鎖,42,10,20
pair_00382,cross,11,28,4:a5c86bc8-e1c8-48a4-9fd0-5fce4dadda17:1300,外部攻擊,attack,外部攻擊,4:a5c86bc8-e1c8-48a4-9fd0-5fce4dadda17:1028,802.11b,system,80211b,42,10,20
pair_00383,cross,11,1,4:a5c86bc8-e1c8-48a4-9fd0-5fce4dadda17:402,準備,technique,準備,4:a5c86bc8-e1c8-48a4-9fd0-5fce4dadda17:4134,密碼儲存與保護,policy,密碼儲存與保護,42,10,20
pair_00384,cross,11,19,4:a5c86bc8-e1c8-48a4-9fd0-5fce4dadda17:1009,資料備援與回復作業,technique,資料備援與回復作業,4:a5c86bc8-e1c8-48a4-9fd0-5fce4dadda17:4272,偵測性控制,technique,偵測性控制,42,10,20
pair_00385,cross,11,71,4:a5c86bc8-e1c8-48a4-9fd0-5fce4dadda17:4173,商譽,feature,商譽,4:a5c86bc8-e1c8-48a4-9fd0-5fce4dadda17:3375,加密金鑰 kc,data,加密金鑰kc,42,10,20
pair_00386,cross,11,26,4:a5c86bc8-e1c8-48a4-9fd0-5fce4dadda17:502,a.12.4.1 事件存錄,policy,a1241事件存錄,4:a5c86bc8-e1c8-48a4-9fd0-5fce4dadda17:3134,資料保密,technique,資料保密,42,10,20
pair_00387,cross,11,71,4:a5c86bc8-e1c8-48a4-9fd0-5fce4dadda17:405,經驗學習,technique,經驗學習,4:a5c86bc8-e1c8-48a4-9fd0-5fce4dadda17:1107,multos卡,app,multos卡,42,10,20
pair_00388,cross,11,15,4:a5c86bc8-e1c8-48a4-9fd0-5fce4dadda17:276,事件回應計畫,policy,事件回應計畫,4:a5c86bc8-e1c8-48a4-9fd0-5fce4dadda17:102,日誌管理方案,tool,日誌管理方案,42,10,20
pair_00389,cross,11,15,4:a5c86bc8-e1c8-48a4-9fd0-5fce4dadda17:657,圍牆,tool,圍牆,4:a5c86bc8-e1c8-48a4-9fd0-5fce4dadda17:3300,webtrust 認證服務,technique,webtrust認證服務,42,10,20
pair_00390,cross,11,71,4:a5c86bc8-e1c8-48a4-9fd0-5fce4dadda17:1658,安全性更新,technique,安全性更新,4:a5c86bc8-e1c8-48a4-9fd0-5fce4dadda17:3966,處理器,feature,處理器,42,10,20
pair_00391,cross,11,12,4:a5c86bc8-e1c8-48a4-9fd0-5fce4dadda17:963,事件回應,technique,事件回應,4:a5c86bc8-e1c8-48a4-9fd0-5fce4dadda17:3361,資安事件緊急應變處置,technique,資安事件緊急應變處置,42,10,20
pair_00392,cross,11,17,4:a5c86bc8-e1c8-48a4-9fd0-5fce4dadda17:403,識別,technique,識別,4:a5c86bc8-e1c8-48a4-9fd0-5fce4dadda17:4123,程式設計師,user,程式設計師,42,10,20
pair_00393,cross,11,9,4:a5c86bc8-e1c8-48a4-9fd0-5fce4dadda17:265,帳戶鎖定閾值,feature,帳戶鎖定閾值,4:a5c86bc8-e1c8-48a4-9fd0-5fce4dadda17:2532,柵欄加密演算法,technique,柵欄加密演算法,42,10,20
pair_00394,cross,11,41,4:a5c86bc8-e1c8-48a4-9fd0-5fce4dadda17:1393,事件處理,technique,事件處理,4:a5c86bc8-e1c8-48a4-9fd0-5fce4dadda17:1223,utm,system,utm,42,10,20
pair_00395,cross,11,12,4:a5c86bc8-e1c8-48a4-9fd0-5fce4dadda17:2853,資訊安全觀念培訓,technique,資訊安全觀念培訓,4:a5c86bc8-e1c8-48a4-9fd0-5fce4dadda17:4065,風險降低,policy,風險降低,42,10,20
pair_00396,cross,11,25,4:a5c86bc8-e1c8-48a4-9fd0-5fce4dadda17:1300,外部攻擊,attack,外部攻擊,4:a5c86bc8-e1c8-48a4-9fd0-5fce4dadda17:671,金流服務,feature,金流服務,42,10,20
pair_00397,cross,11,14,4:a5c86bc8-e1c8-48a4-9fd0-5fce4dadda17:1058,系統無法正常操作,attack,系統無法正常操作,4:a5c86bc8-e1c8-48a4-9fd0-5fce4dadda17:1129,元件,system,元件,42,10,20
pair_00398,cross,11,61,4:a5c86bc8-e1c8-48a4-9fd0-5fce4dadda17:1831,關閉或移除不需要使用的服務,technique,關閉或移除不需要使用的服務,4:a5c86bc8-e1c8-48a4-9fd0-5fce4dadda17:2493,憑證查核,function,憑證查核,42,10,20
pair_00399,cross,11,9,4:a5c86bc8-e1c8-48a4-9fd0-5fce4dadda17:747,移除除錯用的原始程式碼,technique,移除除錯用的原始程式碼,4:a5c86bc8-e1c8-48a4-9fd0-5fce4dadda17:3089,解密演算法,function,解密演算法,42,10,20
pair_00400,cross,11,24,4:a5c86bc8-e1c8-48a4-9fd0-5fce4dadda17:2390,日誌記錄,function,日誌記錄,4:a5c86bc8-e1c8-48a4-9fd0-5fce4dadda17:952,權限設定,data,權限設定,42,10,20
pair_00401,in,12,,4:a5c86bc8-e1c8-48a4-9fd0-5fce4dadda17:793,erp系統,app,erp系統,4:a5c86bc8-e1c8-48a4-9fd0-5fce4dadda17:2606,風險,risk,風險,42,10,20
pair_00402,in,12,,4:a5c86bc8-e1c8-48a4-9fd0-5fce4dadda17:734,營運計畫小組人員,securityTeam,營運計畫小組人員,4:a5c86bc8-e1c8-48a4-9fd0-5fce4dadda17:3084,衝擊,risk,衝擊,42,10,20
pair_00403,in,12,,4:a5c86bc8-e1c8-48a4-9fd0-5fce4dadda17:652,防火保險櫃,tool,防火保險櫃,4:a5c86bc8-e1c8-48a4-9fd0-5fce4dadda17:4189,存取控制政策,policy,存取控制政策,42,10,20
pair_00404,in,12,,4:a5c86bc8-e1c8-48a4-9fd0-5fce4dadda17:228,服務遭到攻擊,risk,服務遭到攻擊,4:a5c86bc8-e1c8-48a4-9fd0-5fce4dadda17:1275,投保機房火險,policy,投保機房火險,42,10,20
pair_00405,in,12,,4:a5c86bc8-e1c8-48a4-9fd0-5fce4dadda17:2945,危機通訊計畫 (ccp),policy,危機通訊計畫,4:a5c86bc8-e1c8-48a4-9fd0-5fce4dadda17:3051,項目風險,risk,項目風險,42,10,20
pair_00406,in,12,,4:a5c86bc8-e1c8-48a4-9fd0-5fce4dadda17:25,標準作業核可及發行流程,policy,標準作業核可及發行流程,4:a5c86bc8-e1c8-48a4-9fd0-5fce4dadda17:513,基層員工,user,基層員工,42,10,20
pair_00407,in,12,,4:a5c86bc8-e1c8-48a4-9fd0-5fce4dadda17:17,資訊處理設施備援規劃,policy,資訊處理設施備援規劃,4:a5c86bc8-e1c8-48a4-9fd0-5fce4dadda17:4065,風險降低,policy,風險降低,42,10,20
pair_00408,in,12,,4:a5c86bc8-e1c8-48a4-9fd0-5fce4dadda17:2497,webtrust 認證,policy,webtrust認證,4:a5c86bc8-e1c8-48a4-9fd0-5fce4dadda17:2502,滅火器材,tool,滅火器材,42,10,20
pair_00409,in,12,,4:a5c86bc8-e1c8-48a4-9fd0-5fce4dadda17:991,中斷時間,risk,中斷時間,4:a5c86bc8-e1c8-48a4-9fd0-5fce4dadda17:2971,問卷調查,technique,問卷調查,42,10,20
pair_00410,in,12,,4:a5c86bc8-e1c8-48a4-9fd0-5fce4dadda17:198,第一級資安事件,attack,第一級資安事件,4:a5c86bc8-e1c8-48a4-9fd0-5fce4dadda17:2618,人員風險,risk,人員風險,42,10,20
pair_00411,in,12,,4:a5c86bc8-e1c8-48a4-9fd0-5fce4dadda17:25,標準作業核可及發行流程,policy,標準作業核可及發行流程,4:a5c86bc8-e1c8-48a4-9fd0-5fce4dadda17:2992,聘僱合約,policy,聘僱合約,42,10,20
pair_00412,in,12,,4:a5c86bc8-e1c8-48a4-9fd0-5fce4dadda17:198,第一級資安事件,attack,第一級資安事件,4:a5c86bc8-e1c8-48a4-9fd0-5fce4dadda17:2030,備援計畫,policy,備援計畫,42,10,20
pair_00413,in,12,,4:a5c86bc8-e1c8-48a4-9fd0-5fce4dadda17:652,防火保險櫃,tool,防火保險櫃,4:a5c86bc8-e1c8-48a4-9fd0-5fce4dadda17:2962,緊急事件,attack,緊急事件,42,10,20
pair_00414,in,12,,4:a5c86bc8-e1c8-48a4-9fd0-5fce4dadda17:514,主管,user,主管,4:a5c86bc8-e1c8-48a4-9fd0-5fce4dadda17:1700,風險規避 (avoidance),policy,風險規避,42,10,20
pair_00415,in,12,,4:a5c86bc8-e1c8-48a4-9fd0-5fce4dadda17:2994,背景查核,policy,背景查核,4:a5c86bc8-e1c8-48a4-9fd0-5fce4dadda17:3566,職務權限,feature,職務權限,42,10,20
pair_00416,in,12,,4:a5c86bc8-e1c8-48a4-9fd0-5fce4dadda17:27,文件管制,policy,文件管制,4:a5c86bc8-e1c8-48a4-9fd0-5fce4dadda17:2940,災害復原計畫 (drp),policy,災害復原計畫,42,10,20
pair_00417,in,12,,4:a5c86bc8-e1c8-48a4-9fd0-5fce4dadda17:1056,作業系統風險,risk,作業系統風險,4:a5c86bc8-e1c8-48a4-9fd0-5fce4dadda17:2996,聘僱政策,policy,聘僱政策,42,10,20
pair_00418,in,12,,4:a5c86bc8-e1c8-48a4-9fd0-5fce4dadda17:513,基層員工,user,基層員工,4:a5c86bc8-e1c8-48a4-9fd0-5fce4dadda17:2945,危機通訊計畫 (ccp),policy,危機通訊計畫,42,10,20
pair_00419,in,12,,4:a5c86bc8-e1c8-48a4-9fd0-5fce4dadda17:2898,風險修改,policy,風險修改,4:a5c86bc8-e1c8-48a4-9fd0-5fce4dadda17:3713,組織的目標與規範,policy,組織的目標與規範,42,10,20
pair_00420,in,12,,4:a5c86bc8-e1c8-48a4-9fd0-5fce4dadda17:2898,風險修改,policy,風險修改,4:a5c86bc8-e1c8-48a4-9fd0-5fce4dadda17:2992,聘僱合約,policy,聘僱合約,42,10,20
pair_00421,cross,12,17,4:a5c86bc8-e1c8-48a4-9fd0-5fce4dadda17:2618,人員風險,risk,人員風險,4:a5c86bc8-e1c8-48a4-9fd0-5fce4dadda17:470,plan,function,plan,42,10,20
pair_00422,cross,12,13,4:a5c86bc8-e1c8-48a4-9fd0-5fce4dadda17:63,系統中斷,risk,系統中斷,4:a5c86bc8-e1c8-48a4-9fd0-5fce4dadda17:889,程式語言弱點,vulnerability,程式語言弱點,42,10,20
pair_00423,cross,12,9,4:a5c86bc8-e1c8-48a4-9fd0-5fce4dadda17:3084,衝擊,risk,衝擊,4:a5c86bc8-e1c8-48a4-9fd0-5fce4dadda17:648,有毒氣體,attack,有毒氣體,42,10,20
pair_00424,cross,12,61,4:a5c86bc8-e1c8-48a4-9fd0-5fce4dadda17:351,必要知道原則,policy,必要知道原則,4:a5c86bc8-e1c8-48a4-9fd0-5fce4dadda17:2516,通訊保障及監察法,policy,通訊保障及監察法,42,10,20
pair_00425,cross,12,7,4:a5c86bc8-e1c8-48a4-9fd0-5fce4dadda17:2938,營運持續計劃,policy,營運持續計劃,4:a5c86bc8-e1c8-48a4-9fd0-5fce4dadda17:3244,垃圾郵件篩選器,tool,垃圾郵件篩選器,42,10,20
pair_00426,cross,12,1,4:a5c86bc8-e1c8-48a4-9fd0-5fce4dadda17:17,資訊處理設施備援規劃,policy,資訊處理設施備援規劃,4:a5c86bc8-e1c8-48a4-9fd0-5fce4dadda17:1864,個人資料保留政策,policy,個人資料保留政策,42,10,20
pair_00427,cross,12,30,4:a5c86bc8-e1c8-48a4-9fd0-5fce4dadda17:290,遵守計畫,policy,遵守計畫,4:a5c86bc8-e1c8-48a4-9fd0-5fce4dadda17:3055,流程改善,function,流程改善,42,10,20
pair_00428,cross,12,15,4:a5c86bc8-e1c8-48a4-9fd0-5fce4dadda17:1514,資安事件,attack,資安事件,4:a5c86bc8-e1c8-48a4-9fd0-5fce4dadda17:268,ceo,user,ceo,42,10,20
pair_00429,cross,12,11,4:a5c86bc8-e1c8-48a4-9fd0-5fce4dadda17:4288,災害應變規範,policy,災害應變規範,4:a5c86bc8-e1c8-48a4-9fd0-5fce4dadda17:4074,異常活動,attack,異常活動,42,10,20
pair_00430,cross,12,2,4:a5c86bc8-e1c8-48a4-9fd0-5fce4dadda17:514,主管,user,主管,4:a5c86bc8-e1c8-48a4-9fd0-5fce4dadda17:1227,隱私保持的資料探勘與分析,technique,隱私保持的資料探勘與分析,42,10,20
pair_00431,cross,12,15,4:a5c86bc8-e1c8-48a4-9fd0-5fce4dadda17:289,控制方法,tool,控制方法,4:a5c86bc8-e1c8-48a4-9fd0-5fce4dadda17:423,客觀,policy,客觀,42,10,20
pair_00432,cross,12,21,4:a5c86bc8-e1c8-48a4-9fd0-5fce4dadda17:351,必要知道原則,policy,必要知道原則,4:a5c86bc8-e1c8-48a4-9fd0-5fce4dadda17:2225,請求製給複製本,policy,請求製給複製本,42,10,20
pair_00433,cross,12,2,4:a5c86bc8-e1c8-48a4-9fd0-5fce4dadda17:2497,webtrust 認證,policy,webtrust認證,4:a5c86bc8-e1c8-48a4-9fd0-5fce4dadda17:4101,個資法,policy,個資法,42,10,20
pair_00434,cross,12,13,4:a5c86bc8-e1c8-48a4-9fd0-5fce4dadda17:710,人員隨意進出,attack,人員隨意進出,4:a5c86bc8-e1c8-48a4-9fd0-5fce4dadda17:3014,身分冒用,risk,身分冒用,42,10,20
pair_00435,cross,12,27,4:a5c86bc8-e1c8-48a4-9fd0-5fce4dadda17:4288,災害應變規範,policy,災害應變規範,4:a5c86bc8-e1c8-48a4-9fd0-5fce4dadda17:996,稽核系統,tool,稽核系統,42,10,20
pair_00436,cross,12,8,4:a5c86bc8-e1c8-48a4-9fd0-5fce4dadda17:2030,備援計畫,policy,備援計畫,4:a5c86bc8-e1c8-48a4-9fd0-5fce4dadda17:3075,服務中斷損失,risk,服務中斷損失,42,10,20
pair_00437,cross,12,39,4:a5c86bc8-e1c8-48a4-9fd0-5fce4dadda17:2713,iso/iec 27002,policy,isoiec27002,4:a5c86bc8-e1c8-48a4-9fd0-5fce4dadda17:588,安全工程,feature,安全工程,42,10,20
pair_00438,cross,12,71,4:a5c86bc8-e1c8-48a4-9fd0-5fce4dadda17:4233,控制受害範圍,technique,控制受害範圍,4:a5c86bc8-e1c8-48a4-9fd0-5fce4dadda17:3163,健保卡,app,健保卡,42,10,20
pair_00439,cross,12,54,4:a5c86bc8-e1c8-48a4-9fd0-5fce4dadda17:198,第一級資安事件,attack,第一級資安事件,4:a5c86bc8-e1c8-48a4-9fd0-5fce4dadda17:1100,emv系統,system,emv系統,42,10,20
pair_00440,cross,12,27,4:a5c86bc8-e1c8-48a4-9fd0-5fce4dadda17:974,淹水風險,risk,淹水風險,4:a5c86bc8-e1c8-48a4-9fd0-5fce4dadda17:4280,遠端連線申請程序,technique,遠端連線申請程序,42,10,20
pair_00441,in,13,,4:a5c86bc8-e1c8-48a4-9fd0-5fce4dadda17:1055,存取控制失效,vulnerability,存取控制失效,4:a5c86bc8-e1c8-48a4-9fd0-5fce4dadda17:2568,網路應用程式,app,網路應用程式,42,10,20
pair_00442,in,13,,4:a5c86bc8-e1c8-48a4-9fd0-5fce4dadda17:844,資料庫管理系統,tool,資料庫管理系統,4:a5c86bc8-e1c8-48a4-9fd0-5fce4dadda17:3677,sql 隱碼攻擊,vulnerability,sql隱碼攻擊,42,10,20
pair_00443,in,13,,4:a5c86bc8-e1c8-48a4-9fd0-5fce4dadda17:647,session 連線,data,session連線,4:a5c86bc8-e1c8-48a4-9fd0-5fce4dadda17:850,asp 網頁,app,asp網頁,42,10,20
pair_00444,in,13,,4:a5c86bc8-e1c8-48a4-9fd0-5fce4dadda17:174,xss 攻擊語法,tool,xss攻擊語法,4:a5c86bc8-e1c8-48a4-9fd0-5fce4dadda17:1770,營業秘密,feature,營業秘密,42,10,20
pair_00445,in,13,,4:a5c86bc8-e1c8-48a4-9fd0-5fce4dadda17:26,惡意程式腳本,tool,惡意程式腳本,4:a5c86bc8-e1c8-48a4-9fd0-5fce4dadda17:1770,營業秘密,feature,營業秘密,42,10,20
pair_00446,in,13,,4:a5c86bc8-e1c8-48a4-9fd0-5fce4dadda17:1990,html.encode,technique,htmlencode,4:a5c86bc8-e1c8-48a4-9fd0-5fce4dadda17:4237,cookie 資訊,data,cookie資訊,42,10,20
pair_00447,in,13,,4:a5c86bc8-e1c8-48a4-9fd0-5fce4dadda17:3007,未做好輸入查驗,vulnerability,未做好輸入查驗,4:a5c86bc8-e1c8-48a4-9fd0-5fce4dadda17:3855,安全的 api,tool,安全的api,42,10,20
pair_00448,in,13,,4:a5c86bc8-e1c8-48a4-9fd0-5fce4dadda17:2590,sql,tool,sql,4:a5c86bc8-e1c8-48a4-9fd0-5fce4dadda17:4125,驗證碼(captcha),tool,驗證碼,42,10,20
pair_00449,in,13,,4:a5c86bc8-e1c8-48a4-9fd0-5fce4dadda17:883,受控電腦,system,受控電腦,4:a5c86bc8-e1c8-48a4-9fd0-5fce4dadda17:4239,網站掛馬,attack,網站掛馬,42,10,20
pair_00450,in,13,,4:a5c86bc8-e1c8-48a4-9fd0-5fce4dadda17:1087,偽造的基地台服務,tool,偽造的基地台服務,4:a5c86bc8-e1c8-48a4-9fd0-5fce4dadda17:4237,cookie 資訊,data,cookie資訊,42,10,20
pair_00451,in,13,,4:a5c86bc8-e1c8-48a4-9fd0-5fce4dadda17:849,absinthe,tool,absinthe,4:a5c86bc8-e1c8-48a4-9fd0-5fce4dadda17:1272,web service url,data,webserviceurl,42,10,20
pair_00452,in,13,,4:a5c86bc8-e1c8-48a4-9fd0-5fce4dadda17:999,安全專業技能教育訓練,technique,安全專業技能教育訓練,4:a5c86bc8-e1c8-48a4-9fd0-5fce4dadda17:2491,網站,app,網站,42,10,20
pair_00453,in,13,,4:a5c86bc8-e1c8-48a4-9fd0-5fce4dadda17:1990,html.encode,technique,htmlencode,4:a5c86bc8-e1c8-48a4-9fd0-5fce4dadda17:3924,xss 攻擊,attack,xss攻擊,42,10,20
pair_00454,in,13,,4:a5c86bc8-e1c8-48a4-9fd0-5fce4dadda17:849,absinthe,tool,absinthe,4:a5c86bc8-e1c8-48a4-9fd0-5fce4dadda17:1990,html.encode,technique,htmlencode,42,10,20
pair_00455,in,13,,4:a5c86bc8-e1c8-48a4-9fd0-5fce4dadda17:172,標的之資訊,data,標的之資訊,4:a5c86bc8-e1c8-48a4-9fd0-5fce4dadda17:4125,驗證碼(captcha),tool,驗證碼,42,10,20
pair_00456,in,13,,4:a5c86bc8-e1c8-48a4-9fd0-5fce4dadda17:182,錯誤記錄檔,data,錯誤記錄檔,4:a5c86bc8-e1c8-48a4-9fd0-5fce4dadda17:2917,cross-site scripting,attack,crosssitescripting,42,10,20
pair_00457,in,13,,4:a5c86bc8-e1c8-48a4-9fd0-5fce4dadda17:2691,sql injection 隱碼攻擊,attack,sqlinjection隱碼攻擊,4:a5c86bc8-e1c8-48a4-9fd0-5fce4dadda17:4039,xss 攻擊腳本,tool,xss攻擊腳本,42,10,20
pair_00458,in,13,,4:a5c86bc8-e1c8-48a4-9fd0-5fce4dadda17:1077,藍牙安全漏洞,vulnerability,藍牙安全漏洞,4:a5c86bc8-e1c8-48a4-9fd0-5fce4dadda17:2568,網路應用程式,app,網路應用程式,42,10,20
pair_00459,in,13,,4:a5c86bc8-e1c8-48a4-9fd0-5fce4dadda17:1061,關鍵系統,system,關鍵系統,4:a5c86bc8-e1c8-48a4-9fd0-5fce4dadda17:2568,網路應用程式,app,網路應用程式,42,10,20
pair_00460,in,13,,4:a5c86bc8-e1c8-48a4-9fd0-5fce4dadda17:1077,藍牙安全漏洞,vulnerability,藍牙安全漏洞,4:a5c86bc8-e1c8-48a4-9fd0-5fce4dadda17:4229,' or '1'='1,tool,or1=1,42,10,20
pair_00461,cross,13,66,4:a5c86bc8-e1c8-48a4-9fd0-5fce4dadda17:3497,學生,user,學生,4:a5c86bc8-e1c8-48a4-9fd0-5fce4dadda17:2504,安全小組,securityTeam,安全小組,42,10,20
pair_00462,cross,13,19,4:a5c86bc8-e1c8-48a4-9fd0-5fce4dadda17:2699,認證資訊洩漏,vulnerability,認證資訊洩漏,4:a5c86bc8-e1c8-48a4-9fd0-5fce4dadda17:1017,集權管理模式,technique,集權管理模式,42,10,20
pair_00463,cross,13,28,4:a5c86bc8-e1c8-48a4-9fd0-5fce4dadda17:3009,sql server,system,sqlserver,4:a5c86bc8-e1c8-48a4-9fd0-5fce4dadda17:1083,多媒體子系統,system,多媒體子系統,42,10,20
pair_00464,cross,13,12,4:a5c86bc8-e1c8-48a4-9fd0-5fce4dadda17:2430,參數化語句,technique,參數化語句,4:a5c86bc8-e1c8-48a4-9fd0-5fce4dadda17:289,控制方法,tool,控制方法,42,10,20
pair_00465,cross,13,2,4:a5c86bc8-e1c8-48a4-9fd0-5fce4dadda17:647,session 連線,data,session連線,4:a5c86bc8-e1c8-48a4-9fd0-5fce4dadda17:2479,詐騙者,attacker,詐騙者,42,10,20
pair_00466,cross,13,19,4:a5c86bc8-e1c8-48a4-9fd0-5fce4dadda17:331,script 指令,tool,script指令,4:a5c86bc8-e1c8-48a4-9fd0-5fce4dadda17:48,資產清冊建立,function,資產清冊建立,42,10,20
pair_00467,cross,13,37,4:a5c86bc8-e1c8-48a4-9fd0-5fce4dadda17:889,程式語言弱點,vulnerability,程式語言弱點,4:a5c86bc8-e1c8-48a4-9fd0-5fce4dadda17:709,資通安全管理法,policy,資通安全管理法,42,10,20
pair_00468,cross,13,33,4:a5c86bc8-e1c8-48a4-9fd0-5fce4dadda17:2605,重要資訊,data,重要資訊,4:a5c86bc8-e1c8-48a4-9fd0-5fce4dadda17:938,安全的軟體部署與維運,technique,安全的軟體部署與維運,42,10,20
pair_00469,cross,13,14,4:a5c86bc8-e1c8-48a4-9fd0-5fce4dadda17:1181,xss 缺陷,vulnerability,xss缺陷,4:a5c86bc8-e1c8-48a4-9fd0-5fce4dadda17:2559,排除問題,technique,排除問題,42,10,20
pair_00470,cross,13,24,4:a5c86bc8-e1c8-48a4-9fd0-5fce4dadda17:366,資訊分類,function,資訊分類,4:a5c86bc8-e1c8-48a4-9fd0-5fce4dadda17:1146,資料保密演算法,feature,資料保密演算法,42,10,20
pair_00471,cross,13,71,4:a5c86bc8-e1c8-48a4-9fd0-5fce4dadda17:3697,線上購物平台,app,線上購物平台,4:a5c86bc8-e1c8-48a4-9fd0-5fce4dadda17:1168,交通運輸系統,system,交通運輸系統,42,10,20
pair_00472,cross,13,61,4:a5c86bc8-e1c8-48a4-9fd0-5fce4dadda17:661,b2c,system,b2c,4:a5c86bc8-e1c8-48a4-9fd0-5fce4dadda17:2540,後量子密碼學,technique,後量子密碼學,42,10,20
pair_00473,cross,13,12,4:a5c86bc8-e1c8-48a4-9fd0-5fce4dadda17:206,受害者系統,system,受害者系統,4:a5c86bc8-e1c8-48a4-9fd0-5fce4dadda17:4288,災害應變規範,policy,災害應變規範,42,10,20
pair_00474,cross,13,2,4:a5c86bc8-e1c8-48a4-9fd0-5fce4dadda17:843,存取介面,app,存取介面,4:a5c86bc8-e1c8-48a4-9fd0-5fce4dadda17:3972,隱私權,principle,隱私權,42,10,20
pair_00475,cross,13,12,4:a5c86bc8-e1c8-48a4-9fd0-5fce4dadda17:4239,網站掛馬,attack,網站掛馬,4:a5c86bc8-e1c8-48a4-9fd0-5fce4dadda17:726,天然災害,risk,天然災害,42,10,20
pair_00476,cross,13,10,4:a5c86bc8-e1c8-48a4-9fd0-5fce4dadda17:1871,提權 (privilege escalation),technique,提權,4:a5c86bc8-e1c8-48a4-9fd0-5fce4dadda17:4247,硬碟故障,risk,硬碟故障,42,10,20
pair_00477,cross,13,12,4:a5c86bc8-e1c8-48a4-9fd0-5fce4dadda17:136,參數化查詢,technique,參數化查詢,4:a5c86bc8-e1c8-48a4-9fd0-5fce4dadda17:4288,災害應變規範,policy,災害應變規範,42,10,20
pair_00478,cross,13,21,4:a5c86bc8-e1c8-48a4-9fd0-5fce4dadda17:1380,智慧財產權,system,智慧財產權,4:a5c86bc8-e1c8-48a4-9fd0-5fce4dadda17:743,電腦使用者,user,電腦使用者,42,10,20
pair_00479,cross,13,9,4:a5c86bc8-e1c8-48a4-9fd0-5fce4dadda17:4351,資料庫層,feature,資料庫層,4:a5c86bc8-e1c8-48a4-9fd0-5fce4dadda17:352,kerberos,tool,kerberos,42,10,20
pair_00480,cross,13,52,4:a5c86bc8-e1c8-48a4-9fd0-5fce4dadda17:205,應用程式的資料庫,app,應用程式的資料庫,4:a5c86bc8-e1c8-48a4-9fd0-5fce4dadda17:3775,字典攻擊法,attack,字典攻擊法,42,10,20
pair_00481,in,14,,4:a5c86bc8-e1c8-48a4-9fd0-5fce4dadda17:178,弱點計分,function,弱點計分,4:a5c86bc8-e1c8-48a4-9fd0-5fce4dadda17:281,藍芽,feature,藍芽,42,10,20
pair_00482,in,14,,4:a5c86bc8-e1c8-48a4-9fd0-5fce4dadda17:281,藍芽,feature,藍芽,4:a5c86bc8-e1c8-48a4-9fd0-5fce4dadda17:3424,vsftpd2.3.4,app,vsftpd234,42,10,20
pair_00483,in,14,,4:a5c86bc8-e1c8-48a4-9fd0-5fce4dadda17:626,實體安全流程,policy,實體安全流程,4:a5c86bc8-e1c8-48a4-9fd0-5fce4dadda17:1988,備份存放在 web 目錄,vulnerability,備份存放在web目錄,42,10,20
pair_00484,in,14,,4:a5c86bc8-e1c8-48a4-9fd0-5fce4dadda17:935,新的攻擊方式,attack,新的攻擊方式,4:a5c86bc8-e1c8-48a4-9fd0-5fce4dadda17:2560,程式,app,程式,42,10,20
pair_00485,in,14,,4:a5c86bc8-e1c8-48a4-9fd0-5fce4dadda17:135,雙黑箱滲透測試,technique,雙黑箱滲透測試,4:a5c86bc8-e1c8-48a4-9fd0-5fce4dadda17:2189,軟體,app,軟體,42,10,20
pair_00486,in,14,,4:a5c86bc8-e1c8-48a4-9fd0-5fce4dadda17:767,檔案管理,feature,檔案管理,4:a5c86bc8-e1c8-48a4-9fd0-5fce4dadda17:2895,軟體測試,technique,軟體測試,42,10,20
pair_00487,in,14,,4:a5c86bc8-e1c8-48a4-9fd0-5fce4dadda17:1209,java 虛擬機器 (jvm),system,java虛擬機器,4:a5c86bc8-e1c8-48a4-9fd0-5fce4dadda17:2915,回應,function,回應,42,10,20
pair_00488,in,14,,4:a5c86bc8-e1c8-48a4-9fd0-5fce4dadda17:546,使用已知弱點元件,vulnerability,使用已知弱點元件,4:a5c86bc8-e1c8-48a4-9fd0-5fce4dadda17:935,新的攻擊方式,attack,新的攻擊方式,42,10,20
pair_00489,in,14,,4:a5c86bc8-e1c8-48a4-9fd0-5fce4dadda17:688,洗錢,risk,洗錢,4:a5c86bc8-e1c8-48a4-9fd0-5fce4dadda17:2915,回應,function,回應,42,10,20
pair_00490,in,14,,4:a5c86bc8-e1c8-48a4-9fd0-5fce4dadda17:263,common criteria,technique,commoncriteria,4:a5c86bc8-e1c8-48a4-9fd0-5fce4dadda17:757,非法者,attacker,非法者,42,10,20
pair_00491,in,14,,4:a5c86bc8-e1c8-48a4-9fd0-5fce4dadda17:2946,原始碼,data,原始碼,4:a5c86bc8-e1c8-48a4-9fd0-5fce4dadda17:3578,電磁輻射,feature,電磁輻射,42,10,20
pair_00492,in,14,,4:a5c86bc8-e1c8-48a4-9fd0-5fce4dadda17:980,系統上線時間,feature,系統上線時間,4:a5c86bc8-e1c8-48a4-9fd0-5fce4dadda17:2488,滲透測試系統,tool,滲透測試系統,42,10,20
pair_00493,in,14,,4:a5c86bc8-e1c8-48a4-9fd0-5fce4dadda17:2189,軟體,app,軟體,4:a5c86bc8-e1c8-48a4-9fd0-5fce4dadda17:2546,dos,system,dos,42,10,20
pair_00494,in,14,,4:a5c86bc8-e1c8-48a4-9fd0-5fce4dadda17:1126,解析 xml 語法的應用程式,app,解析xml語法的應用程式,4:a5c86bc8-e1c8-48a4-9fd0-5fce4dadda17:2893,驗收測試,technique,驗收測試,42,10,20
pair_00495,in,14,,4:a5c86bc8-e1c8-48a4-9fd0-5fce4dadda17:1988,備份存放在 web 目錄,vulnerability,備份存放在web目錄,4:a5c86bc8-e1c8-48a4-9fd0-5fce4dadda17:3368,邏輯瑕疵,vulnerability,邏輯瑕疵,42,10,20
pair_00496,in,14,,4:a5c86bc8-e1c8-48a4-9fd0-5fce4dadda17:263,common criteria,technique,commoncriteria,4:a5c86bc8-e1c8-48a4-9fd0-5fce4dadda17:782,方法發明,system,方法發明,42,10,20
pair_00497,in,14,,4:a5c86bc8-e1c8-48a4-9fd0-5fce4dadda17:633,查核清單,tool,查核清單,4:a5c86bc8-e1c8-48a4-9fd0-5fce4dadda17:934,最終安全性審查,technique,最終安全性審查,42,10,20
pair_00498,in,14,,4:a5c86bc8-e1c8-48a4-9fd0-5fce4dadda17:455,零時差攻擊,attack,零時差攻擊,4:a5c86bc8-e1c8-48a4-9fd0-5fce4dadda17:934,最終安全性審查,technique,最終安全性審查,42,10,20
pair_00499,in,14,,4:a5c86bc8-e1c8-48a4-9fd0-5fce4dadda17:135,雙黑箱滲透測試,technique,雙黑箱滲透測試,4:a5c86bc8-e1c8-48a4-9fd0-5fce4dadda17:547,不安全的反序列化漏洞,vulnerability,不安全的反序列化漏洞,42,10,20
pair_00500,in,14,,4:a5c86bc8-e1c8-48a4-9fd0-5fce4dadda17:812,記憶體管理,feature,記憶體管理,4:a5c86bc8-e1c8-48a4-9fd0-5fce4dadda17:3069,程式漏洞,vulnerability,程式漏洞,42,10,20
pair_00501,cross,14,66,4:a5c86bc8-e1c8-48a4-9fd0-5fce4dadda17:2946,原始碼,data,原始碼,4:a5c86bc8-e1c8-48a4-9fd0-5fce4dadda17:3935,實體控制措施,policy,實體控制措施,42,10,20
pair_00502,cross,14,16,4:a5c86bc8-e1c8-48a4-9fd0-5fce4dadda17:122,sslv2,feature,sslv2,4:a5c86bc8-e1c8-48a4-9fd0-5fce4dadda17:3988,視訊,data,視訊,42,10,20
pair_00503,cross,14,41,4:a5c86bc8-e1c8-48a4-9fd0-5fce4dadda17:199,port 掃描,function,port掃描,4:a5c86bc8-e1c8-48a4-9fd0-5fce4dadda17:3933,刷卡系統,tool,刷卡系統,42,10,20
pair_00504,cross,14,18,4:a5c86bc8-e1c8-48a4-9fd0-5fce4dadda17:822,無保護措施,feature,無保護措施,4:a5c86bc8-e1c8-48a4-9fd0-5fce4dadda17:47,資產的使用狀況,data,資產的使用狀況,42,10,20
pair_00505,cross,14,4,4:a5c86bc8-e1c8-48a4-9fd0-5fce4dadda17:3001,非志願離職人員,user,非志願離職人員,4:a5c86bc8-e1c8-48a4-9fd0-5fce4dadda17:2565,traceroute,tool,traceroute,42,10,20
pair_00506,cross,14,33,4:a5c86bc8-e1c8-48a4-9fd0-5fce4dadda17:2887,單元測試,technique,單元測試,4:a5c86bc8-e1c8-48a4-9fd0-5fce4dadda17:4078,全球網站,app,全球網站,42,10,20
pair_00507,cross,14,39,4:a5c86bc8-e1c8-48a4-9fd0-5fce4dadda17:682,死亡偵測攻擊(ping-of-death attack),attack,死亡偵測攻擊,4:a5c86bc8-e1c8-48a4-9fd0-5fce4dadda17:3332,多晶片內嵌式模組,tool,多晶片內嵌式模組,42,10,20
pair_00508,cross,14,8,4:a5c86bc8-e1c8-48a4-9fd0-5fce4dadda17:2914,靜態分析程式碼掃描工具,tool,靜態分析程式碼掃描工具,4:a5c86bc8-e1c8-48a4-9fd0-5fce4dadda17:2487,安全管理政策,policy,安全管理政策,42,10,20
pair_00509,cross,14,28,4:a5c86bc8-e1c8-48a4-9fd0-5fce4dadda17:281,藍芽,feature,藍芽,4:a5c86bc8-e1c8-48a4-9fd0-5fce4dadda17:3130,ims (ip多媒體子系統),system,ims,42,10,20
pair_00510,cross,14,13,4:a5c86bc8-e1c8-48a4-9fd0-5fce4dadda17:822,無保護措施,feature,無保護措施,4:a5c86bc8-e1c8-48a4-9fd0-5fce4dadda17:3172,消費者,user,消費者,42,10,20
pair_00511,cross,14,24,4:a5c86bc8-e1c8-48a4-9fd0-5fce4dadda17:729,玻璃窗,system,玻璃窗,4:a5c86bc8-e1c8-48a4-9fd0-5fce4dadda17:4277,多因子認證,function,多因子認證,42,10,20
pair_00512,cross,14,23,4:a5c86bc8-e1c8-48a4-9fd0-5fce4dadda17:455,零時差攻擊,attack,零時差攻擊,4:a5c86bc8-e1c8-48a4-9fd0-5fce4dadda17:110,社交工程攻擊,attack,社交工程攻擊,42,10,20
pair_00513,cross,14,19,4:a5c86bc8-e1c8-48a4-9fd0-5fce4dadda17:325,dirty cow,vulnerability,dirtycow,4:a5c86bc8-e1c8-48a4-9fd0-5fce4dadda17:184,系統除錯,function,系統除錯,42,10,20
pair_00514,cross,14,15,4:a5c86bc8-e1c8-48a4-9fd0-5fce4dadda17:1547,滲透測試,technique,滲透測試,4:a5c86bc8-e1c8-48a4-9fd0-5fce4dadda17:964,排程,function,排程,42,10,20
pair_00515,cross,14,39,4:a5c86bc8-e1c8-48a4-9fd0-5fce4dadda17:4162,權限定期審核,technique,權限定期審核,4:a5c86bc8-e1c8-48a4-9fd0-5fce4dadda17:3754,操作環境,feature,操作環境,42,10,20
pair_00516,cross,14,8,4:a5c86bc8-e1c8-48a4-9fd0-5fce4dadda17:2554,作業系統,system,作業系統,4:a5c86bc8-e1c8-48a4-9fd0-5fce4dadda17:2702,備援機制,tool,備援機制,42,10,20
pair_00517,cross,14,6,4:a5c86bc8-e1c8-48a4-9fd0-5fce4dadda17:2423,人員,user,人員,4:a5c86bc8-e1c8-48a4-9fd0-5fce4dadda17:345,資源受限,feature,資源受限,42,10,20
pair_00518,cross,14,16,4:a5c86bc8-e1c8-48a4-9fd0-5fce4dadda17:2560,程式,app,程式,4:a5c86bc8-e1c8-48a4-9fd0-5fce4dadda17:3988,視訊,data,視訊,42,10,20
pair_00519,cross,14,16,4:a5c86bc8-e1c8-48a4-9fd0-5fce4dadda17:199,port 掃描,function,port掃描,4:a5c86bc8-e1c8-48a4-9fd0-5fce4dadda17:3941,網路層,feature,網路層,42,10,20
pair_00520,cross,14,17,4:a5c86bc8-e1c8-48a4-9fd0-5fce4dadda17:2581,電腦系統,system,電腦系統,4:a5c86bc8-e1c8-48a4-9fd0-5fce4dadda17:4093,sha-256,tool,sha256,42,10,20
pair_00521,in,15,,4:a5c86bc8-e1c8-48a4-9fd0-5fce4dadda17:928,jira,tool,jira,4:a5c86bc8-e1c8-48a4-9fd0-5fce4dadda17:2544,間諜程式,attack,間諜程式,42,10,20
pair_00522,in,15,,4:a5c86bc8-e1c8-48a4-9fd0-5fce4dadda17:392,密碼上鎖,technique,密碼上鎖,4:a5c86bc8-e1c8-48a4-9fd0-5fce4dadda17:1027,竊取通訊內容,attack,竊取通訊內容,42,10,20
pair_00523,in,15,,4:a5c86bc8-e1c8-48a4-9fd0-5fce4dadda17:102,日誌管理方案,tool,日誌管理方案,4:a5c86bc8-e1c8-48a4-9fd0-5fce4dadda17:593,惡意軟體傳播,attack,惡意軟體傳播,42,10,20
pair_00524,in,15,,4:a5c86bc8-e1c8-48a4-9fd0-5fce4dadda17:180,備份位置,technique,備份位置,4:a5c86bc8-e1c8-48a4-9fd0-5fce4dadda17:1050,設施,feature,設施,42,10,20
pair_00525,in,15,,4:a5c86bc8-e1c8-48a4-9fd0-5fce4dadda17:928,jira,tool,jira,4:a5c86bc8-e1c8-48a4-9fd0-5fce4dadda17:4096,完整備份 (full backup),technique,完整備份,42,10,20
pair_00526,in,15,,4:a5c86bc8-e1c8-48a4-9fd0-5fce4dadda17:1050,設施,feature,設施,4:a5c86bc8-e1c8-48a4-9fd0-5fce4dadda17:3224,備份,technique,備份,42,10,20
pair_00527,in,15,,4:a5c86bc8-e1c8-48a4-9fd0-5fce4dadda17:686,密碼電子貨幣,tool,密碼電子貨幣,4:a5c86bc8-e1c8-48a4-9fd0-5fce4dadda17:2551,惡意程式防禦能力,feature,惡意程式防禦能力,42,10,20
pair_00528,in,15,,4:a5c86bc8-e1c8-48a4-9fd0-5fce4dadda17:3974,事件調查資料,data,事件調查資料,4:a5c86bc8-e1c8-48a4-9fd0-5fce4dadda17:4194,完整性檢查,function,完整性檢查,42,10,20
pair_00529,in,15,,4:a5c86bc8-e1c8-48a4-9fd0-5fce4dadda17:96,linux 核心記憶體處理子程序,feature,linux核心記憶體處理子程序,4:a5c86bc8-e1c8-48a4-9fd0-5fce4dadda17:4095,增量備份 (incremental backup),technique,增量備份,42,10,20
pair_00530,in,15,,4:a5c86bc8-e1c8-48a4-9fd0-5fce4dadda17:824,可信賴平台模組,tool,可信賴平台模組,4:a5c86bc8-e1c8-48a4-9fd0-5fce4dadda17:1027,竊取通訊內容,attack,竊取通訊內容,42,10,20
pair_00531,in,15,,4:a5c86bc8-e1c8-48a4-9fd0-5fce4dadda17:810,安全密鑰儲存和提供機制,function,安全密鑰儲存和提供機制,4:a5c86bc8-e1c8-48a4-9fd0-5fce4dadda17:4095,增量備份 (incremental backup),technique,增量備份,42,10,20
pair_00532,in,15,,4:a5c86bc8-e1c8-48a4-9fd0-5fce4dadda17:766,組技術,tool,組技術,4:a5c86bc8-e1c8-48a4-9fd0-5fce4dadda17:774,可信賴電腦基礎 (tcb),system,可信賴電腦基礎,42,10,20
pair_00533,in,15,,4:a5c86bc8-e1c8-48a4-9fd0-5fce4dadda17:149,備份策略,technique,備份策略,4:a5c86bc8-e1c8-48a4-9fd0-5fce4dadda17:901,存取指令,data,存取指令,42,10,20
pair_00534,in,15,,4:a5c86bc8-e1c8-48a4-9fd0-5fce4dadda17:378,選擇性備份 (selective backup),technique,選擇性備份,4:a5c86bc8-e1c8-48a4-9fd0-5fce4dadda17:4095,增量備份 (incremental backup),technique,增量備份,42,10,20
pair_00535,in,15,,4:a5c86bc8-e1c8-48a4-9fd0-5fce4dadda17:3107,資料庫稽核,technique,資料庫稽核,4:a5c86bc8-e1c8-48a4-9fd0-5fce4dadda17:3300,webtrust 認證服務,technique,webtrust認證服務,42,10,20
pair_00536,in,15,,4:a5c86bc8-e1c8-48a4-9fd0-5fce4dadda17:686,密碼電子貨幣,tool,密碼電子貨幣,4:a5c86bc8-e1c8-48a4-9fd0-5fce4dadda17:2550,可信賴電腦系統,system,可信賴電腦系統,42,10,20
pair_00537,in,15,,4:a5c86bc8-e1c8-48a4-9fd0-5fce4dadda17:3289,稽核人員,securityTeam,稽核人員,4:a5c86bc8-e1c8-48a4-9fd0-5fce4dadda17:3300,webtrust 認證服務,technique,webtrust認證服務,42,10,20
pair_00538,in,15,,4:a5c86bc8-e1c8-48a4-9fd0-5fce4dadda17:102,日誌管理方案,tool,日誌管理方案,4:a5c86bc8-e1c8-48a4-9fd0-5fce4dadda17:1027,竊取通訊內容,attack,竊取通訊內容,42,10,20
pair_00539,in,15,,4:a5c86bc8-e1c8-48a4-9fd0-5fce4dadda17:143,特洛伊木馬,attack,特洛伊木馬,4:a5c86bc8-e1c8-48a4-9fd0-5fce4dadda17:421,內部稽核與職業道德規範,policy,內部稽核與職業道德規範,42,10,20
pair_00540,in,15,,4:a5c86bc8-e1c8-48a4-9fd0-5fce4dadda17:144,zero trust security,policy,zerotrustsecurity,4:a5c86bc8-e1c8-48a4-9fd0-5fce4dadda17:3291,稽核程序,technique,稽核程序,42,10,20
pair_00541,cross,15,41,4:a5c86bc8-e1c8-48a4-9fd0-5fce4dadda17:392,密碼上鎖,technique,密碼上鎖,4:a5c86bc8-e1c8-48a4-9fd0-5fce4dadda17:3839,整合式威脅管理,tool,整合式威脅管理,42,10,20
pair_00542,cross,15,24,4:a5c86bc8-e1c8-48a4-9fd0-5fce4dadda17:274,3-2-1 備份原則,policy,321備份原則,4:a5c86bc8-e1c8-48a4-9fd0-5fce4dadda17:4082,tacacs,tool,tacacs,42,10,20
pair_00543,cross,15,23,4:a5c86bc8-e1c8-48a4-9fd0-5fce4dadda17:1050,設施,feature,設施,4:a5c86bc8-e1c8-48a4-9fd0-5fce4dadda17:416,自然人憑證 ic 卡,tool,自然人憑證ic卡,42,10,20
pair_00544,cross,15,9,4:a5c86bc8-e1c8-48a4-9fd0-5fce4dadda17:268,ceo,user,ceo,4:a5c86bc8-e1c8-48a4-9fd0-5fce4dadda17:11,金鑰交換,technique,金鑰交換,42,10,20
pair_00545,cross,15,28,4:a5c86bc8-e1c8-48a4-9fd0-5fce4dadda17:814,iphone,system,iphone,4:a5c86bc8-e1c8-48a4-9fd0-5fce4dadda17:4026,bluetooth,feature,bluetooth,42,10,20
pair_00546,cross,15,41,4:a5c86bc8-e1c8-48a4-9fd0-5fce4dadda17:861,tcg 軟體堆疊核心服務,tool,tcg軟體堆疊核心服務,4:a5c86bc8-e1c8-48a4-9fd0-5fce4dadda17:1284,稽核資料,data,稽核資料,42,10,20
pair_00547,cross,15,10,4:a5c86bc8-e1c8-48a4-9fd0-5fce4dadda17:22,磁帶 (tape),tool,磁帶,4:a5c86bc8-e1c8-48a4-9fd0-5fce4dadda17:266,ip camera,system,ipcamera,42,10,20
pair_00548,cross,15,33,4:a5c86bc8-e1c8-48a4-9fd0-5fce4dadda17:146,資料利用分析,technique,資料利用分析,4:a5c86bc8-e1c8-48a4-9fd0-5fce4dadda17:3801,過濾型防火牆,tool,過濾型防火牆,42,10,20
pair_00549,cross,15,14,4:a5c86bc8-e1c8-48a4-9fd0-5fce4dadda17:391,員工警覺性訓練,technique,員工警覺性訓練,4:a5c86bc8-e1c8-48a4-9fd0-5fce4dadda17:809,資訊安全事件檢討會議,technique,資訊安全事件檢討會議,42,10,20
pair_00550,cross,15,24,4:a5c86bc8-e1c8-48a4-9fd0-5fce4dadda17:421,內部稽核與職業道德規範,policy,內部稽核與職業道德規範,4:a5c86bc8-e1c8-48a4-9fd0-5fce4dadda17:2684,主鍵,feature,主鍵,42,10,20
pair_00551,cross,15,52,4:a5c86bc8-e1c8-48a4-9fd0-5fce4dadda17:814,iphone,system,iphone,4:a5c86bc8-e1c8-48a4-9fd0-5fce4dadda17:557,研發資料,data,研發資料,42,10,20
pair_00552,cross,15,45,4:a5c86bc8-e1c8-48a4-9fd0-5fce4dadda17:3732,aicpa 及 cica 準則,policy,aicpa及cica準則,4:a5c86bc8-e1c8-48a4-9fd0-5fce4dadda17:3399,傳輸資料,data,傳輸資料,42,10,20
pair_00553,cross,15,61,4:a5c86bc8-e1c8-48a4-9fd0-5fce4dadda17:2551,惡意程式防禦能力,feature,惡意程式防禦能力,4:a5c86bc8-e1c8-48a4-9fd0-5fce4dadda17:2516,通訊保障及監察法,policy,通訊保障及監察法,42,10,20
pair_00554,cross,15,14,4:a5c86bc8-e1c8-48a4-9fd0-5fce4dadda17:766,組技術,tool,組技術,4:a5c86bc8-e1c8-48a4-9fd0-5fce4dadda17:20,跨站指令碼漏洞,vulnerability,跨站指令碼漏洞,42,10,20
pair_00555,cross,15,66,4:a5c86bc8-e1c8-48a4-9fd0-5fce4dadda17:146,資料利用分析,technique,資料利用分析,4:a5c86bc8-e1c8-48a4-9fd0-5fce4dadda17:3278,開發與維護人員,securityTeam,開發與維護人員,42,10,20
pair_00556,cross,15,32,4:a5c86bc8-e1c8-48a4-9fd0-5fce4dadda17:98,android 手機,system,android手機,4:a5c86bc8-e1c8-48a4-9fd0-5fce4dadda17:4226,密碼 hash 值,data,密碼hash值,42,10,20
pair_00557,cross,15,5,4:a5c86bc8-e1c8-48a4-9fd0-5fce4dadda17:98,android 手機,system,android手機,4:a5c86bc8-e1c8-48a4-9fd0-5fce4dadda17:4250,外部時間源,system,外部時間源,42,10,20
pair_00558,cross,15,33,4:a5c86bc8-e1c8-48a4-9fd0-5fce4dadda17:3223,病毒郵件,attack,病毒郵件,4:a5c86bc8-e1c8-48a4-9fd0-5fce4dadda17:1572,狀態檢視防火牆,tool,狀態檢視防火牆,42,10,20
pair_00559,cross,15,7,4:a5c86bc8-e1c8-48a4-9fd0-5fce4dadda17:4289,斷網,technique,斷網,4:a5c86bc8-e1c8-48a4-9fd0-5fce4dadda17:3627,base64,feature,base64,42,10,20
pair_00560,cross,15,2,4:a5c86bc8-e1c8-48a4-9fd0-5fce4dadda17:1236,資料來源管理,technique,資料來源管理,4:a5c86bc8-e1c8-48a4-9fd0-5fce4dadda17:2479,詐騙者,attacker,詐騙者,42,10,20
pair_00561,in,16,,4:a5c86bc8-e1c8-48a4-9fd0-5fce4dadda17:257,chrome,app,chrome,4:a5c86bc8-e1c8-48a4-9fd0-5fce4dadda17:4003,通訊技術,feature,通訊技術,42,10,20
pair_00562,in,16,,4:a5c86bc8-e1c8-48a4-9fd0-5fce4dadda17:3793,安全稽核,function,安全稽核,4:a5c86bc8-e1c8-48a4-9fd0-5fce4dadda17:4107,"死亡之 ping (ping of death, pod)",attack,死亡之ping,42,10,20
pair_00563,in,16,,4:a5c86bc8-e1c8-48a4-9fd0-5fce4dadda17:1307,物聯網架構,system,物聯網架構,4:a5c86bc8-e1c8-48a4-9fd0-5fce4dadda17:1336,分散式檔案系統,tool,分散式檔案系統,42,10,20
pair_00564,in,16,,4:a5c86bc8-e1c8-48a4-9fd0-5fce4dadda17:579,vpn 服務供應商,system,vpn服務供應商,4:a5c86bc8-e1c8-48a4-9fd0-5fce4dadda17:1307,物聯網架構,system,物聯網架構,42,10,20
pair_00565,in,16,,4:a5c86bc8-e1c8-48a4-9fd0-5fce4dadda17:2669,tcp 協定,feature,tcp協定,4:a5c86bc8-e1c8-48a4-9fd0-5fce4dadda17:4022,感測資料,data,感測資料,42,10,20
pair_00566,in,16,,4:a5c86bc8-e1c8-48a4-9fd0-5fce4dadda17:525,硬體或韌體元件植入惡意程式碼,attack,硬體或韌體元件植入惡意程式碼,4:a5c86bc8-e1c8-48a4-9fd0-5fce4dadda17:875,位元串,data,位元串,42,10,20
pair_00567,in,16,,4:a5c86bc8-e1c8-48a4-9fd0-5fce4dadda17:2680,未做範圍檢查,vulnerability,未做範圍檢查,4:a5c86bc8-e1c8-48a4-9fd0-5fce4dadda17:3984,volume (資料量),feature,volume,42,10,20
pair_00568,in,16,,4:a5c86bc8-e1c8-48a4-9fd0-5fce4dadda17:1318,缺乏傳輸加密保護,vulnerability,缺乏傳輸加密保護,4:a5c86bc8-e1c8-48a4-9fd0-5fce4dadda17:1336,分散式檔案系統,tool,分散式檔案系統,42,10,20
pair_00569,in,16,,4:a5c86bc8-e1c8-48a4-9fd0-5fce4dadda17:728,syslog,tool,syslog,4:a5c86bc8-e1c8-48a4-9fd0-5fce4dadda17:3996,telnet,app,telnet,42,10,20
pair_00570,in,16,,4:a5c86bc8-e1c8-48a4-9fd0-5fce4dadda17:3890,variety (多樣性),feature,variety,4:a5c86bc8-e1c8-48a4-9fd0-5fce4dadda17:3984,volume (資料量),feature,volume,42,10,20
pair_00571,in,16,,4:a5c86bc8-e1c8-48a4-9fd0-5fce4dadda17:258,firefox,app,firefox,4:a5c86bc8-e1c8-48a4-9fd0-5fce4dadda17:522,供應鏈攻擊,attack,供應鏈攻擊,42,10,20
pair_00572,in,16,,4:a5c86bc8-e1c8-48a4-9fd0-5fce4dadda17:524,遭竊的程式碼簽署憑證,attack,遭竊的程式碼簽署憑證,4:a5c86bc8-e1c8-48a4-9fd0-5fce4dadda17:4003,通訊技術,feature,通訊技術,42,10,20
pair_00573,in,16,,4:a5c86bc8-e1c8-48a4-9fd0-5fce4dadda17:1304,自然語言處理,technique,自然語言處理,4:a5c86bc8-e1c8-48a4-9fd0-5fce4dadda17:3890,variety (多樣性),feature,variety,42,10,20
pair_00574,in,16,,4:a5c86bc8-e1c8-48a4-9fd0-5fce4dadda17:1307,物聯網架構,system,物聯網架構,4:a5c86bc8-e1c8-48a4-9fd0-5fce4dadda17:3793,安全稽核,function,安全稽核,42,10,20
pair_00575,in,16,,4:a5c86bc8-e1c8-48a4-9fd0-5fce4dadda17:3890,variety (多樣性),feature,variety,4:a5c86bc8-e1c8-48a4-9fd0-5fce4dadda17:4004,rfid,tool,rfid,42,10,20
pair_00576,in,16,,4:a5c86bc8-e1c8-48a4-9fd0-5fce4dadda17:579,vpn 服務供應商,system,vpn服務供應商,4:a5c86bc8-e1c8-48a4-9fd0-5fce4dadda17:1337,分散式資料庫,tool,分散式資料庫,42,10,20
pair_00577,in,16,,4:a5c86bc8-e1c8-48a4-9fd0-5fce4dadda17:3030,實體層面,feature,實體層面,4:a5c86bc8-e1c8-48a4-9fd0-5fce4dadda17:4107,"死亡之 ping (ping of death, pod)",attack,死亡之ping,42,10,20
pair_00578,in,16,,4:a5c86bc8-e1c8-48a4-9fd0-5fce4dadda17:1304,自然語言處理,technique,自然語言處理,4:a5c86bc8-e1c8-48a4-9fd0-5fce4dadda17:3030,實體層面,feature,實體層面,42,10,20
pair_00579,in,16,,4:a5c86bc8-e1c8-48a4-9fd0-5fce4dadda17:579,vpn 服務供應商,system,vpn服務供應商,4:a5c86bc8-e1c8-48a4-9fd0-5fce4dadda17:1318,缺乏傳輸加密保護,vulnerability,缺乏傳輸加密保護,42,10,20
pair_00580,in,16,,4:a5c86bc8-e1c8-48a4-9fd0-5fce4dadda17:3793,安全稽核,function,安全稽核,4:a5c86bc8-e1c8-48a4-9fd0-5fce4dadda17:3996,telnet,app,telnet,42,10,20
pair_00581,cross,16,45,4:a5c86bc8-e1c8-48a4-9fd0-5fce4dadda17:4324,dns,app,dns,4:a5c86bc8-e1c8-48a4-9fd0-5fce4dadda17:3666,html 語法,data,html語法,42,10,20
pair_00582,cross,16,5,4:a5c86bc8-e1c8-48a4-9fd0-5fce4dadda17:4324,dns,app,dns,4:a5c86bc8-e1c8-48a4-9fd0-5fce4dadda17:4139,系統、設備,system,系統設備,42,10,20
pair_00583,cross,16,12,4:a5c86bc8-e1c8-48a4-9fd0-5fce4dadda17:324,明文傳輸,feature,明文傳輸,4:a5c86bc8-e1c8-48a4-9fd0-5fce4dadda17:1003,ic卡刷卡管制,tool,ic卡刷卡管制,42,10,20
pair_00584,cross,16,21,4:a5c86bc8-e1c8-48a4-9fd0-5fce4dadda17:318,路徑選擇,function,路徑選擇,4:a5c86bc8-e1c8-48a4-9fd0-5fce4dadda17:1327,虛擬伺服器,system,虛擬伺服器,42,10,20
pair_00585,cross,16,33,4:a5c86bc8-e1c8-48a4-9fd0-5fce4dadda17:1344,十大弱點風險,vulnerability,十大弱點風險,4:a5c86bc8-e1c8-48a4-9fd0-5fce4dadda17:1960,osi 第 4 層之攻擊,attack,osi第4層之攻擊,42,10,20
pair_00586,cross,16,28,4:a5c86bc8-e1c8-48a4-9fd0-5fce4dadda17:1303,大數據技術,technique,大數據技術,4:a5c86bc8-e1c8-48a4-9fd0-5fce4dadda17:3395,交換機為基礎的安全,feature,交換機為基礎的安全,42,10,20
pair_00587,cross,16,54,4:a5c86bc8-e1c8-48a4-9fd0-5fce4dadda17:3030,實體層面,feature,實體層面,4:a5c86bc8-e1c8-48a4-9fd0-5fce4dadda17:3357,使用單一弱密碼嘗試登入,technique,使用單一弱密碼嘗試登入,42,10,20
pair_00588,cross,16,71,4:a5c86bc8-e1c8-48a4-9fd0-5fce4dadda17:257,chrome,app,chrome,4:a5c86bc8-e1c8-48a4-9fd0-5fce4dadda17:1160,感應天線,feature,感應天線,42,10,20
pair_00589,cross,16,12,4:a5c86bc8-e1c8-48a4-9fd0-5fce4dadda17:4004,rfid,tool,rfid,4:a5c86bc8-e1c8-48a4-9fd0-5fce4dadda17:4211,資料遺失,risk,資料遺失,42,10,20
pair_00590,cross,16,10,4:a5c86bc8-e1c8-48a4-9fd0-5fce4dadda17:4006,無線通訊晶片,tool,無線通訊晶片,4:a5c86bc8-e1c8-48a4-9fd0-5fce4dadda17:993,反間諜軟體,tool,反間諜軟體,42,10,20
pair_00591,cross,16,6,4:a5c86bc8-e1c8-48a4-9fd0-5fce4dadda17:4107,"死亡之 ping (ping of death, pod)",attack,死亡之ping,4:a5c86bc8-e1c8-48a4-9fd0-5fce4dadda17:3928,程式碼篡改,attack,程式碼篡改,42,10,20
pair_00592,cross,16,18,4:a5c86bc8-e1c8-48a4-9fd0-5fce4dadda17:2584,c語言的指標,feature,c語言的指標,4:a5c86bc8-e1c8-48a4-9fd0-5fce4dadda17:216,安全傳輸,function,安全傳輸,42,10,20
pair_00593,cross,16,24,4:a5c86bc8-e1c8-48a4-9fd0-5fce4dadda17:3227,osi 表達層,feature,osi表達層,4:a5c86bc8-e1c8-48a4-9fd0-5fce4dadda17:3445,藍牙裝置,system,藍牙裝置,42,10,20
pair_00594,cross,16,29,4:a5c86bc8-e1c8-48a4-9fd0-5fce4dadda17:124,port 514,feature,port514,4:a5c86bc8-e1c8-48a4-9fd0-5fce4dadda17:839,ping of death,attack,pingofdeath,42,10,20
pair_00595,cross,16,52,4:a5c86bc8-e1c8-48a4-9fd0-5fce4dadda17:1302,機器學習,technique,機器學習,4:a5c86bc8-e1c8-48a4-9fd0-5fce4dadda17:4032,金鑰保護不足,vulnerability,金鑰保護不足,42,10,20
pair_00596,cross,16,21,4:a5c86bc8-e1c8-48a4-9fd0-5fce4dadda17:2680,未做範圍檢查,vulnerability,未做範圍檢查,4:a5c86bc8-e1c8-48a4-9fd0-5fce4dadda17:3869,amazon ec2,system,amazonec2,42,10,20
pair_00597,cross,16,33,4:a5c86bc8-e1c8-48a4-9fd0-5fce4dadda17:4105,路由器,tool,路由器,4:a5c86bc8-e1c8-48a4-9fd0-5fce4dadda17:1217,封包過濾,function,封包過濾,42,10,20
pair_00598,cross,16,33,4:a5c86bc8-e1c8-48a4-9fd0-5fce4dadda17:1315,不安全的網頁介面,vulnerability,不安全的網頁介面,4:a5c86bc8-e1c8-48a4-9fd0-5fce4dadda17:3819,應用層防火牆,tool,應用層防火牆,42,10,20
pair_00599,cross,16,13,4:a5c86bc8-e1c8-48a4-9fd0-5fce4dadda17:3132,tcp,feature,tcp,4:a5c86bc8-e1c8-48a4-9fd0-5fce4dadda17:1770,營業秘密,feature,營業秘密,42,10,20
pair_00600,cross,16,39,4:a5c86bc8-e1c8-48a4-9fd0-5fce4dadda17:3132,tcp,feature,tcp,4:a5c86bc8-e1c8-48a4-9fd0-5fce4dadda17:4079,組織營運應用,app,組織營運應用,42,10,20
pair_00601,in,17,,4:a5c86bc8-e1c8-48a4-9fd0-5fce4dadda17:794,訊息本文,data,訊息本文,4:a5c86bc8-e1c8-48a4-9fd0-5fce4dadda17:4232,salt,feature,salt,42,10,20
pair_00602,in,17,,4:a5c86bc8-e1c8-48a4-9fd0-5fce4dadda17:1120,資料完整性驗證,function,資料完整性驗證,4:a5c86bc8-e1c8-48a4-9fd0-5fce4dadda17:2665,完整性,principle,完整性,42,10,20
pair_00603,in,17,,4:a5c86bc8-e1c8-48a4-9fd0-5fce4dadda17:399,pdca,tool,pdca,4:a5c86bc8-e1c8-48a4-9fd0-5fce4dadda17:794,訊息本文,data,訊息本文,42,10,20
pair_00604,in,17,,4:a5c86bc8-e1c8-48a4-9fd0-5fce4dadda17:2665,完整性,principle,完整性,4:a5c86bc8-e1c8-48a4-9fd0-5fce4dadda17:3686,入侵程式,tool,入侵程式,42,10,20
pair_00605,in,17,,4:a5c86bc8-e1c8-48a4-9fd0-5fce4dadda17:752,sha-1,tool,sha1,4:a5c86bc8-e1c8-48a4-9fd0-5fce4dadda17:4123,程式設計師,user,程式設計師,42,10,20
pair_00606,in,17,,4:a5c86bc8-e1c8-48a4-9fd0-5fce4dadda17:3090,特定字串,data,特定字串,4:a5c86bc8-e1c8-48a4-9fd0-5fce4dadda17:3930,未經授權的修改,attack,未經授權的修改,42,10,20
pair_00607,in,17,,4:a5c86bc8-e1c8-48a4-9fd0-5fce4dadda17:752,sha-1,tool,sha1,4:a5c86bc8-e1c8-48a4-9fd0-5fce4dadda17:2638,訊息摘要,data,訊息摘要,42,10,20
pair_00608,in,17,,4:a5c86bc8-e1c8-48a4-9fd0-5fce4dadda17:2131,檔案毀損,attack,檔案毀損,4:a5c86bc8-e1c8-48a4-9fd0-5fce4dadda17:2557,不當增加刪除或更改,attack,不當增加刪除或更改,42,10,20
pair_00609,in,17,,4:a5c86bc8-e1c8-48a4-9fd0-5fce4dadda17:2638,訊息摘要,data,訊息摘要,4:a5c86bc8-e1c8-48a4-9fd0-5fce4dadda17:4092,證據保管鏈,technique,證據保管鏈,42,10,20
pair_00610,in,17,,4:a5c86bc8-e1c8-48a4-9fd0-5fce4dadda17:3667,sha2,tool,sha2,4:a5c86bc8-e1c8-48a4-9fd0-5fce4dadda17:4225,內容簒改,attack,內容簒改,42,10,20
pair_00611,in,17,,4:a5c86bc8-e1c8-48a4-9fd0-5fce4dadda17:140,devops,policy,devops,4:a5c86bc8-e1c8-48a4-9fd0-5fce4dadda17:3667,sha2,tool,sha2,42,10,20
pair_00612,in,17,,4:a5c86bc8-e1c8-48a4-9fd0-5fce4dadda17:57,對稱金鑰,feature,對稱金鑰,4:a5c86bc8-e1c8-48a4-9fd0-5fce4dadda17:1185,寄送者地址,data,寄送者地址,42,10,20
pair_00613,in,17,,4:a5c86bc8-e1c8-48a4-9fd0-5fce4dadda17:140,devops,policy,devops,4:a5c86bc8-e1c8-48a4-9fd0-5fce4dadda17:3930,未經授權的修改,attack,未經授權的修改,42,10,20
pair_00614,in,17,,4:a5c86bc8-e1c8-48a4-9fd0-5fce4dadda17:3265,緩衝溢位攻擊,attack,緩衝溢位攻擊,4:a5c86bc8-e1c8-48a4-9fd0-5fce4dadda17:4123,程式設計師,user,程式設計師,42,10,20
pair_00615,in,17,,4:a5c86bc8-e1c8-48a4-9fd0-5fce4dadda17:140,devops,policy,devops,4:a5c86bc8-e1c8-48a4-9fd0-5fce4dadda17:2638,訊息摘要,data,訊息摘要,42,10,20
pair_00616,in,17,,4:a5c86bc8-e1c8-48a4-9fd0-5fce4dadda17:754,sha-224,tool,sha224,4:a5c86bc8-e1c8-48a4-9fd0-5fce4dadda17:2557,不當增加刪除或更改,attack,不當增加刪除或更改,42,10,20
pair_00617,in,17,,4:a5c86bc8-e1c8-48a4-9fd0-5fce4dadda17:470,plan,function,plan,4:a5c86bc8-e1c8-48a4-9fd0-5fce4dadda17:4123,程式設計師,user,程式設計師,42,10,20
pair_00618,in,17,,4:a5c86bc8-e1c8-48a4-9fd0-5fce4dadda17:4108,雜湊,function,雜湊,4:a5c86bc8-e1c8-48a4-9fd0-5fce4dadda17:4224,信件,data,信件,42,10,20
pair_00619,in,17,,4:a5c86bc8-e1c8-48a4-9fd0-5fce4dadda17:792,密碼訊息摘要,data,密碼訊息摘要,4:a5c86bc8-e1c8-48a4-9fd0-5fce4dadda17:3265,緩衝溢位攻擊,attack,緩衝溢位攻擊,42,10,20
pair_00620,in,17,,4:a5c86bc8-e1c8-48a4-9fd0-5fce4dadda17:4093,sha-256,tool,sha256,4:a5c86bc8-e1c8-48a4-9fd0-5fce4dadda17:4225,內容簒改,attack,內容簒改,42,10,20
pair_00621,cross,17,12,4:a5c86bc8-e1c8-48a4-9fd0-5fce4dadda17:4232,salt,feature,salt,4:a5c86bc8-e1c8-48a4-9fd0-5fce4dadda17:4211,資料遺失,risk,資料遺失,42,10,20
pair_00622,cross,17,45,4:a5c86bc8-e1c8-48a4-9fd0-5fce4dadda17:140,devops,policy,devops,4:a5c86bc8-e1c8-48a4-9fd0-5fce4dadda17:2121,ssl/tls 交握協定 (handshake protocol),feature,ssltls交握協定,42,10,20
pair_00623,cross,17,45,4:a5c86bc8-e1c8-48a4-9fd0-5fce4dadda17:2557,不當增加刪除或更改,attack,不當增加刪除或更改,4:a5c86bc8-e1c8-48a4-9fd0-5fce4dadda17:4150,代碼技術,tool,代碼技術,42,10,20
pair_00624,cross,17,54,4:a5c86bc8-e1c8-48a4-9fd0-5fce4dadda17:208,資訊鴻溝,risk,資訊鴻溝,4:a5c86bc8-e1c8-48a4-9fd0-5fce4dadda17:1131,bbb online,securityTeam,bbbonline,42,10,20
pair_00625,cross,17,14,4:a5c86bc8-e1c8-48a4-9fd0-5fce4dadda17:4121,密碼雜湊系統,app,密碼雜湊系統,4:a5c86bc8-e1c8-48a4-9fd0-5fce4dadda17:729,玻璃窗,system,玻璃窗,42,10,20
pair_00626,cross,17,66,4:a5c86bc8-e1c8-48a4-9fd0-5fce4dadda17:2526,雜湊函數,tool,雜湊函數,4:a5c86bc8-e1c8-48a4-9fd0-5fce4dadda17:2802,明文儲存,vulnerability,明文儲存,42,10,20
pair_00627,cross,17,46,4:a5c86bc8-e1c8-48a4-9fd0-5fce4dadda17:4234,重覆使用 salt,vulnerability,重覆使用salt,4:a5c86bc8-e1c8-48a4-9fd0-5fce4dadda17:1954,資訊處理設施之可用性,policy,資訊處理設施之可用性,42,10,20
pair_00628,cross,17,24,4:a5c86bc8-e1c8-48a4-9fd0-5fce4dadda17:2641,資料篡改,attack,資料篡改,4:a5c86bc8-e1c8-48a4-9fd0-5fce4dadda17:895,功能相依,feature,功能相依,42,10,20
pair_00629,cross,17,26,4:a5c86bc8-e1c8-48a4-9fd0-5fce4dadda17:2528,數位簽章驗證,technique,數位簽章驗證,4:a5c86bc8-e1c8-48a4-9fd0-5fce4dadda17:2987,核心業務資訊,data,核心業務資訊,42,10,20
pair_00630,cross,17,46,4:a5c86bc8-e1c8-48a4-9fd0-5fce4dadda17:4108,雜湊,function,雜湊,4:a5c86bc8-e1c8-48a4-9fd0-5fce4dadda17:3037,bs 7799 part 1,system,bs7799part1,42,10,20
pair_00631,cross,17,71,4:a5c86bc8-e1c8-48a4-9fd0-5fce4dadda17:4234,重覆使用 salt,vulnerability,重覆使用salt,4:a5c86bc8-e1c8-48a4-9fd0-5fce4dadda17:1111,rom,feature,rom,42,10,20
pair_00632,cross,17,41,4:a5c86bc8-e1c8-48a4-9fd0-5fce4dadda17:4232,salt,feature,salt,4:a5c86bc8-e1c8-48a4-9fd0-5fce4dadda17:3828,正面模式偵測技術,technique,正面模式偵測技術,42,10,20
pair_00633,cross,17,18,4:a5c86bc8-e1c8-48a4-9fd0-5fce4dadda17:3686,入侵程式,tool,入侵程式,4:a5c86bc8-e1c8-48a4-9fd0-5fce4dadda17:4054,保管員(custodian),securityTeam,保管員,42,10,20
pair_00634,cross,17,19,4:a5c86bc8-e1c8-48a4-9fd0-5fce4dadda17:208,資訊鴻溝,risk,資訊鴻溝,4:a5c86bc8-e1c8-48a4-9fd0-5fce4dadda17:2942,網域事件回應計畫 (cirp),policy,網域事件回應計畫,42,10,20
pair_00635,cross,17,27,4:a5c86bc8-e1c8-48a4-9fd0-5fce4dadda17:2665,完整性,principle,完整性,4:a5c86bc8-e1c8-48a4-9fd0-5fce4dadda17:940,使用軌跡,data,使用軌跡,42,10,20
pair_00636,cross,17,21,4:a5c86bc8-e1c8-48a4-9fd0-5fce4dadda17:792,密碼訊息摘要,data,密碼訊息摘要,4:a5c86bc8-e1c8-48a4-9fd0-5fce4dadda17:1327,虛擬伺服器,system,虛擬伺服器,42,10,20
pair_00637,cross,17,15,4:a5c86bc8-e1c8-48a4-9fd0-5fce4dadda17:794,訊息本文,data,訊息本文,4:a5c86bc8-e1c8-48a4-9fd0-5fce4dadda17:632,門禁系統,system,門禁系統,42,10,20
pair_00638,cross,17,19,4:a5c86bc8-e1c8-48a4-9fd0-5fce4dadda17:4108,雜湊,function,雜湊,4:a5c86bc8-e1c8-48a4-9fd0-5fce4dadda17:401,相關復原流程的書面審查演練,technique,相關復原流程的書面審查演練,42,10,20
pair_00639,cross,17,14,4:a5c86bc8-e1c8-48a4-9fd0-5fce4dadda17:2131,檔案毀損,attack,檔案毀損,4:a5c86bc8-e1c8-48a4-9fd0-5fce4dadda17:202,抽象介面,feature,抽象介面,42,10,20
pair_00640,cross,17,24,4:a5c86bc8-e1c8-48a4-9fd0-5fce4dadda17:794,訊息本文,data,訊息本文,4:a5c86bc8-e1c8-48a4-9fd0-5fce4dadda17:2199,身分識別與存取管理 (iam),tool,身分識別與存取管理,42,10,20
pair_00641,in,18,,4:a5c86bc8-e1c8-48a4-9fd0-5fce4dadda17:90,備援設備,tool,備援設備,4:a5c86bc8-e1c8-48a4-9fd0-5fce4dadda17:989,風險發生可能性,data,風險發生可能性,42,10,20
pair_00642,in,18,,4:a5c86bc8-e1c8-48a4-9fd0-5fce4dadda17:2572,pptp,tool,pptp,4:a5c86bc8-e1c8-48a4-9fd0-5fce4dadda17:3091,資料資產,data,資料資產,42,10,20
pair_00643,in,18,,4:a5c86bc8-e1c8-48a4-9fd0-5fce4dadda17:2780,調查,technique,調查,4:a5c86bc8-e1c8-48a4-9fd0-5fce4dadda17:3087,資產管理,technique,資產管理,42,10,20
pair_00644,in,18,,4:a5c86bc8-e1c8-48a4-9fd0-5fce4dadda17:29,do(執行),technique,do,4:a5c86bc8-e1c8-48a4-9fd0-5fce4dadda17:2326,業務,system,業務,42,10,20
pair_00645,in,18,,4:a5c86bc8-e1c8-48a4-9fd0-5fce4dadda17:326,資產編號,feature,資產編號,4:a5c86bc8-e1c8-48a4-9fd0-5fce4dadda17:3876,資料分級,technique,資料分級,42,10,20
pair_00646,in,18,,4:a5c86bc8-e1c8-48a4-9fd0-5fce4dadda17:299,重要性和敏感性,feature,重要性和敏感性,4:a5c86bc8-e1c8-48a4-9fd0-5fce4dadda17:2078,事件紀錄檔,system,事件紀錄檔,42,10,20
pair_00647,in,18,,4:a5c86bc8-e1c8-48a4-9fd0-5fce4dadda17:2094,資產清冊,tool,資產清冊,4:a5c86bc8-e1c8-48a4-9fd0-5fce4dadda17:3937,權責單位,securityTeam,權責單位,42,10,20
pair_00648,in,18,,4:a5c86bc8-e1c8-48a4-9fd0-5fce4dadda17:4167,作業環境,system,作業環境,4:a5c86bc8-e1c8-48a4-9fd0-5fce4dadda17:4326,資訊資產分級,tool,資訊資產分級,42,10,20
pair_00649,in,18,,4:a5c86bc8-e1c8-48a4-9fd0-5fce4dadda17:2977,經營與維護,technique,經營與維護,4:a5c86bc8-e1c8-48a4-9fd0-5fce4dadda17:4262,例行工作,function,例行工作,42,10,20
pair_00650,in,18,,4:a5c86bc8-e1c8-48a4-9fd0-5fce4dadda17:2572,pptp,tool,pptp,4:a5c86bc8-e1c8-48a4-9fd0-5fce4dadda17:4155,經授權之人,user,經授權之人,42,10,20
pair_00651,in,18,,4:a5c86bc8-e1c8-48a4-9fd0-5fce4dadda17:2295,資產價值評估,function,資產價值評估,4:a5c86bc8-e1c8-48a4-9fd0-5fce4dadda17:3356,事件紀錄檔消息,data,事件紀錄檔消息,42,10,20
pair_00652,in,18,,4:a5c86bc8-e1c8-48a4-9fd0-5fce4dadda17:361,伺服器登入資訊,data,伺服器登入資訊,4:a5c86bc8-e1c8-48a4-9fd0-5fce4dadda17:2977,經營與維護,technique,經營與維護,42,10,20
pair_00653,in,18,,4:a5c86bc8-e1c8-48a4-9fd0-5fce4dadda17:2990,資產評估,technique,資產評估,4:a5c86bc8-e1c8-48a4-9fd0-5fce4dadda17:4172,資訊(information),data,資訊,42,10,20
pair_00654,in,18,,4:a5c86bc8-e1c8-48a4-9fd0-5fce4dadda17:3963,saas,system,saas,4:a5c86bc8-e1c8-48a4-9fd0-5fce4dadda17:4158,資產擁有者,securityTeam,資產擁有者,42,10,20
pair_00655,in,18,,4:a5c86bc8-e1c8-48a4-9fd0-5fce4dadda17:4167,作業環境,system,作業環境,4:a5c86bc8-e1c8-48a4-9fd0-5fce4dadda17:4172,資訊(information),data,資訊,42,10,20
pair_00656,in,18,,4:a5c86bc8-e1c8-48a4-9fd0-5fce4dadda17:969,需求階段,technique,需求階段,4:a5c86bc8-e1c8-48a4-9fd0-5fce4dadda17:1351,網路架構,system,網路架構,42,10,20
pair_00657,in,18,,4:a5c86bc8-e1c8-48a4-9fd0-5fce4dadda17:638,弱掃報告,data,弱掃報告,4:a5c86bc8-e1c8-48a4-9fd0-5fce4dadda17:2410,通道 (tunnel) 技術,technique,通道技術,42,10,20
pair_00658,in,18,,4:a5c86bc8-e1c8-48a4-9fd0-5fce4dadda17:2384,風險等級,data,風險等級,4:a5c86bc8-e1c8-48a4-9fd0-5fce4dadda17:3812,弱掃工具,tool,弱掃工具,42,10,20
pair_00659,in,18,,4:a5c86bc8-e1c8-48a4-9fd0-5fce4dadda17:622,入侵者,attacker,入侵者,4:a5c86bc8-e1c8-48a4-9fd0-5fce4dadda17:3381,保管單位,securityTeam,保管單位,42,10,20
pair_00660,in,18,,4:a5c86bc8-e1c8-48a4-9fd0-5fce4dadda17:361,伺服器登入資訊,data,伺服器登入資訊,4:a5c86bc8-e1c8-48a4-9fd0-5fce4dadda17:2295,資產價值評估,function,資產價值評估,42,10,20
pair_00661,cross,18,54,4:a5c86bc8-e1c8-48a4-9fd0-5fce4dadda17:1351,網路架構,system,網路架構,4:a5c86bc8-e1c8-48a4-9fd0-5fce4dadda17:3355,認證,feature,認證,42,10,20
pair_00662,cross,18,66,4:a5c86bc8-e1c8-48a4-9fd0-5fce4dadda17:3969,傳統資訊基礎設施,system,傳統資訊基礎設施,4:a5c86bc8-e1c8-48a4-9fd0-5fce4dadda17:2802,明文儲存,vulnerability,明文儲存,42,10,20
pair_00663,cross,18,25,4:a5c86bc8-e1c8-48a4-9fd0-5fce4dadda17:3812,弱掃工具,tool,弱掃工具,4:a5c86bc8-e1c8-48a4-9fd0-5fce4dadda17:667,經營策略,policy,經營策略,42,10,20
pair_00664,cross,18,14,4:a5c86bc8-e1c8-48a4-9fd0-5fce4dadda17:1639,防火牆連線規則管理政策,policy,防火牆連線規則管理政策,4:a5c86bc8-e1c8-48a4-9fd0-5fce4dadda17:1744,操作行為記錄,data,操作行為記錄,42,10,20
pair_00665,cross,18,6,4:a5c86bc8-e1c8-48a4-9fd0-5fce4dadda17:297,資訊資產的價值,feature,資訊資產的價值,4:a5c86bc8-e1c8-48a4-9fd0-5fce4dadda17:346,輕量化演算法,feature,輕量化演算法,42,10,20
pair_00666,cross,18,9,4:a5c86bc8-e1c8-48a4-9fd0-5fce4dadda17:361,伺服器登入資訊,data,伺服器登入資訊,4:a5c86bc8-e1c8-48a4-9fd0-5fce4dadda17:805,64 bits 資料區塊,feature,64bits資料區塊,42,10,20
pair_00667,cross,18,24,4:a5c86bc8-e1c8-48a4-9fd0-5fce4dadda17:4063,定性法,technique,定性法,4:a5c86bc8-e1c8-48a4-9fd0-5fce4dadda17:1124,健保 ic 卡,tool,健保ic卡,42,10,20
pair_00668,cross,18,33,4:a5c86bc8-e1c8-48a4-9fd0-5fce4dadda17:2572,pptp,tool,pptp,4:a5c86bc8-e1c8-48a4-9fd0-5fce4dadda17:857,分析網路封包,technique,分析網路封包,42,10,20
pair_00669,cross,18,61,4:a5c86bc8-e1c8-48a4-9fd0-5fce4dadda17:2094,資產清冊,tool,資產清冊,4:a5c86bc8-e1c8-48a4-9fd0-5fce4dadda17:2538,公開金鑰密碼演算法,system,公開金鑰密碼演算法,42,10,20
pair_00670,cross,18,29,4:a5c86bc8-e1c8-48a4-9fd0-5fce4dadda17:4167,作業環境,system,作業環境,4:a5c86bc8-e1c8-48a4-9fd0-5fce4dadda17:2907,microsoft 公司,securityTeam,microsoft公司,42,10,20
pair_00671,cross,18,11,4:a5c86bc8-e1c8-48a4-9fd0-5fce4dadda17:3863,gmail,app,gmail,4:a5c86bc8-e1c8-48a4-9fd0-5fce4dadda17:1300,外部攻擊,attack,外部攻擊,42,10,20
pair_00672,cross,18,26,4:a5c86bc8-e1c8-48a4-9fd0-5fce4dadda17:1330,套裝程式,tool,套裝程式,4:a5c86bc8-e1c8-48a4-9fd0-5fce4dadda17:2485,驗證,technique,驗證,42,10,20
pair_00673,cross,18,21,4:a5c86bc8-e1c8-48a4-9fd0-5fce4dadda17:362,ssl 協定,tool,ssl協定,4:a5c86bc8-e1c8-48a4-9fd0-5fce4dadda17:873,ipv6,feature,ipv6,42,10,20
pair_00674,cross,18,16,4:a5c86bc8-e1c8-48a4-9fd0-5fce4dadda17:247,事件影響性,data,事件影響性,4:a5c86bc8-e1c8-48a4-9fd0-5fce4dadda17:3386,第三方單位,system,第三方單位,42,10,20
pair_00675,cross,18,14,4:a5c86bc8-e1c8-48a4-9fd0-5fce4dadda17:1782,重要程度,feature,重要程度,4:a5c86bc8-e1c8-48a4-9fd0-5fce4dadda17:3585,時間特徵,feature,時間特徵,42,10,20
pair_00676,cross,18,41,4:a5c86bc8-e1c8-48a4-9fd0-5fce4dadda17:4158,資產擁有者,securityTeam,資產擁有者,4:a5c86bc8-e1c8-48a4-9fd0-5fce4dadda17:2626,留意警報系統,function,留意警報系統,42,10,20
pair_00677,cross,18,45,4:a5c86bc8-e1c8-48a4-9fd0-5fce4dadda17:90,備援設備,tool,備援設備,4:a5c86bc8-e1c8-48a4-9fd0-5fce4dadda17:2993,內部人員,user,內部人員,42,10,20
pair_00678,cross,18,14,4:a5c86bc8-e1c8-48a4-9fd0-5fce4dadda17:3087,資產管理,technique,資產管理,4:a5c86bc8-e1c8-48a4-9fd0-5fce4dadda17:263,common criteria,technique,commoncriteria,42,10,20
pair_00679,cross,18,14,4:a5c86bc8-e1c8-48a4-9fd0-5fce4dadda17:29,do(執行),technique,do,4:a5c86bc8-e1c8-48a4-9fd0-5fce4dadda17:1292,干擾資料,tool,干擾資料,42,10,20
pair_00680,cross,18,33,4:a5c86bc8-e1c8-48a4-9fd0-5fce4dadda17:4052,資訊資產盤點與異動檢核,function,資訊資產盤點與異動檢核,4:a5c86bc8-e1c8-48a4-9fd0-5fce4dadda17:3173,私有 ip 位址,feature,私有ip位址,42,10,20
pair_00681,in,19,,4:a5c86bc8-e1c8-48a4-9fd0-5fce4dadda17:977,帳號清理,function,帳號清理,4:a5c86bc8-e1c8-48a4-9fd0-5fce4dadda17:4272,偵測性控制,technique,偵測性控制,42,10,20
pair_00682,in,19,,4:a5c86bc8-e1c8-48a4-9fd0-5fce4dadda17:254,向警察機關報案,technique,向警察機關報案,4:a5c86bc8-e1c8-48a4-9fd0-5fce4dadda17:2677,受控制電腦,tool,受控制電腦,42,10,20
pair_00683,in,19,,4:a5c86bc8-e1c8-48a4-9fd0-5fce4dadda17:3468,惡意軟體分析工具,tool,惡意軟體分析工具,4:a5c86bc8-e1c8-48a4-9fd0-5fce4dadda17:3913,健康監視器,system,健康監視器,42,10,20
pair_00684,in,19,,4:a5c86bc8-e1c8-48a4-9fd0-5fce4dadda17:1816,帳號管理原則,policy,帳號管理原則,4:a5c86bc8-e1c8-48a4-9fd0-5fce4dadda17:4272,偵測性控制,technique,偵測性控制,42,10,20
pair_00685,in,19,,4:a5c86bc8-e1c8-48a4-9fd0-5fce4dadda17:31,刪除個人資料,function,刪除個人資料,4:a5c86bc8-e1c8-48a4-9fd0-5fce4dadda17:1018,分權管理模式,technique,分權管理模式,42,10,20
pair_00686,in,19,,4:a5c86bc8-e1c8-48a4-9fd0-5fce4dadda17:2813,調高敏感度,function,調高敏感度,4:a5c86bc8-e1c8-48a4-9fd0-5fce4dadda17:2968,風險管理,policy,風險管理,42,10,20
pair_00687,in,19,,4:a5c86bc8-e1c8-48a4-9fd0-5fce4dadda17:278,iis,app,iis,4:a5c86bc8-e1c8-48a4-9fd0-5fce4dadda17:401,相關復原流程的書面審查演練,technique,相關復原流程的書面審查演練,42,10,20
pair_00688,in,19,,4:a5c86bc8-e1c8-48a4-9fd0-5fce4dadda17:81,提供臨時人員暫時存取權限,function,提供臨時人員暫時存取權限,4:a5c86bc8-e1c8-48a4-9fd0-5fce4dadda17:997,指示型控制,technique,指示型控制,42,10,20
pair_00689,in,19,,4:a5c86bc8-e1c8-48a4-9fd0-5fce4dadda17:278,iis,app,iis,4:a5c86bc8-e1c8-48a4-9fd0-5fce4dadda17:2968,風險管理,policy,風險管理,42,10,20
pair_00690,in,19,,4:a5c86bc8-e1c8-48a4-9fd0-5fce4dadda17:278,iis,app,iis,4:a5c86bc8-e1c8-48a4-9fd0-5fce4dadda17:1109,dhcp 伺服器日誌文件,data,dhcp伺服器日誌文件,42,10,20
pair_00691,in,19,,4:a5c86bc8-e1c8-48a4-9fd0-5fce4dadda17:412,離職人員權限殘留風險,risk,離職人員權限殘留風險,4:a5c86bc8-e1c8-48a4-9fd0-5fce4dadda17:575,定期備份設定檔,technique,定期備份設定檔,42,10,20
pair_00692,in,19,,4:a5c86bc8-e1c8-48a4-9fd0-5fce4dadda17:3912,油管檢測系統,tool,油管檢測系統,4:a5c86bc8-e1c8-48a4-9fd0-5fce4dadda17:4273,密碼分持,technique,密碼分持,42,10,20
pair_00693,in,19,,4:a5c86bc8-e1c8-48a4-9fd0-5fce4dadda17:1017,集權管理模式,technique,集權管理模式,4:a5c86bc8-e1c8-48a4-9fd0-5fce4dadda17:2813,調高敏感度,function,調高敏感度,42,10,20
pair_00694,in,19,,4:a5c86bc8-e1c8-48a4-9fd0-5fce4dadda17:997,指示型控制,technique,指示型控制,4:a5c86bc8-e1c8-48a4-9fd0-5fce4dadda17:2241,資料保存年限,policy,資料保存年限,42,10,20
pair_00695,in,19,,4:a5c86bc8-e1c8-48a4-9fd0-5fce4dadda17:2439,帳號清理政策,policy,帳號清理政策,4:a5c86bc8-e1c8-48a4-9fd0-5fce4dadda17:2677,受控制電腦,tool,受控制電腦,42,10,20
pair_00696,in,19,,4:a5c86bc8-e1c8-48a4-9fd0-5fce4dadda17:252,向連絡窗口通報,technique,向連絡窗口通報,4:a5c86bc8-e1c8-48a4-9fd0-5fce4dadda17:2601,pdca原則,policy,pdca原則,42,10,20
pair_00697,in,19,,4:a5c86bc8-e1c8-48a4-9fd0-5fce4dadda17:2439,帳號清理政策,policy,帳號清理政策,4:a5c86bc8-e1c8-48a4-9fd0-5fce4dadda17:3683,錯誤接受率 (false acceptance rate),vulnerability,錯誤接受率,42,10,20
pair_00698,in,19,,4:a5c86bc8-e1c8-48a4-9fd0-5fce4dadda17:1808,帳號特權管理,technique,帳號特權管理,4:a5c86bc8-e1c8-48a4-9fd0-5fce4dadda17:3836,敏感度,feature,敏感度,42,10,20
pair_00699,in,19,,4:a5c86bc8-e1c8-48a4-9fd0-5fce4dadda17:2968,風險管理,policy,風險管理,4:a5c86bc8-e1c8-48a4-9fd0-5fce4dadda17:3063,設定檔備份,function,設定檔備份,42,10,20
pair_00700,in,19,,4:a5c86bc8-e1c8-48a4-9fd0-5fce4dadda17:3650,特權帳號權限,feature,特權帳號權限,4:a5c86bc8-e1c8-48a4-9fd0-5fce4dadda17:3913,健康監視器,system,健康監視器,42,10,20
pair_00701,cross,19,4,4:a5c86bc8-e1c8-48a4-9fd0-5fce4dadda17:2968,風險管理,policy,風險管理,4:a5c86bc8-e1c8-48a4-9fd0-5fce4dadda17:117,可攜式媒體,tool,可攜式媒體,42,10,20
pair_00702,cross,19,12,4:a5c86bc8-e1c8-48a4-9fd0-5fce4dadda17:340,w3c 紀錄檔格式,feature,w3c紀錄檔格式,4:a5c86bc8-e1c8-48a4-9fd0-5fce4dadda17:2992,聘僱合約,policy,聘僱合約,42,10,20
pair_00703,cross,19,16,4:a5c86bc8-e1c8-48a4-9fd0-5fce4dadda17:3770,系統帳號,feature,系統帳號,4:a5c86bc8-e1c8-48a4-9fd0-5fce4dadda17:1301,軟體工具,tool,軟體工具,42,10,20
pair_00704,cross,19,52,4:a5c86bc8-e1c8-48a4-9fd0-5fce4dadda17:3997,標示機制,tool,標示機制,4:a5c86bc8-e1c8-48a4-9fd0-5fce4dadda17:880,攻擊工具包,tool,攻擊工具包,42,10,20
pair_00705,cross,19,42,4:a5c86bc8-e1c8-48a4-9fd0-5fce4dadda17:2481,資安人員,securityTeam,資安人員,4:a5c86bc8-e1c8-48a4-9fd0-5fce4dadda17:314,事件發生的時間,data,事件發生的時間,42,10,20
pair_00706,cross,19,12,4:a5c86bc8-e1c8-48a4-9fd0-5fce4dadda17:82,更新職務已異動者之存取權限,function,更新職務已異動者之存取權限,4:a5c86bc8-e1c8-48a4-9fd0-5fce4dadda17:198,第一級資安事件,attack,第一級資安事件,42,10,20
pair_00707,cross,19,30,4:a5c86bc8-e1c8-48a4-9fd0-5fce4dadda17:477,資訊服務,app,資訊服務,4:a5c86bc8-e1c8-48a4-9fd0-5fce4dadda17:1147,rc4 stream cipher,tool,rc4streamcipher,42,10,20
pair_00708,cross,19,5,4:a5c86bc8-e1c8-48a4-9fd0-5fce4dadda17:243,行政管理類型,technique,行政管理類型,4:a5c86bc8-e1c8-48a4-9fd0-5fce4dadda17:499,隔離與權限分級機制,technique,隔離與權限分級機制,42,10,20
pair_00709,cross,19,30,4:a5c86bc8-e1c8-48a4-9fd0-5fce4dadda17:278,iis,app,iis,4:a5c86bc8-e1c8-48a4-9fd0-5fce4dadda17:3028,管理層面,feature,管理層面,42,10,20
pair_00710,cross,19,26,4:a5c86bc8-e1c8-48a4-9fd0-5fce4dadda17:2942,網域事件回應計畫 (cirp),policy,網域事件回應計畫,4:a5c86bc8-e1c8-48a4-9fd0-5fce4dadda17:1054,組織資產,data,組織資產,42,10,20
pair_00711,cross,19,11,4:a5c86bc8-e1c8-48a4-9fd0-5fce4dadda17:349,特權帳號資訊,data,特權帳號資訊,4:a5c86bc8-e1c8-48a4-9fd0-5fce4dadda17:250,高可用性機制,technique,高可用性機制,42,10,20
pair_00712,cross,19,14,4:a5c86bc8-e1c8-48a4-9fd0-5fce4dadda17:2942,網域事件回應計畫 (cirp),policy,網域事件回應計畫,4:a5c86bc8-e1c8-48a4-9fd0-5fce4dadda17:980,系統上線時間,feature,系統上線時間,42,10,20
pair_00713,cross,19,23,4:a5c86bc8-e1c8-48a4-9fd0-5fce4dadda17:2601,pdca原則,policy,pdca原則,4:a5c86bc8-e1c8-48a4-9fd0-5fce4dadda17:1228,社交工程演練測試,technique,社交工程演練測試,42,10,20
pair_00714,cross,19,5,4:a5c86bc8-e1c8-48a4-9fd0-5fce4dadda17:412,離職人員權限殘留風險,risk,離職人員權限殘留風險,4:a5c86bc8-e1c8-48a4-9fd0-5fce4dadda17:1329,多種資料來源,data,多種資料來源,42,10,20
pair_00715,cross,19,14,4:a5c86bc8-e1c8-48a4-9fd0-5fce4dadda17:4218,智慧財產權遵循政策,policy,智慧財產權遵循政策,4:a5c86bc8-e1c8-48a4-9fd0-5fce4dadda17:3368,邏輯瑕疵,vulnerability,邏輯瑕疵,42,10,20
pair_00716,cross,19,13,4:a5c86bc8-e1c8-48a4-9fd0-5fce4dadda17:4016,意外事件,risk,意外事件,4:a5c86bc8-e1c8-48a4-9fd0-5fce4dadda17:4125,驗證碼(captcha),tool,驗證碼,42,10,20
pair_00717,cross,19,71,4:a5c86bc8-e1c8-48a4-9fd0-5fce4dadda17:254,向警察機關報案,technique,向警察機關報案,4:a5c86bc8-e1c8-48a4-9fd0-5fce4dadda17:3966,處理器,feature,處理器,42,10,20
pair_00718,cross,19,52,4:a5c86bc8-e1c8-48a4-9fd0-5fce4dadda17:1290,備援中心,system,備援中心,4:a5c86bc8-e1c8-48a4-9fd0-5fce4dadda17:3817,sql injection,technique,sqlinjection,42,10,20
pair_00719,cross,19,30,4:a5c86bc8-e1c8-48a4-9fd0-5fce4dadda17:244,技術類型,technique,技術類型,4:a5c86bc8-e1c8-48a4-9fd0-5fce4dadda17:2871,結束階段,technique,結束階段,42,10,20
pair_00720,cross,19,4,4:a5c86bc8-e1c8-48a4-9fd0-5fce4dadda17:2481,資安人員,securityTeam,資安人員,4:a5c86bc8-e1c8-48a4-9fd0-5fce4dadda17:877,錯誤訊息,data,錯誤訊息,42,10,20
pair_00721,in,21,,4:a5c86bc8-e1c8-48a4-9fd0-5fce4dadda17:2941,網路銀行,app,網路銀行,4:a5c86bc8-e1c8-48a4-9fd0-5fce4dadda17:4343,複製,function,複製,42,10,20
pair_00722,in,21,,4:a5c86bc8-e1c8-48a4-9fd0-5fce4dadda17:187,快速重新部署靈活度,feature,快速重新部署靈活度,4:a5c86bc8-e1c8-48a4-9fd0-5fce4dadda17:3847,mapper 程式,app,mapper程式,42,10,20
pair_00723,in,21,,4:a5c86bc8-e1c8-48a4-9fd0-5fce4dadda17:916,ad 服務介面,feature,ad服務介面,4:a5c86bc8-e1c8-48a4-9fd0-5fce4dadda17:4185,權限異動申請政策,policy,權限異動申請政策,42,10,20
pair_00724,in,21,,4:a5c86bc8-e1c8-48a4-9fd0-5fce4dadda17:749,dos/ddos 攻擊,attack,dosddos攻擊,4:a5c86bc8-e1c8-48a4-9fd0-5fce4dadda17:4343,複製,function,複製,42,10,20
pair_00725,in,21,,4:a5c86bc8-e1c8-48a4-9fd0-5fce4dadda17:308,個資,data,個資,4:a5c86bc8-e1c8-48a4-9fd0-5fce4dadda17:2519,tanet 使用規範,policy,tanet使用規範,42,10,20
pair_00726,in,21,,4:a5c86bc8-e1c8-48a4-9fd0-5fce4dadda17:2260,ip 位址協定,feature,ip位址協定,4:a5c86bc8-e1c8-48a4-9fd0-5fce4dadda17:3977,組態設定,feature,組態設定,42,10,20
pair_00727,in,21,,4:a5c86bc8-e1c8-48a4-9fd0-5fce4dadda17:431,免費軟體,app,免費軟體,4:a5c86bc8-e1c8-48a4-9fd0-5fce4dadda17:566,財產權,policy,財產權,42,10,20
pair_00728,in,21,,4:a5c86bc8-e1c8-48a4-9fd0-5fce4dadda17:731,美國電腦倫理協會,securityTeam,美國電腦倫理協會,4:a5c86bc8-e1c8-48a4-9fd0-5fce4dadda17:1519,角色與職責,policy,角色與職責,42,10,20
pair_00729,in,21,,4:a5c86bc8-e1c8-48a4-9fd0-5fce4dadda17:574,多個系統,system,多個系統,4:a5c86bc8-e1c8-48a4-9fd0-5fce4dadda17:577,快取,feature,快取,42,10,20
pair_00730,in,21,,4:a5c86bc8-e1c8-48a4-9fd0-5fce4dadda17:52,來源與目的位置設定,feature,來源與目的位置設定,4:a5c86bc8-e1c8-48a4-9fd0-5fce4dadda17:3904,分散式架構,system,分散式架構,42,10,20
pair_00731,in,21,,4:a5c86bc8-e1c8-48a4-9fd0-5fce4dadda17:2225,請求製給複製本,policy,請求製給複製本,4:a5c86bc8-e1c8-48a4-9fd0-5fce4dadda17:3859,混合雲,system,混合雲,42,10,20
pair_00732,in,21,,4:a5c86bc8-e1c8-48a4-9fd0-5fce4dadda17:3869,amazon ec2,system,amazonec2,4:a5c86bc8-e1c8-48a4-9fd0-5fce4dadda17:4104,節點 n1,system,節點n1,42,10,20
pair_00733,in,21,,4:a5c86bc8-e1c8-48a4-9fd0-5fce4dadda17:185,隨需自助服務,feature,隨需自助服務,4:a5c86bc8-e1c8-48a4-9fd0-5fce4dadda17:872,ipv4,feature,ipv4,42,10,20
pair_00734,in,21,,4:a5c86bc8-e1c8-48a4-9fd0-5fce4dadda17:186,多人共享資源池,feature,多人共享資源池,4:a5c86bc8-e1c8-48a4-9fd0-5fce4dadda17:2794,群組權限,policy,群組權限,42,10,20
pair_00735,in,21,,4:a5c86bc8-e1c8-48a4-9fd0-5fce4dadda17:2225,請求製給複製本,policy,請求製給複製本,4:a5c86bc8-e1c8-48a4-9fd0-5fce4dadda17:2600,帳號與密碼,data,帳號與密碼,42,10,20
pair_00736,in,21,,4:a5c86bc8-e1c8-48a4-9fd0-5fce4dadda17:1327,虛擬伺服器,system,虛擬伺服器,4:a5c86bc8-e1c8-48a4-9fd0-5fce4dadda17:4188,自動登出,feature,自動登出,42,10,20
pair_00737,in,21,,4:a5c86bc8-e1c8-48a4-9fd0-5fce4dadda17:2563,網際網路,system,網際網路,4:a5c86bc8-e1c8-48a4-9fd0-5fce4dadda17:3993,非關聯式資料庫,tool,非關聯式資料庫,42,10,20
pair_00738,in,21,,4:a5c86bc8-e1c8-48a4-9fd0-5fce4dadda17:564,使用權,policy,使用權,4:a5c86bc8-e1c8-48a4-9fd0-5fce4dadda17:1226,雲端儲存服務,app,雲端儲存服務,42,10,20
pair_00739,in,21,,4:a5c86bc8-e1c8-48a4-9fd0-5fce4dadda17:1239,microsoft onedrive,app,microsoftonedrive,4:a5c86bc8-e1c8-48a4-9fd0-5fce4dadda17:4187,機密檔案加密系統,app,機密檔案加密系統,42,10,20
pair_00740,in,21,,4:a5c86bc8-e1c8-48a4-9fd0-5fce4dadda17:1519,角色與職責,policy,角色與職責,4:a5c86bc8-e1c8-48a4-9fd0-5fce4dadda17:4144,軟體即服務(saas),app,軟體即服務,42,10,20
pair_00741,cross,21,8,4:a5c86bc8-e1c8-48a4-9fd0-5fce4dadda17:1068,ssid,data,ssid,4:a5c86bc8-e1c8-48a4-9fd0-5fce4dadda17:304,密碼複雜度要求,policy,密碼複雜度要求,42,10,20
pair_00742,cross,21,32,4:a5c86bc8-e1c8-48a4-9fd0-5fce4dadda17:1326,企業或組織內部,system,企業或組織內部,4:a5c86bc8-e1c8-48a4-9fd0-5fce4dadda17:152,cron,tool,cron,42,10,20
pair_00743,cross,21,46,4:a5c86bc8-e1c8-48a4-9fd0-5fce4dadda17:4041,otp app,app,otpapp,4:a5c86bc8-e1c8-48a4-9fd0-5fce4dadda17:692,消防系統,system,消防系統,42,10,20
pair_00744,cross,21,16,4:a5c86bc8-e1c8-48a4-9fd0-5fce4dadda17:431,免費軟體,app,免費軟體,4:a5c86bc8-e1c8-48a4-9fd0-5fce4dadda17:524,遭竊的程式碼簽署憑證,attack,遭竊的程式碼簽署憑證,42,10,20
pair_00745,cross,21,11,4:a5c86bc8-e1c8-48a4-9fd0-5fce4dadda17:1325,可擴充的儲存容量,feature,可擴充的儲存容量,4:a5c86bc8-e1c8-48a4-9fd0-5fce4dadda17:310,事故報告,function,事故報告,42,10,20
pair_00746,cross,21,7,4:a5c86bc8-e1c8-48a4-9fd0-5fce4dadda17:190,帳戶活動記錄,data,帳戶活動記錄,4:a5c86bc8-e1c8-48a4-9fd0-5fce4dadda17:3221,詐騙郵件,attack,詐騙郵件,42,10,20
pair_00747,cross,21,52,4:a5c86bc8-e1c8-48a4-9fd0-5fce4dadda17:3854,公有雲,system,公有雲,4:a5c86bc8-e1c8-48a4-9fd0-5fce4dadda17:569,外洩的資料,data,外洩的資料,42,10,20
pair_00748,cross,21,14,4:a5c86bc8-e1c8-48a4-9fd0-5fce4dadda17:186,多人共享資源池,feature,多人共享資源池,4:a5c86bc8-e1c8-48a4-9fd0-5fce4dadda17:1530,nmap,tool,nmap,42,10,20
pair_00749,cross,21,52,4:a5c86bc8-e1c8-48a4-9fd0-5fce4dadda17:3847,mapper 程式,app,mapper程式,4:a5c86bc8-e1c8-48a4-9fd0-5fce4dadda17:3559,中國菜刀(china chopper),tool,中國菜刀,42,10,20
pair_00750,cross,21,42,4:a5c86bc8-e1c8-48a4-9fd0-5fce4dadda17:3848,nosql 資料庫,app,nosql資料庫,4:a5c86bc8-e1c8-48a4-9fd0-5fce4dadda17:2024,告知利用期間與地區,feature,告知利用期間與地區,42,10,20
pair_00751,cross,21,19,4:a5c86bc8-e1c8-48a4-9fd0-5fce4dadda17:2707,基地台,system,基地台,4:a5c86bc8-e1c8-48a4-9fd0-5fce4dadda17:582,稽核日誌定義策略,policy,稽核日誌定義策略,42,10,20
pair_00752,cross,21,15,4:a5c86bc8-e1c8-48a4-9fd0-5fce4dadda17:2667,wan,system,wan,4:a5c86bc8-e1c8-48a4-9fd0-5fce4dadda17:272,any.run,tool,anyrun,42,10,20
pair_00753,cross,21,13,4:a5c86bc8-e1c8-48a4-9fd0-5fce4dadda17:3959,儲存容量,feature,儲存容量,4:a5c86bc8-e1c8-48a4-9fd0-5fce4dadda17:851,php 網頁,app,php網頁,42,10,20
pair_00754,cross,21,14,4:a5c86bc8-e1c8-48a4-9fd0-5fce4dadda17:2667,wan,system,wan,4:a5c86bc8-e1c8-48a4-9fd0-5fce4dadda17:4076,財會人員,user,財會人員,42,10,20
pair_00755,cross,21,18,4:a5c86bc8-e1c8-48a4-9fd0-5fce4dadda17:591,周邊設備,feature,周邊設備,4:a5c86bc8-e1c8-48a4-9fd0-5fce4dadda17:3969,傳統資訊基礎設施,system,傳統資訊基礎設施,42,10,20
pair_00756,cross,21,6,4:a5c86bc8-e1c8-48a4-9fd0-5fce4dadda17:84,封存,feature,封存,4:a5c86bc8-e1c8-48a4-9fd0-5fce4dadda17:3457,大頻寬,feature,大頻寬,42,10,20
pair_00757,cross,21,41,4:a5c86bc8-e1c8-48a4-9fd0-5fce4dadda17:441,自行擴散,function,自行擴散,4:a5c86bc8-e1c8-48a4-9fd0-5fce4dadda17:3164,阻擋訊息,feature,阻擋訊息,42,10,20
pair_00758,cross,21,9,4:a5c86bc8-e1c8-48a4-9fd0-5fce4dadda17:4144,軟體即服務(saas),app,軟體即服務,4:a5c86bc8-e1c8-48a4-9fd0-5fce4dadda17:3918,物聯網雲端平台,system,物聯網雲端平台,42,10,20
pair_00759,cross,21,16,4:a5c86bc8-e1c8-48a4-9fd0-5fce4dadda17:2521,散布電腦病毒,attack,散布電腦病毒,4:a5c86bc8-e1c8-48a4-9fd0-5fce4dadda17:258,firefox,app,firefox,42,10,20
pair_00760,cross,21,32,4:a5c86bc8-e1c8-48a4-9fd0-5fce4dadda17:4187,機密檔案加密系統,app,機密檔案加密系統,4:a5c86bc8-e1c8-48a4-9fd0-5fce4dadda17:218,/var/log/cron,data,varlogcron,42,10,20
pair_00761,in,23,,4:a5c86bc8-e1c8-48a4-9fd0-5fce4dadda17:476,資料殘留在硬碟,vulnerability,資料殘留在硬碟,4:a5c86bc8-e1c8-48a4-9fd0-5fce4dadda17:3437,竊聽,attack,竊聽,42,10,20
pair_00762,in,23,,4:a5c86bc8-e1c8-48a4-9fd0-5fce4dadda17:1887,sniffing,technique,sniffing,4:a5c86bc8-e1c8-48a4-9fd0-5fce4dadda17:2663,資料堆疊,feature,資料堆疊,42,10,20
pair_00763,in,23,,4:a5c86bc8-e1c8-48a4-9fd0-5fce4dadda17:343,簡訊,tool,簡訊,4:a5c86bc8-e1c8-48a4-9fd0-5fce4dadda17:1989,人與人的互動,technique,人與人的互動,42,10,20
pair_00764,in,23,,4:a5c86bc8-e1c8-48a4-9fd0-5fce4dadda17:1194,解譯器,app,解譯器,4:a5c86bc8-e1c8-48a4-9fd0-5fce4dadda17:1887,sniffing,technique,sniffing,42,10,20
pair_00765,in,23,,4:a5c86bc8-e1c8-48a4-9fd0-5fce4dadda17:460,隨身碟,tool,隨身碟,4:a5c86bc8-e1c8-48a4-9fd0-5fce4dadda17:2374,無憑證檢查,vulnerability,無憑證檢查,42,10,20
pair_00766,in,23,,4:a5c86bc8-e1c8-48a4-9fd0-5fce4dadda17:110,社交工程攻擊,attack,社交工程攻擊,4:a5c86bc8-e1c8-48a4-9fd0-5fce4dadda17:3254,os 命令注入,attack,os命令注入,42,10,20
pair_00767,in,23,,4:a5c86bc8-e1c8-48a4-9fd0-5fce4dadda17:2660,機密性,principle,機密性,4:a5c86bc8-e1c8-48a4-9fd0-5fce4dadda17:2865,頻外配對 (out-of-band pairing),technique,頻外配對,42,10,20
pair_00768,in,23,,4:a5c86bc8-e1c8-48a4-9fd0-5fce4dadda17:1228,社交工程演練測試,technique,社交工程演練測試,4:a5c86bc8-e1c8-48a4-9fd0-5fce4dadda17:4086,aes 加密演算法,technique,aes加密演算法,42,10,20
pair_00769,in,23,,4:a5c86bc8-e1c8-48a4-9fd0-5fce4dadda17:123,dnssec,technique,dnssec,4:a5c86bc8-e1c8-48a4-9fd0-5fce4dadda17:2865,頻外配對 (out-of-band pairing),technique,頻外配對,42,10,20
pair_00770,in,23,,4:a5c86bc8-e1c8-48a4-9fd0-5fce4dadda17:427,邏輯主機安全機制,system,邏輯主機安全機制,4:a5c86bc8-e1c8-48a4-9fd0-5fce4dadda17:4042,認證風險,risk,認證風險,42,10,20
pair_00771,in,23,,4:a5c86bc8-e1c8-48a4-9fd0-5fce4dadda17:3670,注入攻擊,attack,注入攻擊,4:a5c86bc8-e1c8-48a4-9fd0-5fce4dadda17:3926,otp,tool,otp,42,10,20
pair_00772,in,23,,4:a5c86bc8-e1c8-48a4-9fd0-5fce4dadda17:446,email,tool,email,4:a5c86bc8-e1c8-48a4-9fd0-5fce4dadda17:1178,卡片資料,data,卡片資料,42,10,20
pair_00773,in,23,,4:a5c86bc8-e1c8-48a4-9fd0-5fce4dadda17:456,一次性密碼產製器,tool,一次性密碼產製器,4:a5c86bc8-e1c8-48a4-9fd0-5fce4dadda17:3225,威脅行為者,attacker,威脅行為者,42,10,20
pair_00774,in,23,,4:a5c86bc8-e1c8-48a4-9fd0-5fce4dadda17:3013,mimikatz,tool,mimikatz,4:a5c86bc8-e1c8-48a4-9fd0-5fce4dadda17:4201,現代密碼學技術,technique,現代密碼學技術,42,10,20
pair_00775,in,23,,4:a5c86bc8-e1c8-48a4-9fd0-5fce4dadda17:427,邏輯主機安全機制,system,邏輯主機安全機制,4:a5c86bc8-e1c8-48a4-9fd0-5fce4dadda17:1060,未經授權的揭露,attack,未經授權的揭露,42,10,20
pair_00776,in,23,,4:a5c86bc8-e1c8-48a4-9fd0-5fce4dadda17:1178,卡片資料,data,卡片資料,4:a5c86bc8-e1c8-48a4-9fd0-5fce4dadda17:1179,個人化服務,function,個人化服務,42,10,20
pair_00777,in,23,,4:a5c86bc8-e1c8-48a4-9fd0-5fce4dadda17:425,實體主機安全機制,system,實體主機安全機制,4:a5c86bc8-e1c8-48a4-9fd0-5fce4dadda17:2865,頻外配對 (out-of-band pairing),technique,頻外配對,42,10,20
pair_00778,in,23,,4:a5c86bc8-e1c8-48a4-9fd0-5fce4dadda17:1179,個人化服務,function,個人化服務,4:a5c86bc8-e1c8-48a4-9fd0-5fce4dadda17:3712,wireshark,tool,wireshark,42,10,20
pair_00779,in,23,,4:a5c86bc8-e1c8-48a4-9fd0-5fce4dadda17:1182,不安全的反序列化,attack,不安全的反序列化,4:a5c86bc8-e1c8-48a4-9fd0-5fce4dadda17:2664,記憶體空間,feature,記憶體空間,42,10,20
pair_00780,in,23,,4:a5c86bc8-e1c8-48a4-9fd0-5fce4dadda17:425,實體主機安全機制,system,實體主機安全機制,4:a5c86bc8-e1c8-48a4-9fd0-5fce4dadda17:1182,不安全的反序列化,attack,不安全的反序列化,42,10,20
pair_00781,cross,23,7,4:a5c86bc8-e1c8-48a4-9fd0-5fce4dadda17:2274,防毒及郵件過濾解決方案,tool,防毒及郵件過濾解決方案,4:a5c86bc8-e1c8-48a4-9fd0-5fce4dadda17:4311,通訊隱私,policy,通訊隱私,42,10,20
pair_00782,cross,23,33,4:a5c86bc8-e1c8-48a4-9fd0-5fce4dadda17:3225,威脅行為者,attacker,威脅行為者,4:a5c86bc8-e1c8-48a4-9fd0-5fce4dadda17:1274,ip資訊,data,ip資訊,42,10,20
pair_00783,cross,23,28,4:a5c86bc8-e1c8-48a4-9fd0-5fce4dadda17:416,自然人憑證 ic 卡,tool,自然人憑證ic卡,4:a5c86bc8-e1c8-48a4-9fd0-5fce4dadda17:1323,owasp top ten mobile risks,technique,owasptoptenmobilerisks,42,10,20
pair_00784,cross,23,54,4:a5c86bc8-e1c8-48a4-9fd0-5fce4dadda17:3642,使用 wireshark,attack,使用wireshark,4:a5c86bc8-e1c8-48a4-9fd0-5fce4dadda17:2523,電子簽章法,policy,電子簽章法,42,10,20
pair_00785,cross,23,26,4:a5c86bc8-e1c8-48a4-9fd0-5fce4dadda17:4086,aes 加密演算法,technique,aes加密演算法,4:a5c86bc8-e1c8-48a4-9fd0-5fce4dadda17:3426,基本網路安全服務,technique,基本網路安全服務,42,10,20
pair_00786,cross,23,5,4:a5c86bc8-e1c8-48a4-9fd0-5fce4dadda17:1178,卡片資料,data,卡片資料,4:a5c86bc8-e1c8-48a4-9fd0-5fce4dadda17:1167,日誌 (logs),data,日誌,42,10,20
pair_00787,cross,23,10,4:a5c86bc8-e1c8-48a4-9fd0-5fce4dadda17:2865,頻外配對 (out-of-band pairing),technique,頻外配對,4:a5c86bc8-e1c8-48a4-9fd0-5fce4dadda17:2692,客戶端加密,technique,客戶端加密,42,10,20
pair_00788,cross,23,10,4:a5c86bc8-e1c8-48a4-9fd0-5fce4dadda17:456,一次性密碼產製器,tool,一次性密碼產製器,4:a5c86bc8-e1c8-48a4-9fd0-5fce4dadda17:2922,內部工程師,user,內部工程師,42,10,20
pair_00789,cross,23,9,4:a5c86bc8-e1c8-48a4-9fd0-5fce4dadda17:425,實體主機安全機制,system,實體主機安全機制,4:a5c86bc8-e1c8-48a4-9fd0-5fce4dadda17:4153,垃圾搜尋,attack,垃圾搜尋,42,10,20
pair_00790,cross,23,8,4:a5c86bc8-e1c8-48a4-9fd0-5fce4dadda17:344,郵件,tool,郵件,4:a5c86bc8-e1c8-48a4-9fd0-5fce4dadda17:3268,不當的錯誤處理,vulnerability,不當的錯誤處理,42,10,20
pair_00791,cross,23,28,4:a5c86bc8-e1c8-48a4-9fd0-5fce4dadda17:2697,規範輸入格式,technique,規範輸入格式,4:a5c86bc8-e1c8-48a4-9fd0-5fce4dadda17:841,frr,feature,frr,42,10,20
pair_00792,cross,23,2,4:a5c86bc8-e1c8-48a4-9fd0-5fce4dadda17:1179,個人化服務,function,個人化服務,4:a5c86bc8-e1c8-48a4-9fd0-5fce4dadda17:523,法規要求與限制,policy,法規要求與限制,42,10,20
pair_00793,cross,23,54,4:a5c86bc8-e1c8-48a4-9fd0-5fce4dadda17:4042,認證風險,risk,認證風險,4:a5c86bc8-e1c8-48a4-9fd0-5fce4dadda17:4066,管理審查會議,function,管理審查會議,42,10,20
pair_00794,cross,23,4,4:a5c86bc8-e1c8-48a4-9fd0-5fce4dadda17:427,邏輯主機安全機制,system,邏輯主機安全機制,4:a5c86bc8-e1c8-48a4-9fd0-5fce4dadda17:99,遠端桌面服務,app,遠端桌面服務,42,10,20
pair_00795,cross,23,41,4:a5c86bc8-e1c8-48a4-9fd0-5fce4dadda17:565,公司電腦,system,公司電腦,4:a5c86bc8-e1c8-48a4-9fd0-5fce4dadda17:2624,離線式ups,tool,離線式ups,42,10,20
pair_00796,cross,23,14,4:a5c86bc8-e1c8-48a4-9fd0-5fce4dadda17:1179,個人化服務,function,個人化服務,4:a5c86bc8-e1c8-48a4-9fd0-5fce4dadda17:327,juicy potato,vulnerability,juicypotato,42,10,20
pair_00797,cross,23,13,4:a5c86bc8-e1c8-48a4-9fd0-5fce4dadda17:433,密碼側錄攻擊,attack,密碼側錄攻擊,4:a5c86bc8-e1c8-48a4-9fd0-5fce4dadda17:3263,網頁輸入格式,feature,網頁輸入格式,42,10,20
pair_00798,cross,23,16,4:a5c86bc8-e1c8-48a4-9fd0-5fce4dadda17:3642,使用 wireshark,attack,使用wireshark,4:a5c86bc8-e1c8-48a4-9fd0-5fce4dadda17:3942,應用層,feature,應用層,42,10,20
pair_00799,cross,23,14,4:a5c86bc8-e1c8-48a4-9fd0-5fce4dadda17:1016,ssh,tool,ssh,4:a5c86bc8-e1c8-48a4-9fd0-5fce4dadda17:199,port 掃描,function,port掃描,42,10,20
pair_00800,cross,23,5,4:a5c86bc8-e1c8-48a4-9fd0-5fce4dadda17:476,資料殘留在硬碟,vulnerability,資料殘留在硬碟,4:a5c86bc8-e1c8-48a4-9fd0-5fce4dadda17:4140,內部時間同步主機,system,內部時間同步主機,42,10,20
pair_00801,in,24,,4:a5c86bc8-e1c8-48a4-9fd0-5fce4dadda17:896,欄位獨立,feature,欄位獨立,4:a5c86bc8-e1c8-48a4-9fd0-5fce4dadda17:2684,主鍵,feature,主鍵,42,10,20
pair_00802,in,24,,4:a5c86bc8-e1c8-48a4-9fd0-5fce4dadda17:2682,關聯表,feature,關聯表,4:a5c86bc8-e1c8-48a4-9fd0-5fce4dadda17:3135,wep,tool,wep,42,10,20
pair_00803,in,24,,4:a5c86bc8-e1c8-48a4-9fd0-5fce4dadda17:3158,藍牙,system,藍牙,4:a5c86bc8-e1c8-48a4-9fd0-5fce4dadda17:4073,生理特徵認證設備,tool,生理特徵認證設備,42,10,20
pair_00804,in,24,,4:a5c86bc8-e1c8-48a4-9fd0-5fce4dadda17:2409,視網膜,feature,視網膜,4:a5c86bc8-e1c8-48a4-9fd0-5fce4dadda17:3351,無線通訊,system,無線通訊,42,10,20
pair_00805,in,24,,4:a5c86bc8-e1c8-48a4-9fd0-5fce4dadda17:894,欄位單一化,feature,欄位單一化,4:a5c86bc8-e1c8-48a4-9fd0-5fce4dadda17:1093,簡易模式,feature,簡易模式,42,10,20
pair_00806,in,24,,4:a5c86bc8-e1c8-48a4-9fd0-5fce4dadda17:896,欄位獨立,feature,欄位獨立,4:a5c86bc8-e1c8-48a4-9fd0-5fce4dadda17:2063,something you are,feature,somethingyouare,42,10,20
pair_00807,in,24,,4:a5c86bc8-e1c8-48a4-9fd0-5fce4dadda17:1021,藍牙無線通訊,system,藍牙無線通訊,4:a5c86bc8-e1c8-48a4-9fd0-5fce4dadda17:3563,aaa 協定,tool,aaa協定,42,10,20
pair_00808,in,24,,4:a5c86bc8-e1c8-48a4-9fd0-5fce4dadda17:3128,ieee 802.11,system,ieee80211,4:a5c86bc8-e1c8-48a4-9fd0-5fce4dadda17:4191,authorization,function,authorization,42,10,20
pair_00809,in,24,,4:a5c86bc8-e1c8-48a4-9fd0-5fce4dadda17:894,欄位單一化,feature,欄位單一化,4:a5c86bc8-e1c8-48a4-9fd0-5fce4dadda17:4166,指紋,feature,指紋,42,10,20
pair_00810,in,24,,4:a5c86bc8-e1c8-48a4-9fd0-5fce4dadda17:2409,視網膜,feature,視網膜,4:a5c86bc8-e1c8-48a4-9fd0-5fce4dadda17:4193,accounting,function,accounting,42,10,20
pair_00811,in,24,,4:a5c86bc8-e1c8-48a4-9fd0-5fce4dadda17:896,欄位獨立,feature,欄位獨立,4:a5c86bc8-e1c8-48a4-9fd0-5fce4dadda17:897,學生關聯表,feature,學生關聯表,42,10,20
pair_00812,in,24,,4:a5c86bc8-e1c8-48a4-9fd0-5fce4dadda17:1073,主控端 (master),system,主控端,4:a5c86bc8-e1c8-48a4-9fd0-5fce4dadda17:3453,你所擁有的事物,feature,你所擁有的事物,42,10,20
pair_00813,in,24,,4:a5c86bc8-e1c8-48a4-9fd0-5fce4dadda17:1021,藍牙無線通訊,system,藍牙無線通訊,4:a5c86bc8-e1c8-48a4-9fd0-5fce4dadda17:4193,accounting,function,accounting,42,10,20
pair_00814,in,24,,4:a5c86bc8-e1c8-48a4-9fd0-5fce4dadda17:306,終端裝置,system,終端裝置,4:a5c86bc8-e1c8-48a4-9fd0-5fce4dadda17:3147,藍牙網路 (piconet),system,藍牙網路,42,10,20
pair_00815,in,24,,4:a5c86bc8-e1c8-48a4-9fd0-5fce4dadda17:2689,資料表,feature,資料表,4:a5c86bc8-e1c8-48a4-9fd0-5fce4dadda17:4183,錯誤拒絕率 (frr),feature,錯誤拒絕率,42,10,20
pair_00816,in,24,,4:a5c86bc8-e1c8-48a4-9fd0-5fce4dadda17:2689,資料表,feature,資料表,4:a5c86bc8-e1c8-48a4-9fd0-5fce4dadda17:4113,個人識別證,tool,個人識別證,42,10,20
pair_00817,in,24,,4:a5c86bc8-e1c8-48a4-9fd0-5fce4dadda17:1021,藍牙無線通訊,system,藍牙無線通訊,4:a5c86bc8-e1c8-48a4-9fd0-5fce4dadda17:4179,所持之物,feature,所持之物,42,10,20
pair_00818,in,24,,4:a5c86bc8-e1c8-48a4-9fd0-5fce4dadda17:896,欄位獨立,feature,欄位獨立,4:a5c86bc8-e1c8-48a4-9fd0-5fce4dadda17:2685,關聯表綱要,feature,關聯表綱要,42,10,20
pair_00819,in,24,,4:a5c86bc8-e1c8-48a4-9fd0-5fce4dadda17:1124,健保 ic 卡,tool,健保ic卡,4:a5c86bc8-e1c8-48a4-9fd0-5fce4dadda17:2587,oracle,app,oracle,42,10,20
pair_00820,in,24,,4:a5c86bc8-e1c8-48a4-9fd0-5fce4dadda17:419,身分識別,feature,身分識別,4:a5c86bc8-e1c8-48a4-9fd0-5fce4dadda17:1295,aaa (應用系統安全防護),tool,aaa,42,10,20
pair_00821,cross,24,14,4:a5c86bc8-e1c8-48a4-9fd0-5fce4dadda17:2786,通訊埠 1812,feature,通訊埠1812,4:a5c86bc8-e1c8-48a4-9fd0-5fce4dadda17:2895,軟體測試,technique,軟體測試,42,10,20
pair_00822,cross,24,9,4:a5c86bc8-e1c8-48a4-9fd0-5fce4dadda17:2586,mysql,app,mysql,4:a5c86bc8-e1c8-48a4-9fd0-5fce4dadda17:3379,未經授權的個人,attacker,未經授權的個人,42,10,20
pair_00823,cross,24,12,4:a5c86bc8-e1c8-48a4-9fd0-5fce4dadda17:1093,簡易模式,feature,簡易模式,4:a5c86bc8-e1c8-48a4-9fd0-5fce4dadda17:2502,滅火器材,tool,滅火器材,42,10,20
pair_00824,cross,24,13,4:a5c86bc8-e1c8-48a4-9fd0-5fce4dadda17:3445,藍牙裝置,system,藍牙裝置,4:a5c86bc8-e1c8-48a4-9fd0-5fce4dadda17:1347,白名單過濾輸入參數,technique,白名單過濾輸入參數,42,10,20
pair_00825,cross,24,71,4:a5c86bc8-e1c8-48a4-9fd0-5fce4dadda17:3158,藍牙,system,藍牙,4:a5c86bc8-e1c8-48a4-9fd0-5fce4dadda17:3177,校園ic卡,app,校園ic卡,42,10,20
pair_00826,cross,24,14,4:a5c86bc8-e1c8-48a4-9fd0-5fce4dadda17:2686,外來鍵,feature,外來鍵,4:a5c86bc8-e1c8-48a4-9fd0-5fce4dadda17:625,安全主管,securityTeam,安全主管,42,10,20
pair_00827,cross,24,19,4:a5c86bc8-e1c8-48a4-9fd0-5fce4dadda17:2199,身分識別與存取管理 (iam),tool,身分識別與存取管理,4:a5c86bc8-e1c8-48a4-9fd0-5fce4dadda17:253,記錄相關細節,technique,記錄相關細節,42,10,20
pair_00828,cross,24,21,4:a5c86bc8-e1c8-48a4-9fd0-5fce4dadda17:1070,iv (初始值),feature,iv,4:a5c86bc8-e1c8-48a4-9fd0-5fce4dadda17:3859,混合雲,system,混合雲,42,10,20
pair_00829,cross,24,33,4:a5c86bc8-e1c8-48a4-9fd0-5fce4dadda17:3611,使用者身份,data,使用者身份,4:a5c86bc8-e1c8-48a4-9fd0-5fce4dadda17:323,dns record,data,dnsrecord,42,10,20
pair_00830,cross,24,13,4:a5c86bc8-e1c8-48a4-9fd0-5fce4dadda17:4277,多因子認證,function,多因子認證,4:a5c86bc8-e1c8-48a4-9fd0-5fce4dadda17:1272,web service url,data,webserviceurl,42,10,20
pair_00831,cross,24,12,4:a5c86bc8-e1c8-48a4-9fd0-5fce4dadda17:418,pki,system,pki,4:a5c86bc8-e1c8-48a4-9fd0-5fce4dadda17:4233,控制受害範圍,technique,控制受害範圍,42,10,20
pair_00832,cross,24,21,4:a5c86bc8-e1c8-48a4-9fd0-5fce4dadda17:2436,動態特徵,feature,動態特徵,4:a5c86bc8-e1c8-48a4-9fd0-5fce4dadda17:4185,權限異動申請政策,policy,權限異動申請政策,42,10,20
pair_00833,cross,24,33,4:a5c86bc8-e1c8-48a4-9fd0-5fce4dadda17:4080,ldap,tool,ldap,4:a5c86bc8-e1c8-48a4-9fd0-5fce4dadda17:1217,封包過濾,function,封包過濾,42,10,20
pair_00834,cross,24,16,4:a5c86bc8-e1c8-48a4-9fd0-5fce4dadda17:4178,所知之事,feature,所知之事,4:a5c86bc8-e1c8-48a4-9fd0-5fce4dadda17:1307,物聯網架構,system,物聯網架構,42,10,20
pair_00835,cross,24,13,4:a5c86bc8-e1c8-48a4-9fd0-5fce4dadda17:2063,something you are,feature,somethingyouare,4:a5c86bc8-e1c8-48a4-9fd0-5fce4dadda17:844,資料庫管理系統,tool,資料庫管理系統,42,10,20
pair_00836,cross,24,27,4:a5c86bc8-e1c8-48a4-9fd0-5fce4dadda17:3135,wep,tool,wep,4:a5c86bc8-e1c8-48a4-9fd0-5fce4dadda17:3015,密碼登入系統,tool,密碼登入系統,42,10,20
pair_00837,cross,24,4,4:a5c86bc8-e1c8-48a4-9fd0-5fce4dadda17:896,欄位獨立,feature,欄位獨立,4:a5c86bc8-e1c8-48a4-9fd0-5fce4dadda17:420,最長中斷時間,data,最長中斷時間,42,10,20
pair_00838,cross,24,45,4:a5c86bc8-e1c8-48a4-9fd0-5fce4dadda17:2684,主鍵,feature,主鍵,4:a5c86bc8-e1c8-48a4-9fd0-5fce4dadda17:684,銀行支付結算系統,system,銀行支付結算系統,42,10,20
pair_00839,cross,24,6,4:a5c86bc8-e1c8-48a4-9fd0-5fce4dadda17:3611,使用者身份,data,使用者身份,4:a5c86bc8-e1c8-48a4-9fd0-5fce4dadda17:1031,mic,feature,mic,42,10,20
pair_00840,cross,24,13,4:a5c86bc8-e1c8-48a4-9fd0-5fce4dadda17:1073,主控端 (master),system,主控端,4:a5c86bc8-e1c8-48a4-9fd0-5fce4dadda17:1061,關鍵系統,system,關鍵系統,42,10,20
pair_00841,in,25,,4:a5c86bc8-e1c8-48a4-9fd0-5fce4dadda17:473,去中心化,feature,去中心化,4:a5c86bc8-e1c8-48a4-9fd0-5fce4dadda17:677,線上行銷,feature,線上行銷,42,10,20
pair_00842,in,25,,4:a5c86bc8-e1c8-48a4-9fd0-5fce4dadda17:436,防止程式碼被篡改,function,防止程式碼被篡改,4:a5c86bc8-e1c8-48a4-9fd0-5fce4dadda17:536,防護縱深,feature,防護縱深,42,10,20
pair_00843,in,25,,4:a5c86bc8-e1c8-48a4-9fd0-5fce4dadda17:2536,區塊鏈,system,區塊鏈,4:a5c86bc8-e1c8-48a4-9fd0-5fce4dadda17:2608,資訊流,data,資訊流,42,10,20
pair_00844,in,25,,4:a5c86bc8-e1c8-48a4-9fd0-5fce4dadda17:677,線上行銷,feature,線上行銷,4:a5c86bc8-e1c8-48a4-9fd0-5fce4dadda17:2536,區塊鏈,system,區塊鏈,42,10,20
pair_00845,in,25,,4:a5c86bc8-e1c8-48a4-9fd0-5fce4dadda17:679,買方資料,data,買方資料,4:a5c86bc8-e1c8-48a4-9fd0-5fce4dadda17:3463,不可否認性,function,不可否認性,42,10,20
pair_00846,in,25,,4:a5c86bc8-e1c8-48a4-9fd0-5fce4dadda17:436,防止程式碼被篡改,function,防止程式碼被篡改,4:a5c86bc8-e1c8-48a4-9fd0-5fce4dadda17:2536,區塊鏈,system,區塊鏈,42,10,20
pair_00847,in,25,,4:a5c86bc8-e1c8-48a4-9fd0-5fce4dadda17:606,p2p,system,p2p,4:a5c86bc8-e1c8-48a4-9fd0-5fce4dadda17:678,集體採購,feature,集體採購,42,10,20
pair_00848,in,25,,4:a5c86bc8-e1c8-48a4-9fd0-5fce4dadda17:59,存放位置,feature,存放位置,4:a5c86bc8-e1c8-48a4-9fd0-5fce4dadda17:2738,電子簽章,tool,電子簽章,42,10,20
pair_00849,in,25,,4:a5c86bc8-e1c8-48a4-9fd0-5fce4dadda17:678,集體採購,feature,集體採購,4:a5c86bc8-e1c8-48a4-9fd0-5fce4dadda17:2651,時戳,data,時戳,42,10,20
pair_00850,in,25,,4:a5c86bc8-e1c8-48a4-9fd0-5fce4dadda17:59,存放位置,feature,存放位置,4:a5c86bc8-e1c8-48a4-9fd0-5fce4dadda17:474,開放性,feature,開放性,42,10,20
pair_00851,in,25,,4:a5c86bc8-e1c8-48a4-9fd0-5fce4dadda17:485,技術面,system,技術面,4:a5c86bc8-e1c8-48a4-9fd0-5fce4dadda17:681,傳統付款機制,feature,傳統付款機制,42,10,20
pair_00852,in,25,,4:a5c86bc8-e1c8-48a4-9fd0-5fce4dadda17:60,成本,feature,成本,4:a5c86bc8-e1c8-48a4-9fd0-5fce4dadda17:662,b2b,system,b2b,42,10,20
pair_00853,in,25,,4:a5c86bc8-e1c8-48a4-9fd0-5fce4dadda17:604,網路拍賣,app,網路拍賣,4:a5c86bc8-e1c8-48a4-9fd0-5fce4dadda17:777,法律證據,data,法律證據,42,10,20
pair_00854,in,25,,4:a5c86bc8-e1c8-48a4-9fd0-5fce4dadda17:599,經營者,user,經營者,4:a5c86bc8-e1c8-48a4-9fd0-5fce4dadda17:681,傳統付款機制,feature,傳統付款機制,42,10,20
pair_00855,in,25,,4:a5c86bc8-e1c8-48a4-9fd0-5fce4dadda17:474,開放性,feature,開放性,4:a5c86bc8-e1c8-48a4-9fd0-5fce4dadda17:659,電子資金轉換,tool,電子資金轉換,42,10,20
pair_00856,in,25,,4:a5c86bc8-e1c8-48a4-9fd0-5fce4dadda17:673,及時訊息服務,feature,及時訊息服務,4:a5c86bc8-e1c8-48a4-9fd0-5fce4dadda17:2609,物流,data,物流,42,10,20
pair_00857,in,25,,4:a5c86bc8-e1c8-48a4-9fd0-5fce4dadda17:2490,電子商務,system,電子商務,4:a5c86bc8-e1c8-48a4-9fd0-5fce4dadda17:2609,物流,data,物流,42,10,20
pair_00858,in,25,,4:a5c86bc8-e1c8-48a4-9fd0-5fce4dadda17:536,防護縱深,feature,防護縱深,4:a5c86bc8-e1c8-48a4-9fd0-5fce4dadda17:2537,區塊,feature,區塊,42,10,20
pair_00859,in,25,,4:a5c86bc8-e1c8-48a4-9fd0-5fce4dadda17:473,去中心化,feature,去中心化,4:a5c86bc8-e1c8-48a4-9fd0-5fce4dadda17:2537,區塊,feature,區塊,42,10,20
pair_00860,in,25,,4:a5c86bc8-e1c8-48a4-9fd0-5fce4dadda17:485,技術面,system,技術面,4:a5c86bc8-e1c8-48a4-9fd0-5fce4dadda17:537,監控管理,feature,監控管理,42,10,20
pair_00861,cross,25,28,4:a5c86bc8-e1c8-48a4-9fd0-5fce4dadda17:599,經營者,user,經營者,4:a5c86bc8-e1c8-48a4-9fd0-5fce4dadda17:1081,臨時移動用戶識別碼,data,臨時移動用戶識別碼,42,10,20
pair_00862,cross,25,9,4:a5c86bc8-e1c8-48a4-9fd0-5fce4dadda17:663,普遍性,feature,普遍性,4:a5c86bc8-e1c8-48a4-9fd0-5fce4dadda17:4338,加密系統,system,加密系統,42,10,20
pair_00863,cross,25,41,4:a5c86bc8-e1c8-48a4-9fd0-5fce4dadda17:436,防止程式碼被篡改,function,防止程式碼被篡改,4:a5c86bc8-e1c8-48a4-9fd0-5fce4dadda17:4152,密碼原則,policy,密碼原則,42,10,20
pair_00864,cross,25,14,4:a5c86bc8-e1c8-48a4-9fd0-5fce4dadda17:3463,不可否認性,function,不可否認性,4:a5c86bc8-e1c8-48a4-9fd0-5fce4dadda17:2901,黑箱測試,technique,黑箱測試,42,10,20
pair_00865,cross,25,54,4:a5c86bc8-e1c8-48a4-9fd0-5fce4dadda17:607,o2o,system,o2o,4:a5c86bc8-e1c8-48a4-9fd0-5fce4dadda17:613,webtrust,tool,webtrust,42,10,20
pair_00866,cross,25,14,4:a5c86bc8-e1c8-48a4-9fd0-5fce4dadda17:3463,不可否認性,function,不可否認性,4:a5c86bc8-e1c8-48a4-9fd0-5fce4dadda17:1126,解析 xml 語法的應用程式,app,解析xml語法的應用程式,42,10,20
pair_00867,cross,25,16,4:a5c86bc8-e1c8-48a4-9fd0-5fce4dadda17:664,方便性,feature,方便性,4:a5c86bc8-e1c8-48a4-9fd0-5fce4dadda17:1304,自然語言處理,technique,自然語言處理,42,10,20
pair_00868,cross,25,15,4:a5c86bc8-e1c8-48a4-9fd0-5fce4dadda17:602,代購服務,app,代購服務,4:a5c86bc8-e1c8-48a4-9fd0-5fce4dadda17:769,目錄,feature,目錄,42,10,20
pair_00869,cross,25,45,4:a5c86bc8-e1c8-48a4-9fd0-5fce4dadda17:485,技術面,system,技術面,4:a5c86bc8-e1c8-48a4-9fd0-5fce4dadda17:4294,各級政府機關,securityTeam,各級政府機關,42,10,20
pair_00870,cross,25,41,4:a5c86bc8-e1c8-48a4-9fd0-5fce4dadda17:537,監控管理,feature,監控管理,4:a5c86bc8-e1c8-48a4-9fd0-5fce4dadda17:708,安全出口,feature,安全出口,42,10,20
pair_00871,cross,25,23,4:a5c86bc8-e1c8-48a4-9fd0-5fce4dadda17:536,防護縱深,feature,防護縱深,4:a5c86bc8-e1c8-48a4-9fd0-5fce4dadda17:1798,客戶資料,data,客戶資料,42,10,20
pair_00872,cross,25,12,4:a5c86bc8-e1c8-48a4-9fd0-5fce4dadda17:436,防止程式碼被篡改,function,防止程式碼被篡改,4:a5c86bc8-e1c8-48a4-9fd0-5fce4dadda17:995,美國職業安全與衛生管理部 (osha),securityTeam,美國職業安全與衛生管理部,42,10,20
pair_00873,cross,25,28,4:a5c86bc8-e1c8-48a4-9fd0-5fce4dadda17:436,防止程式碼被篡改,function,防止程式碼被篡改,4:a5c86bc8-e1c8-48a4-9fd0-5fce4dadda17:3181,sim卡,tool,sim卡,42,10,20
pair_00874,cross,25,32,4:a5c86bc8-e1c8-48a4-9fd0-5fce4dadda17:681,傳統付款機制,feature,傳統付款機制,4:a5c86bc8-e1c8-48a4-9fd0-5fce4dadda17:4112,selinux,tool,selinux,42,10,20
pair_00875,cross,25,12,4:a5c86bc8-e1c8-48a4-9fd0-5fce4dadda17:667,經營策略,policy,經營策略,4:a5c86bc8-e1c8-48a4-9fd0-5fce4dadda17:2971,問卷調查,technique,問卷調查,42,10,20
pair_00876,cross,25,16,4:a5c86bc8-e1c8-48a4-9fd0-5fce4dadda17:348,持續營運資料備份,system,持續營運資料備份,4:a5c86bc8-e1c8-48a4-9fd0-5fce4dadda17:2073,tcp/ip model,system,tcpipmodel,42,10,20
pair_00877,cross,25,29,4:a5c86bc8-e1c8-48a4-9fd0-5fce4dadda17:777,法律證據,data,法律證據,4:a5c86bc8-e1c8-48a4-9fd0-5fce4dadda17:91,主機安全機制,tool,主機安全機制,42,10,20
pair_00878,cross,25,5,4:a5c86bc8-e1c8-48a4-9fd0-5fce4dadda17:2490,電子商務,system,電子商務,4:a5c86bc8-e1c8-48a4-9fd0-5fce4dadda17:583,完整性保護機制,tool,完整性保護機制,42,10,20
pair_00879,cross,25,24,4:a5c86bc8-e1c8-48a4-9fd0-5fce4dadda17:675,拍賣網站,tool,拍賣網站,4:a5c86bc8-e1c8-48a4-9fd0-5fce4dadda17:1075,輔助端 (slave),system,輔助端,42,10,20
pair_00880,cross,25,39,4:a5c86bc8-e1c8-48a4-9fd0-5fce4dadda17:669,資料搜尋功能,feature,資料搜尋功能,4:a5c86bc8-e1c8-48a4-9fd0-5fce4dadda17:3754,操作環境,feature,操作環境,42,10,20
pair_00881,in,26,,4:a5c86bc8-e1c8-48a4-9fd0-5fce4dadda17:61,數位證據保存,function,數位證據保存,4:a5c86bc8-e1c8-48a4-9fd0-5fce4dadda17:3134,資料保密,technique,資料保密,42,10,20
pair_00882,in,26,,4:a5c86bc8-e1c8-48a4-9fd0-5fce4dadda17:2987,核心業務資訊,data,核心業務資訊,4:a5c86bc8-e1c8-48a4-9fd0-5fce4dadda17:4346,資料洩漏,attack,資料洩漏,42,10,20
pair_00883,in,26,,4:a5c86bc8-e1c8-48a4-9fd0-5fce4dadda17:1234,資料儲存與交易紀錄策略,policy,資料儲存與交易紀錄策略,4:a5c86bc8-e1c8-48a4-9fd0-5fce4dadda17:4290,資安通報流程,policy,資安通報流程,42,10,20
pair_00884,in,26,,4:a5c86bc8-e1c8-48a4-9fd0-5fce4dadda17:926,非核心業務一般資料,data,非核心業務一般資料,4:a5c86bc8-e1c8-48a4-9fd0-5fce4dadda17:4346,資料洩漏,attack,資料洩漏,42,10,20
pair_00885,in,26,,4:a5c86bc8-e1c8-48a4-9fd0-5fce4dadda17:628,數位證據控管工具,tool,數位證據控管工具,4:a5c86bc8-e1c8-48a4-9fd0-5fce4dadda17:4208,資料竄改,risk,資料竄改,42,10,20
pair_00886,in,26,,4:a5c86bc8-e1c8-48a4-9fd0-5fce4dadda17:3134,資料保密,technique,資料保密,4:a5c86bc8-e1c8-48a4-9fd0-5fce4dadda17:4137,監控和分析,function,監控和分析,42,10,20
pair_00887,in,26,,4:a5c86bc8-e1c8-48a4-9fd0-5fce4dadda17:1140,關鍵資訊基礎設施,system,關鍵資訊基礎設施,4:a5c86bc8-e1c8-48a4-9fd0-5fce4dadda17:1234,資料儲存與交易紀錄策略,policy,資料儲存與交易紀錄策略,42,10,20
pair_00888,in,26,,4:a5c86bc8-e1c8-48a4-9fd0-5fce4dadda17:61,數位證據保存,function,數位證據保存,4:a5c86bc8-e1c8-48a4-9fd0-5fce4dadda17:3042,pdca 管理模式,technique,pdca管理模式,42,10,20
pair_00889,in,26,,4:a5c86bc8-e1c8-48a4-9fd0-5fce4dadda17:2987,核心業務資訊,data,核心業務資訊,4:a5c86bc8-e1c8-48a4-9fd0-5fce4dadda17:4290,資安通報流程,policy,資安通報流程,42,10,20
pair_00890,in,26,,4:a5c86bc8-e1c8-48a4-9fd0-5fce4dadda17:785,智慧財產竊取,attack,智慧財產竊取,4:a5c86bc8-e1c8-48a4-9fd0-5fce4dadda17:1618,4級事件,attack,4級事件,42,10,20
pair_00891,in,26,,4:a5c86bc8-e1c8-48a4-9fd0-5fce4dadda17:628,數位證據控管工具,tool,數位證據控管工具,4:a5c86bc8-e1c8-48a4-9fd0-5fce4dadda17:2485,驗證,technique,驗證,42,10,20
pair_00892,in,26,,4:a5c86bc8-e1c8-48a4-9fd0-5fce4dadda17:3134,資料保密,technique,資料保密,4:a5c86bc8-e1c8-48a4-9fd0-5fce4dadda17:4290,資安通報流程,policy,資安通報流程,42,10,20
pair_00893,in,26,,4:a5c86bc8-e1c8-48a4-9fd0-5fce4dadda17:1140,關鍵資訊基礎設施,system,關鍵資訊基礎設施,4:a5c86bc8-e1c8-48a4-9fd0-5fce4dadda17:3134,資料保密,technique,資料保密,42,10,20
pair_00894,in,26,,4:a5c86bc8-e1c8-48a4-9fd0-5fce4dadda17:1140,關鍵資訊基礎設施,system,關鍵資訊基礎設施,4:a5c86bc8-e1c8-48a4-9fd0-5fce4dadda17:2485,驗證,technique,驗證,42,10,20
pair_00895,in,26,,4:a5c86bc8-e1c8-48a4-9fd0-5fce4dadda17:2717,行動,technique,行動,4:a5c86bc8-e1c8-48a4-9fd0-5fce4dadda17:4208,資料竄改,risk,資料竄改,42,10,20
pair_00896,in,26,,4:a5c86bc8-e1c8-48a4-9fd0-5fce4dadda17:2485,驗證,technique,驗證,4:a5c86bc8-e1c8-48a4-9fd0-5fce4dadda17:2902,關鍵資訊基礎設施系統或資料遭嚴重竄改,attack,關鍵資訊基礎設施系統或資料遭嚴重竄改,42,10,20
pair_00897,in,26,,4:a5c86bc8-e1c8-48a4-9fd0-5fce4dadda17:3426,基本網路安全服務,technique,基本網路安全服務,4:a5c86bc8-e1c8-48a4-9fd0-5fce4dadda17:4348,系統停頓,attack,系統停頓,42,10,20
pair_00898,in,26,,4:a5c86bc8-e1c8-48a4-9fd0-5fce4dadda17:926,非核心業務一般資料,data,非核心業務一般資料,4:a5c86bc8-e1c8-48a4-9fd0-5fce4dadda17:3042,pdca 管理模式,technique,pdca管理模式,42,10,20
pair_00899,in,26,,4:a5c86bc8-e1c8-48a4-9fd0-5fce4dadda17:1618,4級事件,attack,4級事件,4:a5c86bc8-e1c8-48a4-9fd0-5fce4dadda17:3042,pdca 管理模式,technique,pdca管理模式,42,10,20
pair_00900,in,26,,4:a5c86bc8-e1c8-48a4-9fd0-5fce4dadda17:2517,電腦鑑識,technique,電腦鑑識,4:a5c86bc8-e1c8-48a4-9fd0-5fce4dadda17:2983,硬碟資料,data,硬碟資料,42,10,20
pair_00901,cross,26,71,4:a5c86bc8-e1c8-48a4-9fd0-5fce4dadda17:4208,資料竄改,risk,資料竄改,4:a5c86bc8-e1c8-48a4-9fd0-5fce4dadda17:1174,pin 碼,data,pin碼,42,10,20
pair_00902,cross,26,16,4:a5c86bc8-e1c8-48a4-9fd0-5fce4dadda17:2902,關鍵資訊基礎設施系統或資料遭嚴重竄改,attack,關鍵資訊基礎設施系統或資料遭嚴重竄改,4:a5c86bc8-e1c8-48a4-9fd0-5fce4dadda17:1287,大數據安全風險,vulnerability,大數據安全風險,42,10,20
pair_00903,cross,26,1,4:a5c86bc8-e1c8-48a4-9fd0-5fce4dadda17:3426,基本網路安全服務,technique,基本網路安全服務,4:a5c86bc8-e1c8-48a4-9fd0-5fce4dadda17:635,測試人員知識過多,vulnerability,測試人員知識過多,42,10,20
pair_00904,cross,26,10,4:a5c86bc8-e1c8-48a4-9fd0-5fce4dadda17:1010,資訊主管單位各級主管人員,securityTeam,資訊主管單位各級主管人員,4:a5c86bc8-e1c8-48a4-9fd0-5fce4dadda17:3156,802.11i,policy,80211i,42,10,20
pair_00905,cross,26,27,4:a5c86bc8-e1c8-48a4-9fd0-5fce4dadda17:1054,組織資產,data,組織資產,4:a5c86bc8-e1c8-48a4-9fd0-5fce4dadda17:1256,日誌保護政策,policy,日誌保護政策,42,10,20
pair_00906,cross,26,23,4:a5c86bc8-e1c8-48a4-9fd0-5fce4dadda17:2517,電腦鑑識,technique,電腦鑑識,4:a5c86bc8-e1c8-48a4-9fd0-5fce4dadda17:3925,雙因子認證,technique,雙因子認證,42,10,20
pair_00907,cross,26,2,4:a5c86bc8-e1c8-48a4-9fd0-5fce4dadda17:744,網路犯罪,attack,網路犯罪,4:a5c86bc8-e1c8-48a4-9fd0-5fce4dadda17:3076,服務條約,policy,服務條約,42,10,20
pair_00908,cross,26,23,4:a5c86bc8-e1c8-48a4-9fd0-5fce4dadda17:61,數位證據保存,function,數位證據保存,4:a5c86bc8-e1c8-48a4-9fd0-5fce4dadda17:3561,近距離無線通訊(nfc),system,近距離無線通訊,42,10,20
pair_00909,cross,26,4,4:a5c86bc8-e1c8-48a4-9fd0-5fce4dadda17:1886,位元對位元的拷貝,technique,位元對位元的拷貝,4:a5c86bc8-e1c8-48a4-9fd0-5fce4dadda17:3934,門禁管理,tool,門禁管理,42,10,20
pair_00910,cross,26,18,4:a5c86bc8-e1c8-48a4-9fd0-5fce4dadda17:1234,資料儲存與交易紀錄策略,policy,資料儲存與交易紀錄策略,4:a5c86bc8-e1c8-48a4-9fd0-5fce4dadda17:4158,資產擁有者,securityTeam,資產擁有者,42,10,20
pair_00911,cross,26,41,4:a5c86bc8-e1c8-48a4-9fd0-5fce4dadda17:1054,組織資產,data,組織資產,4:a5c86bc8-e1c8-48a4-9fd0-5fce4dadda17:698,敏感金屬薄片,feature,敏感金屬薄片,42,10,20
pair_00912,cross,26,66,4:a5c86bc8-e1c8-48a4-9fd0-5fce4dadda17:3581,關鍵資訊基礎設施運作遭影響或系統停頓,attack,關鍵資訊基礎設施運作遭影響或系統停頓,4:a5c86bc8-e1c8-48a4-9fd0-5fce4dadda17:3776,其他攻擊方式,attack,其他攻擊方式,42,10,20
pair_00913,cross,26,16,4:a5c86bc8-e1c8-48a4-9fd0-5fce4dadda17:3581,關鍵資訊基礎設施運作遭影響或系統停頓,attack,關鍵資訊基礎設施運作遭影響或系統停頓,4:a5c86bc8-e1c8-48a4-9fd0-5fce4dadda17:1302,機器學習,technique,機器學習,42,10,20
pair_00914,cross,26,41,4:a5c86bc8-e1c8-48a4-9fd0-5fce4dadda17:2331,國家機密資料,data,國家機密資料,4:a5c86bc8-e1c8-48a4-9fd0-5fce4dadda17:2630,停電,risk,停電,42,10,20
pair_00915,cross,26,19,4:a5c86bc8-e1c8-48a4-9fd0-5fce4dadda17:2485,驗證,technique,驗證,4:a5c86bc8-e1c8-48a4-9fd0-5fce4dadda17:2677,受控制電腦,tool,受控制電腦,42,10,20
pair_00916,cross,26,66,4:a5c86bc8-e1c8-48a4-9fd0-5fce4dadda17:628,數位證據控管工具,tool,數位證據控管工具,4:a5c86bc8-e1c8-48a4-9fd0-5fce4dadda17:1213,演算法測試,technique,演算法測試,42,10,20
pair_00917,cross,26,46,4:a5c86bc8-e1c8-48a4-9fd0-5fce4dadda17:628,數位證據控管工具,tool,數位證據控管工具,4:a5c86bc8-e1c8-48a4-9fd0-5fce4dadda17:451,bring your own device,policy,bringyourowndevice,42,10,20
pair_00918,cross,26,24,4:a5c86bc8-e1c8-48a4-9fd0-5fce4dadda17:926,非核心業務一般資料,data,非核心業務一般資料,4:a5c86bc8-e1c8-48a4-9fd0-5fce4dadda17:4166,指紋,feature,指紋,42,10,20
pair_00919,cross,26,71,4:a5c86bc8-e1c8-48a4-9fd0-5fce4dadda17:2716,執行,technique,執行,4:a5c86bc8-e1c8-48a4-9fd0-5fce4dadda17:3487,非接觸式介面,feature,非接觸式介面,42,10,20
pair_00920,cross,26,2,4:a5c86bc8-e1c8-48a4-9fd0-5fce4dadda17:4208,資料竄改,risk,資料竄改,4:a5c86bc8-e1c8-48a4-9fd0-5fce4dadda17:4303,處理,function,處理,42,10,20
pair_00921,in,27,,4:a5c86bc8-e1c8-48a4-9fd0-5fce4dadda17:947,非法存取資源,attack,非法存取資源,4:a5c86bc8-e1c8-48a4-9fd0-5fce4dadda17:3618,smtp,feature,smtp,42,10,20
pair_00922,in,27,,4:a5c86bc8-e1c8-48a4-9fd0-5fce4dadda17:949,分類標籤,data,分類標籤,4:a5c86bc8-e1c8-48a4-9fd0-5fce4dadda17:4281,錯誤登入次數上限,technique,錯誤登入次數上限,42,10,20
pair_00923,in,27,,4:a5c86bc8-e1c8-48a4-9fd0-5fce4dadda17:3052,螢幕鎖定政策,policy,螢幕鎖定政策,4:a5c86bc8-e1c8-48a4-9fd0-5fce4dadda17:3820,代理伺服器,app,代理伺服器,42,10,20
pair_00924,in,27,,4:a5c86bc8-e1c8-48a4-9fd0-5fce4dadda17:940,使用軌跡,data,使用軌跡,4:a5c86bc8-e1c8-48a4-9fd0-5fce4dadda17:4136,整合式 log 管理工具,tool,整合式log管理工具,42,10,20
pair_00925,in,27,,4:a5c86bc8-e1c8-48a4-9fd0-5fce4dadda17:949,分類標籤,data,分類標籤,4:a5c86bc8-e1c8-48a4-9fd0-5fce4dadda17:3897,資料儲存與處理伺服器,system,資料儲存與處理伺服器,42,10,20
pair_00926,in,27,,4:a5c86bc8-e1c8-48a4-9fd0-5fce4dadda17:64,可用性目標,feature,可用性目標,4:a5c86bc8-e1c8-48a4-9fd0-5fce4dadda17:2788,日誌篡改,attack,日誌篡改,42,10,20
pair_00927,in,27,,4:a5c86bc8-e1c8-48a4-9fd0-5fce4dadda17:4278,密碼定期變更,technique,密碼定期變更,4:a5c86bc8-e1c8-48a4-9fd0-5fce4dadda17:4281,錯誤登入次數上限,technique,錯誤登入次數上限,42,10,20
pair_00928,in,27,,4:a5c86bc8-e1c8-48a4-9fd0-5fce4dadda17:3234,程式化保護功能,feature,程式化保護功能,4:a5c86bc8-e1c8-48a4-9fd0-5fce4dadda17:4281,錯誤登入次數上限,technique,錯誤登入次數上限,42,10,20
pair_00929,in,27,,4:a5c86bc8-e1c8-48a4-9fd0-5fce4dadda17:3207,mailer,app,mailer,4:a5c86bc8-e1c8-48a4-9fd0-5fce4dadda17:4136,整合式 log 管理工具,tool,整合式log管理工具,42,10,20
pair_00930,in,27,,4:a5c86bc8-e1c8-48a4-9fd0-5fce4dadda17:3820,代理伺服器,app,代理伺服器,4:a5c86bc8-e1c8-48a4-9fd0-5fce4dadda17:4136,整合式 log 管理工具,tool,整合式log管理工具,42,10,20
pair_00931,in,27,,4:a5c86bc8-e1c8-48a4-9fd0-5fce4dadda17:347,連線位址資料,data,連線位址資料,4:a5c86bc8-e1c8-48a4-9fd0-5fce4dadda17:4136,整合式 log 管理工具,tool,整合式log管理工具,42,10,20
pair_00932,in,27,,4:a5c86bc8-e1c8-48a4-9fd0-5fce4dadda17:64,可用性目標,feature,可用性目標,4:a5c86bc8-e1c8-48a4-9fd0-5fce4dadda17:270,自動登出既有連線,technique,自動登出既有連線,42,10,20
pair_00933,in,27,,4:a5c86bc8-e1c8-48a4-9fd0-5fce4dadda17:946,系統損害,attack,系統損害,4:a5c86bc8-e1c8-48a4-9fd0-5fce4dadda17:2412,任意存取控制 (dac),technique,任意存取控制,42,10,20
pair_00934,in,27,,4:a5c86bc8-e1c8-48a4-9fd0-5fce4dadda17:2547,acl,technique,acl,4:a5c86bc8-e1c8-48a4-9fd0-5fce4dadda17:3643,電子郵件系統,system,電子郵件系統,42,10,20
pair_00935,in,27,,4:a5c86bc8-e1c8-48a4-9fd0-5fce4dadda17:270,自動登出既有連線,technique,自動登出既有連線,4:a5c86bc8-e1c8-48a4-9fd0-5fce4dadda17:3618,smtp,feature,smtp,42,10,20
pair_00936,in,27,,4:a5c86bc8-e1c8-48a4-9fd0-5fce4dadda17:3897,資料儲存與處理伺服器,system,資料儲存與處理伺服器,4:a5c86bc8-e1c8-48a4-9fd0-5fce4dadda17:4332,管理控制,technique,管理控制,42,10,20
pair_00937,in,27,,4:a5c86bc8-e1c8-48a4-9fd0-5fce4dadda17:996,稽核系統,tool,稽核系統,4:a5c86bc8-e1c8-48a4-9fd0-5fce4dadda17:1230,細粒度存取控制,technique,細粒度存取控制,42,10,20
pair_00938,in,27,,4:a5c86bc8-e1c8-48a4-9fd0-5fce4dadda17:2547,acl,technique,acl,4:a5c86bc8-e1c8-48a4-9fd0-5fce4dadda17:3015,密碼登入系統,tool,密碼登入系統,42,10,20
pair_00939,in,27,,4:a5c86bc8-e1c8-48a4-9fd0-5fce4dadda17:949,分類標籤,data,分類標籤,4:a5c86bc8-e1c8-48a4-9fd0-5fce4dadda17:3016,ic 卡登入系統,tool,ic卡登入系統,42,10,20
pair_00940,in,27,,4:a5c86bc8-e1c8-48a4-9fd0-5fce4dadda17:947,非法存取資源,attack,非法存取資源,4:a5c86bc8-e1c8-48a4-9fd0-5fce4dadda17:3015,密碼登入系統,tool,密碼登入系統,42,10,20
pair_00941,cross,27,46,4:a5c86bc8-e1c8-48a4-9fd0-5fce4dadda17:3234,程式化保護功能,feature,程式化保護功能,4:a5c86bc8-e1c8-48a4-9fd0-5fce4dadda17:4297,高階管理層,securityTeam,高階管理層,42,10,20
pair_00942,cross,27,66,4:a5c86bc8-e1c8-48a4-9fd0-5fce4dadda17:1256,日誌保護政策,policy,日誌保護政策,4:a5c86bc8-e1c8-48a4-9fd0-5fce4dadda17:1260,密碼模組風險,risk,密碼模組風險,42,10,20
pair_00943,cross,27,19,4:a5c86bc8-e1c8-48a4-9fd0-5fce4dadda17:2700,強制存取控制,technique,強制存取控制,4:a5c86bc8-e1c8-48a4-9fd0-5fce4dadda17:559,損害管制,function,損害管制,42,10,20
pair_00944,cross,27,8,4:a5c86bc8-e1c8-48a4-9fd0-5fce4dadda17:2552,未經授權存取,attack,未經授權存取,4:a5c86bc8-e1c8-48a4-9fd0-5fce4dadda17:868,資訊安全事件相關資訊,data,資訊安全事件相關資訊,42,10,20
pair_00945,cross,27,10,4:a5c86bc8-e1c8-48a4-9fd0-5fce4dadda17:3234,程式化保護功能,feature,程式化保護功能,4:a5c86bc8-e1c8-48a4-9fd0-5fce4dadda17:1238,安全系統,tool,安全系統,42,10,20
pair_00946,cross,27,6,4:a5c86bc8-e1c8-48a4-9fd0-5fce4dadda17:3643,電子郵件系統,system,電子郵件系統,4:a5c86bc8-e1c8-48a4-9fd0-5fce4dadda17:151,全備援(mirrored site),system,全備援,42,10,20
pair_00947,cross,27,19,4:a5c86bc8-e1c8-48a4-9fd0-5fce4dadda17:940,使用軌跡,data,使用軌跡,4:a5c86bc8-e1c8-48a4-9fd0-5fce4dadda17:50,資產銷毀程序,policy,資產銷毀程序,42,10,20
pair_00948,cross,27,16,4:a5c86bc8-e1c8-48a4-9fd0-5fce4dadda17:2547,acl,technique,acl,4:a5c86bc8-e1c8-48a4-9fd0-5fce4dadda17:4021,感測器,tool,感測器,42,10,20
pair_00949,cross,27,1,4:a5c86bc8-e1c8-48a4-9fd0-5fce4dadda17:347,連線位址資料,data,連線位址資料,4:a5c86bc8-e1c8-48a4-9fd0-5fce4dadda17:157,權限檢視政策,policy,權限檢視政策,42,10,20
pair_00950,cross,27,15,4:a5c86bc8-e1c8-48a4-9fd0-5fce4dadda17:2552,未經授權存取,attack,未經授權存取,4:a5c86bc8-e1c8-48a4-9fd0-5fce4dadda17:2551,惡意程式防禦能力,feature,惡意程式防禦能力,42,10,20
pair_00951,cross,27,25,4:a5c86bc8-e1c8-48a4-9fd0-5fce4dadda17:64,可用性目標,feature,可用性目標,4:a5c86bc8-e1c8-48a4-9fd0-5fce4dadda17:536,防護縱深,feature,防護縱深,42,10,20
pair_00952,cross,27,71,4:a5c86bc8-e1c8-48a4-9fd0-5fce4dadda17:2412,任意存取控制 (dac),technique,任意存取控制,4:a5c86bc8-e1c8-48a4-9fd0-5fce4dadda17:1157,積體電路晶片,feature,積體電路晶片,42,10,20
pair_00953,cross,27,28,4:a5c86bc8-e1c8-48a4-9fd0-5fce4dadda17:270,自動登出既有連線,technique,自動登出既有連線,4:a5c86bc8-e1c8-48a4-9fd0-5fce4dadda17:3100,第三代行動通訊系統,system,第三代行動通訊系統,42,10,20
pair_00954,cross,27,41,4:a5c86bc8-e1c8-48a4-9fd0-5fce4dadda17:3820,代理伺服器,app,代理伺服器,4:a5c86bc8-e1c8-48a4-9fd0-5fce4dadda17:2623,管制人員出入,function,管制人員出入,42,10,20
pair_00955,cross,27,12,4:a5c86bc8-e1c8-48a4-9fd0-5fce4dadda17:1256,日誌保護政策,policy,日誌保護政策,4:a5c86bc8-e1c8-48a4-9fd0-5fce4dadda17:290,遵守計畫,policy,遵守計畫,42,10,20
pair_00956,cross,27,30,4:a5c86bc8-e1c8-48a4-9fd0-5fce4dadda17:3613,pop3,feature,pop3,4:a5c86bc8-e1c8-48a4-9fd0-5fce4dadda17:1149,cbc-mac,feature,cbcmac,42,10,20
pair_00957,cross,27,13,4:a5c86bc8-e1c8-48a4-9fd0-5fce4dadda17:3229,outlook,app,outlook,4:a5c86bc8-e1c8-48a4-9fd0-5fce4dadda17:3263,網頁輸入格式,feature,網頁輸入格式,42,10,20
pair_00958,cross,27,19,4:a5c86bc8-e1c8-48a4-9fd0-5fce4dadda17:3016,ic 卡登入系統,tool,ic卡登入系統,4:a5c86bc8-e1c8-48a4-9fd0-5fce4dadda17:3997,標示機制,tool,標示機制,42,10,20
pair_00959,cross,27,18,4:a5c86bc8-e1c8-48a4-9fd0-5fce4dadda17:3608,內送郵件伺服器,system,內送郵件伺服器,4:a5c86bc8-e1c8-48a4-9fd0-5fce4dadda17:4158,資產擁有者,securityTeam,資產擁有者,42,10,20
pair_00960,cross,27,29,4:a5c86bc8-e1c8-48a4-9fd0-5fce4dadda17:3229,outlook,app,outlook,4:a5c86bc8-e1c8-48a4-9fd0-5fce4dadda17:118,dns 放大攻擊,attack,dns放大攻擊,42,10,20
pair_00961,in,28,,4:a5c86bc8-e1c8-48a4-9fd0-5fce4dadda17:3100,第三代行動通訊系統,system,第三代行動通訊系統,4:a5c86bc8-e1c8-48a4-9fd0-5fce4dadda17:3419,用戶終端安全,feature,用戶終端安全,42,10,20
pair_00962,in,28,,4:a5c86bc8-e1c8-48a4-9fd0-5fce4dadda17:543,平台互通,feature,平台互通,4:a5c86bc8-e1c8-48a4-9fd0-5fce4dadda17:3409,通信設備,tool,通信設備,42,10,20
pair_00963,in,28,,4:a5c86bc8-e1c8-48a4-9fd0-5fce4dadda17:466,accessibility,feature,accessibility,4:a5c86bc8-e1c8-48a4-9fd0-5fce4dadda17:2348,生物特徵認證,function,生物特徵認證,42,10,20
pair_00964,in,28,,4:a5c86bc8-e1c8-48a4-9fd0-5fce4dadda17:2673,認證功能,function,認證功能,4:a5c86bc8-e1c8-48a4-9fd0-5fce4dadda17:3383,一致性,feature,一致性,42,10,20
pair_00965,in,28,,4:a5c86bc8-e1c8-48a4-9fd0-5fce4dadda17:1022,移動的用戶,user,移動的用戶,4:a5c86bc8-e1c8-48a4-9fd0-5fce4dadda17:3531,螢幕鎖定,feature,螢幕鎖定,42,10,20
pair_00966,in,28,,4:a5c86bc8-e1c8-48a4-9fd0-5fce4dadda17:464,property,feature,property,4:a5c86bc8-e1c8-48a4-9fd0-5fce4dadda17:1044,多媒體服務,app,多媒體服務,42,10,20
pair_00967,in,28,,4:a5c86bc8-e1c8-48a4-9fd0-5fce4dadda17:3511,國際移動用戶識別碼(imsi),feature,國際移動用戶識別碼,4:a5c86bc8-e1c8-48a4-9fd0-5fce4dadda17:4287,拔除網路線,technique,拔除網路線,42,10,20
pair_00968,in,28,,4:a5c86bc8-e1c8-48a4-9fd0-5fce4dadda17:491,虛擬機器架構,system,虛擬機器架構,4:a5c86bc8-e1c8-48a4-9fd0-5fce4dadda17:1083,多媒體子系統,system,多媒體子系統,42,10,20
pair_00969,in,28,,4:a5c86bc8-e1c8-48a4-9fd0-5fce4dadda17:65,持續改善,feature,持續改善,4:a5c86bc8-e1c8-48a4-9fd0-5fce4dadda17:2348,生物特徵認證,function,生物特徵認證,42,10,20
pair_00970,in,28,,4:a5c86bc8-e1c8-48a4-9fd0-5fce4dadda17:1044,多媒體服務,app,多媒體服務,4:a5c86bc8-e1c8-48a4-9fd0-5fce4dadda17:1169,電話通訊系統,system,電話通訊系統,42,10,20
pair_00971,in,28,,4:a5c86bc8-e1c8-48a4-9fd0-5fce4dadda17:233,privacy protection,feature,privacyprotection,4:a5c86bc8-e1c8-48a4-9fd0-5fce4dadda17:3425,移動轉接 (handover),feature,移動轉接,42,10,20
pair_00972,in,28,,4:a5c86bc8-e1c8-48a4-9fd0-5fce4dadda17:3112,用戶終端,system,用戶終端,4:a5c86bc8-e1c8-48a4-9fd0-5fce4dadda17:4256,遠端資料抹除,function,遠端資料抹除,42,10,20
pair_00973,in,28,,4:a5c86bc8-e1c8-48a4-9fd0-5fce4dadda17:1834,主機卡模擬 (hce),feature,主機卡模擬,4:a5c86bc8-e1c8-48a4-9fd0-5fce4dadda17:3425,移動轉接 (handover),feature,移動轉接,42,10,20
pair_00974,in,28,,4:a5c86bc8-e1c8-48a4-9fd0-5fce4dadda17:3178,ip 架構,feature,ip架構,4:a5c86bc8-e1c8-48a4-9fd0-5fce4dadda17:3791,網路存取控管,function,網路存取控管,42,10,20
pair_00975,in,28,,4:a5c86bc8-e1c8-48a4-9fd0-5fce4dadda17:388,資訊倫理 (papa),system,資訊倫理,4:a5c86bc8-e1c8-48a4-9fd0-5fce4dadda17:3401,核心網路,system,核心網路,42,10,20
pair_00976,in,28,,4:a5c86bc8-e1c8-48a4-9fd0-5fce4dadda17:233,privacy protection,feature,privacyprotection,4:a5c86bc8-e1c8-48a4-9fd0-5fce4dadda17:3094,行動通訊,system,行動通訊,42,10,20
pair_00977,in,28,,4:a5c86bc8-e1c8-48a4-9fd0-5fce4dadda17:1081,臨時移動用戶識別碼,data,臨時移動用戶識別碼,4:a5c86bc8-e1c8-48a4-9fd0-5fce4dadda17:3531,螢幕鎖定,feature,螢幕鎖定,42,10,20
pair_00978,in,28,,4:a5c86bc8-e1c8-48a4-9fd0-5fce4dadda17:1041,gsm,system,gsm,4:a5c86bc8-e1c8-48a4-9fd0-5fce4dadda17:3382,應用程式安全,feature,應用程式安全,42,10,20
pair_00979,in,28,,4:a5c86bc8-e1c8-48a4-9fd0-5fce4dadda17:1630,後門,attack,後門,4:a5c86bc8-e1c8-48a4-9fd0-5fce4dadda17:2674,保密功能,function,保密功能,42,10,20
pair_00980,in,28,,4:a5c86bc8-e1c8-48a4-9fd0-5fce4dadda17:491,虛擬機器架構,system,虛擬機器架構,4:a5c86bc8-e1c8-48a4-9fd0-5fce4dadda17:1081,臨時移動用戶識別碼,data,臨時移動用戶識別碼,42,10,20
pair_00981,cross,28,26,4:a5c86bc8-e1c8-48a4-9fd0-5fce4dadda17:3382,應用程式安全,feature,應用程式安全,4:a5c86bc8-e1c8-48a4-9fd0-5fce4dadda17:2983,硬碟資料,data,硬碟資料,42,10,20
pair_00982,cross,28,4,4:a5c86bc8-e1c8-48a4-9fd0-5fce4dadda17:3511,國際移動用戶識別碼(imsi),feature,國際移動用戶識別碼,4:a5c86bc8-e1c8-48a4-9fd0-5fce4dadda17:705,防盜措施,feature,防盜措施,42,10,20
pair_00983,cross,28,12,4:a5c86bc8-e1c8-48a4-9fd0-5fce4dadda17:1323,owasp top ten mobile risks,technique,owasptoptenmobilerisks,4:a5c86bc8-e1c8-48a4-9fd0-5fce4dadda17:301,rpo,policy,rpo,42,10,20
pair_00984,cross,28,2,4:a5c86bc8-e1c8-48a4-9fd0-5fce4dadda17:4169,far,feature,far,4:a5c86bc8-e1c8-48a4-9fd0-5fce4dadda17:468,榮譽榜,data,榮譽榜,42,10,20
pair_00985,cross,28,71,4:a5c86bc8-e1c8-48a4-9fd0-5fce4dadda17:3130,ims (ip多媒體子系統),system,ims,4:a5c86bc8-e1c8-48a4-9fd0-5fce4dadda17:3537,八達通智慧卡,system,八達通智慧卡,42,10,20
pair_00986,cross,28,7,4:a5c86bc8-e1c8-48a4-9fd0-5fce4dadda17:3534,安全資料,data,安全資料,4:a5c86bc8-e1c8-48a4-9fd0-5fce4dadda17:79,token,tool,token,42,10,20
pair_00987,cross,28,41,4:a5c86bc8-e1c8-48a4-9fd0-5fce4dadda17:2673,認證功能,function,認證功能,4:a5c86bc8-e1c8-48a4-9fd0-5fce4dadda17:3594,特徵比對,technique,特徵比對,42,10,20
pair_00988,cross,28,29,4:a5c86bc8-e1c8-48a4-9fd0-5fce4dadda17:2126,手機傳輸功能,feature,手機傳輸功能,4:a5c86bc8-e1c8-48a4-9fd0-5fce4dadda17:3006,可用性,principle,可用性,42,10,20
pair_00989,cross,28,7,4:a5c86bc8-e1c8-48a4-9fd0-5fce4dadda17:3078,switch,tool,switch,4:a5c86bc8-e1c8-48a4-9fd0-5fce4dadda17:3244,垃圾郵件篩選器,tool,垃圾郵件篩選器,42,10,20
pair_00990,cross,28,10,4:a5c86bc8-e1c8-48a4-9fd0-5fce4dadda17:2267,通用唯一識別碼(uuid),feature,通用唯一識別碼,4:a5c86bc8-e1c8-48a4-9fd0-5fce4dadda17:1006,備份與還原,technique,備份與還原,42,10,20
pair_00991,cross,28,19,4:a5c86bc8-e1c8-48a4-9fd0-5fce4dadda17:3629,4g 通訊,system,4g通訊,4:a5c86bc8-e1c8-48a4-9fd0-5fce4dadda17:582,稽核日誌定義策略,policy,稽核日誌定義策略,42,10,20
pair_00992,cross,28,5,4:a5c86bc8-e1c8-48a4-9fd0-5fce4dadda17:1083,多媒體子系統,system,多媒體子系統,4:a5c86bc8-e1c8-48a4-9fd0-5fce4dadda17:568,ot資安威脅,attack,ot資安威脅,42,10,20
pair_00993,cross,28,16,4:a5c86bc8-e1c8-48a4-9fd0-5fce4dadda17:3420,一次性密碼,feature,一次性密碼,4:a5c86bc8-e1c8-48a4-9fd0-5fce4dadda17:522,供應鏈攻擊,attack,供應鏈攻擊,42,10,20
pair_00994,cross,28,26,4:a5c86bc8-e1c8-48a4-9fd0-5fce4dadda17:1022,移動的用戶,user,移動的用戶,4:a5c86bc8-e1c8-48a4-9fd0-5fce4dadda17:4346,資料洩漏,attack,資料洩漏,42,10,20
pair_00995,cross,28,21,4:a5c86bc8-e1c8-48a4-9fd0-5fce4dadda17:1890,病毒入侵,attack,病毒入侵,4:a5c86bc8-e1c8-48a4-9fd0-5fce4dadda17:3958,運算能力,feature,運算能力,42,10,20
pair_00996,cross,28,8,4:a5c86bc8-e1c8-48a4-9fd0-5fce4dadda17:3419,用戶終端安全,feature,用戶終端安全,4:a5c86bc8-e1c8-48a4-9fd0-5fce4dadda17:948,系統資源,system,系統資源,42,10,20
pair_00997,cross,28,37,4:a5c86bc8-e1c8-48a4-9fd0-5fce4dadda17:841,frr,feature,frr,4:a5c86bc8-e1c8-48a4-9fd0-5fce4dadda17:465,iso/iec 27018,policy,isoiec27018,42,10,20
pair_00998,cross,28,18,4:a5c86bc8-e1c8-48a4-9fd0-5fce4dadda17:1834,主機卡模擬 (hce),feature,主機卡模擬,4:a5c86bc8-e1c8-48a4-9fd0-5fce4dadda17:3969,傳統資訊基礎設施,system,傳統資訊基礎設施,42,10,20
pair_00999,cross,28,45,4:a5c86bc8-e1c8-48a4-9fd0-5fce4dadda17:2348,生物特徵認證,function,生物特徵認證,4:a5c86bc8-e1c8-48a4-9fd0-5fce4dadda17:1331,作業系統虛擬平台,feature,作業系統虛擬平台,42,10,20
pair_01000,cross,28,41,4:a5c86bc8-e1c8-48a4-9fd0-5fce4dadda17:3108,usim,tool,usim,4:a5c86bc8-e1c8-48a4-9fd0-5fce4dadda17:2629,監看閉路電視監視器,function,監看閉路電視監視器,42,10,20
pair_01001,in,29,,4:a5c86bc8-e1c8-48a4-9fd0-5fce4dadda17:834,udp flood attack,attack,udpfloodattack,4:a5c86bc8-e1c8-48a4-9fd0-5fce4dadda17:2690,阻絕服務攻擊,attack,阻絕服務攻擊,42,10,20
pair_01002,in,29,,4:a5c86bc8-e1c8-48a4-9fd0-5fce4dadda17:443,使用者電腦,system,使用者電腦,4:a5c86bc8-e1c8-48a4-9fd0-5fce4dadda17:2576,tcp syn flood 攻擊,attack,tcpsynflood攻擊,42,10,20
pair_01003,in,29,,4:a5c86bc8-e1c8-48a4-9fd0-5fce4dadda17:443,使用者電腦,system,使用者電腦,4:a5c86bc8-e1c8-48a4-9fd0-5fce4dadda17:2264,目標網路,system,目標網路,42,10,20
pair_01004,in,29,,4:a5c86bc8-e1c8-48a4-9fd0-5fce4dadda17:834,udp flood attack,attack,udpfloodattack,4:a5c86bc8-e1c8-48a4-9fd0-5fce4dadda17:4053,資訊系統服務中斷,attack,資訊系統服務中斷,42,10,20
pair_01005,in,29,,4:a5c86bc8-e1c8-48a4-9fd0-5fce4dadda17:1747,拒絕服務,attack,拒絕服務,4:a5c86bc8-e1c8-48a4-9fd0-5fce4dadda17:2905,microsoft sdl,policy,microsoftsdl,42,10,20
pair_01006,in,29,,4:a5c86bc8-e1c8-48a4-9fd0-5fce4dadda17:92,消耗 cpu 運算能力,technique,消耗cpu運算能力,4:a5c86bc8-e1c8-48a4-9fd0-5fce4dadda17:1747,拒絕服務,attack,拒絕服務,42,10,20
pair_01007,in,29,,4:a5c86bc8-e1c8-48a4-9fd0-5fce4dadda17:197,目標伺服器,system,目標伺服器,4:a5c86bc8-e1c8-48a4-9fd0-5fce4dadda17:2934,第三方app使用規範,policy,第三方app使用規範,42,10,20
pair_01008,in,29,,4:a5c86bc8-e1c8-48a4-9fd0-5fce4dadda17:2905,microsoft sdl,policy,microsoftsdl,4:a5c86bc8-e1c8-48a4-9fd0-5fce4dadda17:3414,fraggle,attack,fraggle,42,10,20
pair_01009,in,29,,4:a5c86bc8-e1c8-48a4-9fd0-5fce4dadda17:839,ping of death,attack,pingofdeath,4:a5c86bc8-e1c8-48a4-9fd0-5fce4dadda17:2264,目標網路,system,目標網路,42,10,20
pair_01010,in,29,,4:a5c86bc8-e1c8-48a4-9fd0-5fce4dadda17:2905,microsoft sdl,policy,microsoftsdl,4:a5c86bc8-e1c8-48a4-9fd0-5fce4dadda17:4168,組織營運,system,組織營運,42,10,20
pair_01011,in,29,,4:a5c86bc8-e1c8-48a4-9fd0-5fce4dadda17:163,通訊埠掃描,attack,通訊埠掃描,4:a5c86bc8-e1c8-48a4-9fd0-5fce4dadda17:2264,目標網路,system,目標網路,42,10,20
pair_01012,in,29,,4:a5c86bc8-e1c8-48a4-9fd0-5fce4dadda17:94,發送大量電子郵件,technique,發送大量電子郵件,4:a5c86bc8-e1c8-48a4-9fd0-5fce4dadda17:163,通訊埠掃描,attack,通訊埠掃描,42,10,20
pair_01013,in,29,,4:a5c86bc8-e1c8-48a4-9fd0-5fce4dadda17:162,暴力攻擊,attack,暴力攻擊,4:a5c86bc8-e1c8-48a4-9fd0-5fce4dadda17:840,ping 泛洪攻擊,attack,ping泛洪攻擊,42,10,20
pair_01014,in,29,,4:a5c86bc8-e1c8-48a4-9fd0-5fce4dadda17:2934,第三方app使用規範,policy,第三方app使用規範,4:a5c86bc8-e1c8-48a4-9fd0-5fce4dadda17:3414,fraggle,attack,fraggle,42,10,20
pair_01015,in,29,,4:a5c86bc8-e1c8-48a4-9fd0-5fce4dadda17:163,通訊埠掃描,attack,通訊埠掃描,4:a5c86bc8-e1c8-48a4-9fd0-5fce4dadda17:837,位址偽裝,technique,位址偽裝,42,10,20
pair_01016,in,29,,4:a5c86bc8-e1c8-48a4-9fd0-5fce4dadda17:881,目標網域的主機,system,目標網域的主機,4:a5c86bc8-e1c8-48a4-9fd0-5fce4dadda17:2934,第三方app使用規範,policy,第三方app使用規範,42,10,20
pair_01017,in,29,,4:a5c86bc8-e1c8-48a4-9fd0-5fce4dadda17:881,目標網域的主機,system,目標網域的主機,4:a5c86bc8-e1c8-48a4-9fd0-5fce4dadda17:4168,組織營運,system,組織營運,42,10,20
pair_01018,in,29,,4:a5c86bc8-e1c8-48a4-9fd0-5fce4dadda17:619,恐怖攻擊,attack,恐怖攻擊,4:a5c86bc8-e1c8-48a4-9fd0-5fce4dadda17:1747,拒絕服務,attack,拒絕服務,42,10,20
pair_01019,in,29,,4:a5c86bc8-e1c8-48a4-9fd0-5fce4dadda17:1747,拒絕服務,attack,拒絕服務,4:a5c86bc8-e1c8-48a4-9fd0-5fce4dadda17:2264,目標網路,system,目標網路,42,10,20
pair_01020,in,29,,4:a5c86bc8-e1c8-48a4-9fd0-5fce4dadda17:835,tcp 協定三向交握,feature,tcp協定三向交握,4:a5c86bc8-e1c8-48a4-9fd0-5fce4dadda17:837,位址偽裝,technique,位址偽裝,42,10,20
pair_01021,cross,29,61,4:a5c86bc8-e1c8-48a4-9fd0-5fce4dadda17:92,消耗 cpu 運算能力,technique,消耗cpu運算能力,4:a5c86bc8-e1c8-48a4-9fd0-5fce4dadda17:788,待簽章的訊息,data,待簽章的訊息,42,10,20
pair_01022,cross,29,23,4:a5c86bc8-e1c8-48a4-9fd0-5fce4dadda17:3062,惡意軟體之攻擊,attack,惡意軟體之攻擊,4:a5c86bc8-e1c8-48a4-9fd0-5fce4dadda17:2556,行程,app,行程,42,10,20
pair_01023,cross,29,1,4:a5c86bc8-e1c8-48a4-9fd0-5fce4dadda17:2905,microsoft sdl,policy,microsoftsdl,4:a5c86bc8-e1c8-48a4-9fd0-5fce4dadda17:114,專用 laptop,system,專用laptop,42,10,20
pair_01024,cross,29,14,4:a5c86bc8-e1c8-48a4-9fd0-5fce4dadda17:92,消耗 cpu 運算能力,technique,消耗cpu運算能力,4:a5c86bc8-e1c8-48a4-9fd0-5fce4dadda17:3248,自動處理讀信回條功能,feature,自動處理讀信回條功能,42,10,20
pair_01025,cross,29,71,4:a5c86bc8-e1c8-48a4-9fd0-5fce4dadda17:1085,邊緣運算伺服器,system,邊緣運算伺服器,4:a5c86bc8-e1c8-48a4-9fd0-5fce4dadda17:3488,混合式介面,feature,混合式介面,42,10,20
pair_01026,cross,29,2,4:a5c86bc8-e1c8-48a4-9fd0-5fce4dadda17:833,分散式阻斷服務,attack,分散式阻斷服務,4:a5c86bc8-e1c8-48a4-9fd0-5fce4dadda17:558,國家重大利益受損,risk,國家重大利益受損,42,10,20
pair_01027,cross,29,1,4:a5c86bc8-e1c8-48a4-9fd0-5fce4dadda17:882,tcp 協定三向交握的弱點,vulnerability,tcp協定三向交握的弱點,4:a5c86bc8-e1c8-48a4-9fd0-5fce4dadda17:2238,電子郵件自動轉寄規則,policy,電子郵件自動轉寄規則,42,10,20
pair_01028,cross,29,19,4:a5c86bc8-e1c8-48a4-9fd0-5fce4dadda17:162,暴力攻擊,attack,暴力攻擊,4:a5c86bc8-e1c8-48a4-9fd0-5fce4dadda17:1008,人員與設備進出規範,policy,人員與設備進出規範,42,10,20
pair_01029,cross,29,7,4:a5c86bc8-e1c8-48a4-9fd0-5fce4dadda17:837,位址偽裝,technique,位址偽裝,4:a5c86bc8-e1c8-48a4-9fd0-5fce4dadda17:595,日誌抹除,risk,日誌抹除,42,10,20
pair_01030,cross,29,16,4:a5c86bc8-e1c8-48a4-9fd0-5fce4dadda17:3006,可用性,principle,可用性,4:a5c86bc8-e1c8-48a4-9fd0-5fce4dadda17:875,位元串,data,位元串,42,10,20
pair_01031,cross,29,21,4:a5c86bc8-e1c8-48a4-9fd0-5fce4dadda17:380,目標系統,system,目標系統,4:a5c86bc8-e1c8-48a4-9fd0-5fce4dadda17:41,素材,data,素材,42,10,20
pair_01032,cross,29,16,4:a5c86bc8-e1c8-48a4-9fd0-5fce4dadda17:836,攻擊者電腦,attacker,攻擊者電腦,4:a5c86bc8-e1c8-48a4-9fd0-5fce4dadda17:4022,感測資料,data,感測資料,42,10,20
pair_01033,cross,29,14,4:a5c86bc8-e1c8-48a4-9fd0-5fce4dadda17:163,通訊埠掃描,attack,通訊埠掃描,4:a5c86bc8-e1c8-48a4-9fd0-5fce4dadda17:885,目標電腦當機,risk,目標電腦當機,42,10,20
pair_01034,cross,29,11,4:a5c86bc8-e1c8-48a4-9fd0-5fce4dadda17:92,消耗 cpu 運算能力,technique,消耗cpu運算能力,4:a5c86bc8-e1c8-48a4-9fd0-5fce4dadda17:219,日誌伺服器,system,日誌伺服器,42,10,20
pair_01035,cross,29,4,4:a5c86bc8-e1c8-48a4-9fd0-5fce4dadda17:94,發送大量電子郵件,technique,發送大量電子郵件,4:a5c86bc8-e1c8-48a4-9fd0-5fce4dadda17:426,惡意提權行為,attack,惡意提權行為,42,10,20
pair_01036,cross,29,23,4:a5c86bc8-e1c8-48a4-9fd0-5fce4dadda17:197,目標伺服器,system,目標伺服器,4:a5c86bc8-e1c8-48a4-9fd0-5fce4dadda17:1144,owasp top 10,policy,owasptop10,42,10,20
pair_01037,cross,29,13,4:a5c86bc8-e1c8-48a4-9fd0-5fce4dadda17:839,ping of death,attack,pingofdeath,4:a5c86bc8-e1c8-48a4-9fd0-5fce4dadda17:3924,xss 攻擊,attack,xss攻擊,42,10,20
pair_01038,cross,29,39,4:a5c86bc8-e1c8-48a4-9fd0-5fce4dadda17:93,發送惡意封包,technique,發送惡意封包,4:a5c86bc8-e1c8-48a4-9fd0-5fce4dadda17:1201,pci 卡,tool,pci卡,42,10,20
pair_01039,cross,29,28,4:a5c86bc8-e1c8-48a4-9fd0-5fce4dadda17:834,udp flood attack,attack,udpfloodattack,4:a5c86bc8-e1c8-48a4-9fd0-5fce4dadda17:3420,一次性密碼,feature,一次性密碼,42,10,20
pair_01040,cross,29,21,4:a5c86bc8-e1c8-48a4-9fd0-5fce4dadda17:2905,microsoft sdl,policy,microsoftsdl,4:a5c86bc8-e1c8-48a4-9fd0-5fce4dadda17:4187,機密檔案加密系統,app,機密檔案加密系統,42,10,20
pair_01041,in,30,,4:a5c86bc8-e1c8-48a4-9fd0-5fce4dadda17:960,螺旋模式,technique,螺旋模式,4:a5c86bc8-e1c8-48a4-9fd0-5fce4dadda17:1067,ieee 802.11i 安全規格功能,function,ieee80211i安全規格功能,42,10,20
pair_01042,in,30,,4:a5c86bc8-e1c8-48a4-9fd0-5fce4dadda17:2874,設計 (design),technique,設計,4:a5c86bc8-e1c8-48a4-9fd0-5fce4dadda17:2876,測試 (testing),technique,測試,42,10,20
pair_01043,in,30,,4:a5c86bc8-e1c8-48a4-9fd0-5fce4dadda17:177,microsoft 安全性開發週期 (sdl),technique,microsoft安全性開發週期,4:a5c86bc8-e1c8-48a4-9fd0-5fce4dadda17:3058,定義級,feature,定義級,42,10,20
pair_01044,in,30,,4:a5c86bc8-e1c8-48a4-9fd0-5fce4dadda17:924,cmmi,tool,cmmi,4:a5c86bc8-e1c8-48a4-9fd0-5fce4dadda17:3028,管理層面,feature,管理層面,42,10,20
pair_01045,in,30,,4:a5c86bc8-e1c8-48a4-9fd0-5fce4dadda17:3055,流程改善,function,流程改善,4:a5c86bc8-e1c8-48a4-9fd0-5fce4dadda17:3144,wpa2,tool,wpa2,42,10,20
pair_01046,in,30,,4:a5c86bc8-e1c8-48a4-9fd0-5fce4dadda17:2867,概念階段,technique,概念階段,4:a5c86bc8-e1c8-48a4-9fd0-5fce4dadda17:2868,執行階段,technique,執行階段,42,10,20
pair_01047,in,30,,4:a5c86bc8-e1c8-48a4-9fd0-5fce4dadda17:1067,ieee 802.11i 安全規格功能,function,ieee80211i安全規格功能,4:a5c86bc8-e1c8-48a4-9fd0-5fce4dadda17:2882,軟體能力成熟度模式,tool,軟體能力成熟度模式,42,10,20
pair_01048,in,30,,4:a5c86bc8-e1c8-48a4-9fd0-5fce4dadda17:959,軟體發展模式,technique,軟體發展模式,4:a5c86bc8-e1c8-48a4-9fd0-5fce4dadda17:960,螺旋模式,technique,螺旋模式,42,10,20
pair_01049,in,30,,4:a5c86bc8-e1c8-48a4-9fd0-5fce4dadda17:2870,發展階段,technique,發展階段,4:a5c86bc8-e1c8-48a4-9fd0-5fce4dadda17:3438,ieee 802.11i,system,ieee80211i,42,10,20
pair_01050,in,30,,4:a5c86bc8-e1c8-48a4-9fd0-5fce4dadda17:922,發展與驗證,technique,發展與驗證,4:a5c86bc8-e1c8-48a4-9fd0-5fce4dadda17:3056,評估,function,評估,42,10,20
pair_01051,in,30,,4:a5c86bc8-e1c8-48a4-9fd0-5fce4dadda17:920,實作,technique,實作,4:a5c86bc8-e1c8-48a4-9fd0-5fce4dadda17:925,瀑布式改良開發流程,technique,瀑布式改良開發流程,42,10,20
pair_01052,in,30,,4:a5c86bc8-e1c8-48a4-9fd0-5fce4dadda17:923,規劃下一階段,technique,規劃下一階段,4:a5c86bc8-e1c8-48a4-9fd0-5fce4dadda17:3055,流程改善,function,流程改善,42,10,20
pair_01053,in,30,,4:a5c86bc8-e1c8-48a4-9fd0-5fce4dadda17:3053,系統發展生命週期 (sdlc),technique,系統發展生命週期,4:a5c86bc8-e1c8-48a4-9fd0-5fce4dadda17:3056,評估,function,評估,42,10,20
pair_01054,in,30,,4:a5c86bc8-e1c8-48a4-9fd0-5fce4dadda17:363,需求,technique,需求,4:a5c86bc8-e1c8-48a4-9fd0-5fce4dadda17:3144,wpa2,tool,wpa2,42,10,20
pair_01055,in,30,,4:a5c86bc8-e1c8-48a4-9fd0-5fce4dadda17:932,威脅模擬,technique,威脅模擬,4:a5c86bc8-e1c8-48a4-9fd0-5fce4dadda17:3028,管理層面,feature,管理層面,42,10,20
pair_01056,in,30,,4:a5c86bc8-e1c8-48a4-9fd0-5fce4dadda17:961,rup,technique,rup,4:a5c86bc8-e1c8-48a4-9fd0-5fce4dadda17:3028,管理層面,feature,管理層面,42,10,20
pair_01057,in,30,,4:a5c86bc8-e1c8-48a4-9fd0-5fce4dadda17:933,分析軟體的受攻擊層面,technique,分析軟體的受攻擊層面,4:a5c86bc8-e1c8-48a4-9fd0-5fce4dadda17:2876,測試 (testing),technique,測試,42,10,20
pair_01058,in,30,,4:a5c86bc8-e1c8-48a4-9fd0-5fce4dadda17:2874,設計 (design),technique,設計,4:a5c86bc8-e1c8-48a4-9fd0-5fce4dadda17:3028,管理層面,feature,管理層面,42,10,20
pair_01059,in,30,,4:a5c86bc8-e1c8-48a4-9fd0-5fce4dadda17:2872,瀑布模式,technique,瀑布模式,4:a5c86bc8-e1c8-48a4-9fd0-5fce4dadda17:3056,評估,function,評估,42,10,20
pair_01060,in,30,,4:a5c86bc8-e1c8-48a4-9fd0-5fce4dadda17:400,安全軟體需求,technique,安全軟體需求,4:a5c86bc8-e1c8-48a4-9fd0-5fce4dadda17:923,規劃下一階段,technique,規劃下一階段,42,10,20
pair_01061,cross,30,12,4:a5c86bc8-e1c8-48a4-9fd0-5fce4dadda17:3144,wpa2,tool,wpa2,4:a5c86bc8-e1c8-48a4-9fd0-5fce4dadda17:4211,資料遺失,risk,資料遺失,42,10,20
pair_01062,cross,30,19,4:a5c86bc8-e1c8-48a4-9fd0-5fce4dadda17:3060,量化管理級,feature,量化管理級,4:a5c86bc8-e1c8-48a4-9fd0-5fce4dadda17:1065,授權技術,technique,授權技術,42,10,20
pair_01063,cross,30,19,4:a5c86bc8-e1c8-48a4-9fd0-5fce4dadda17:3057,初始級,feature,初始級,4:a5c86bc8-e1c8-48a4-9fd0-5fce4dadda17:1019,角色為基礎管理模式,technique,角色為基礎管理模式,42,10,20
pair_01064,cross,30,15,4:a5c86bc8-e1c8-48a4-9fd0-5fce4dadda17:933,分析軟體的受攻擊層面,technique,分析軟體的受攻擊層面,4:a5c86bc8-e1c8-48a4-9fd0-5fce4dadda17:865,遠端管理,function,遠端管理,42,10,20
pair_01065,cross,30,41,4:a5c86bc8-e1c8-48a4-9fd0-5fce4dadda17:920,實作,technique,實作,4:a5c86bc8-e1c8-48a4-9fd0-5fce4dadda17:704,電擊棒,tool,電擊棒,42,10,20
pair_01066,cross,30,10,4:a5c86bc8-e1c8-48a4-9fd0-5fce4dadda17:920,實作,technique,實作,4:a5c86bc8-e1c8-48a4-9fd0-5fce4dadda17:2851,技術控制,technique,技術控制,42,10,20
pair_01067,cross,30,52,4:a5c86bc8-e1c8-48a4-9fd0-5fce4dadda17:363,需求,technique,需求,4:a5c86bc8-e1c8-48a4-9fd0-5fce4dadda17:3143,代理程式,tool,代理程式,42,10,20
pair_01068,cross,30,9,4:a5c86bc8-e1c8-48a4-9fd0-5fce4dadda17:1149,cbc-mac,feature,cbcmac,4:a5c86bc8-e1c8-48a4-9fd0-5fce4dadda17:2227,多形性病毒,tool,多形性病毒,42,10,20
pair_01069,cross,30,1,4:a5c86bc8-e1c8-48a4-9fd0-5fce4dadda17:3060,量化管理級,feature,量化管理級,4:a5c86bc8-e1c8-48a4-9fd0-5fce4dadda17:189,網路傳輸活動,data,網路傳輸活動,42,10,20
pair_01070,cross,30,46,4:a5c86bc8-e1c8-48a4-9fd0-5fce4dadda17:925,瀑布式改良開發流程,technique,瀑布式改良開發流程,4:a5c86bc8-e1c8-48a4-9fd0-5fce4dadda17:987,內部稽核執行,feature,內部稽核執行,42,10,20
pair_01071,cross,30,39,4:a5c86bc8-e1c8-48a4-9fd0-5fce4dadda17:2882,軟體能力成熟度模式,tool,軟體能力成熟度模式,4:a5c86bc8-e1c8-48a4-9fd0-5fce4dadda17:1247,api,tool,api,42,10,20
pair_01072,cross,30,61,4:a5c86bc8-e1c8-48a4-9fd0-5fce4dadda17:177,microsoft 安全性開發週期 (sdl),technique,microsoft安全性開發週期,4:a5c86bc8-e1c8-48a4-9fd0-5fce4dadda17:1188,s/mime 格式電子郵件,data,smime格式電子郵件,42,10,20
pair_01073,cross,30,12,4:a5c86bc8-e1c8-48a4-9fd0-5fce4dadda17:922,發展與驗證,technique,發展與驗證,4:a5c86bc8-e1c8-48a4-9fd0-5fce4dadda17:909,windows 備份與還原工具,tool,windows備份與還原工具,42,10,20
pair_01074,cross,30,24,4:a5c86bc8-e1c8-48a4-9fd0-5fce4dadda17:921,決定目標,technique,決定目標,4:a5c86bc8-e1c8-48a4-9fd0-5fce4dadda17:1295,aaa (應用系統安全防護),tool,aaa,42,10,20
pair_01075,cross,30,46,4:a5c86bc8-e1c8-48a4-9fd0-5fce4dadda17:961,rup,technique,rup,4:a5c86bc8-e1c8-48a4-9fd0-5fce4dadda17:987,內部稽核執行,feature,內部稽核執行,42,10,20
pair_01076,cross,30,15,4:a5c86bc8-e1c8-48a4-9fd0-5fce4dadda17:107,縮小攻擊面向,technique,縮小攻擊面向,4:a5c86bc8-e1c8-48a4-9fd0-5fce4dadda17:3974,事件調查資料,data,事件調查資料,42,10,20
pair_01077,cross,30,24,4:a5c86bc8-e1c8-48a4-9fd0-5fce4dadda17:3058,定義級,feature,定義級,4:a5c86bc8-e1c8-48a4-9fd0-5fce4dadda17:551,身分證字號,data,身分證字號,42,10,20
pair_01078,cross,30,33,4:a5c86bc8-e1c8-48a4-9fd0-5fce4dadda17:3061,最佳化級,feature,最佳化級,4:a5c86bc8-e1c8-48a4-9fd0-5fce4dadda17:1279,封包過濾器,tool,封包過濾器,42,10,20
pair_01079,cross,30,18,4:a5c86bc8-e1c8-48a4-9fd0-5fce4dadda17:400,安全軟體需求,technique,安全軟體需求,4:a5c86bc8-e1c8-48a4-9fd0-5fce4dadda17:361,伺服器登入資訊,data,伺服器登入資訊,42,10,20
pair_01080,cross,30,10,4:a5c86bc8-e1c8-48a4-9fd0-5fce4dadda17:961,rup,technique,rup,4:a5c86bc8-e1c8-48a4-9fd0-5fce4dadda17:2413,raid,system,raid,42,10,20
pair_01081,in,32,,4:a5c86bc8-e1c8-48a4-9fd0-5fce4dadda17:218,/var/log/cron,data,varlogcron,4:a5c86bc8-e1c8-48a4-9fd0-5fce4dadda17:3922,linux系統設備,system,linux系統設備,42,10,20
pair_01082,in,32,,4:a5c86bc8-e1c8-48a4-9fd0-5fce4dadda17:858,ssh (secure shell),app,ssh,4:a5c86bc8-e1c8-48a4-9fd0-5fce4dadda17:1500,套裝軟體,app,套裝軟體,42,10,20
pair_01083,in,32,,4:a5c86bc8-e1c8-48a4-9fd0-5fce4dadda17:858,ssh (secure shell),app,ssh,4:a5c86bc8-e1c8-48a4-9fd0-5fce4dadda17:3562,可執行(execute),feature,可執行,42,10,20
pair_01084,in,32,,4:a5c86bc8-e1c8-48a4-9fd0-5fce4dadda17:2442,x 權限,feature,x權限,4:a5c86bc8-e1c8-48a4-9fd0-5fce4dadda17:4110,/etc/shadow,data,etcshadow,42,10,20
pair_01085,in,32,,4:a5c86bc8-e1c8-48a4-9fd0-5fce4dadda17:4142,資安日誌分析,technique,資安日誌分析,4:a5c86bc8-e1c8-48a4-9fd0-5fce4dadda17:4227,mac,function,mac,42,10,20
pair_01086,in,32,,4:a5c86bc8-e1c8-48a4-9fd0-5fce4dadda17:1052,r 權限,feature,r權限,4:a5c86bc8-e1c8-48a4-9fd0-5fce4dadda17:4142,資安日誌分析,technique,資安日誌分析,42,10,20
pair_01087,in,32,,4:a5c86bc8-e1c8-48a4-9fd0-5fce4dadda17:152,cron,tool,cron,4:a5c86bc8-e1c8-48a4-9fd0-5fce4dadda17:218,/var/log/cron,data,varlogcron,42,10,20
pair_01088,in,32,,4:a5c86bc8-e1c8-48a4-9fd0-5fce4dadda17:1500,套裝軟體,app,套裝軟體,4:a5c86bc8-e1c8-48a4-9fd0-5fce4dadda17:4110,/etc/shadow,data,etcshadow,42,10,20
pair_01089,in,32,,4:a5c86bc8-e1c8-48a4-9fd0-5fce4dadda17:385,可讀(read),feature,可讀,4:a5c86bc8-e1c8-48a4-9fd0-5fce4dadda17:2072,fedora/centos/rhel linux,system,fedoracentosrhellinux,42,10,20
pair_01090,in,32,,4:a5c86bc8-e1c8-48a4-9fd0-5fce4dadda17:4141,/var/log/secure,data,varlogsecure,4:a5c86bc8-e1c8-48a4-9fd0-5fce4dadda17:4227,mac,function,mac,42,10,20
pair_01091,in,32,,4:a5c86bc8-e1c8-48a4-9fd0-5fce4dadda17:133,ssh 服務,app,ssh服務,4:a5c86bc8-e1c8-48a4-9fd0-5fce4dadda17:4111,dump 密碼 hash,technique,dump密碼hash,42,10,20
pair_01092,in,32,,4:a5c86bc8-e1c8-48a4-9fd0-5fce4dadda17:152,cron,tool,cron,4:a5c86bc8-e1c8-48a4-9fd0-5fce4dadda17:3111,檔案存取權限,feature,檔案存取權限,42,10,20
pair_01093,in,32,,4:a5c86bc8-e1c8-48a4-9fd0-5fce4dadda17:218,/var/log/cron,data,varlogcron,4:a5c86bc8-e1c8-48a4-9fd0-5fce4dadda17:3562,可執行(execute),feature,可執行,42,10,20
pair_01094,in,32,,4:a5c86bc8-e1c8-48a4-9fd0-5fce4dadda17:385,可讀(read),feature,可讀,4:a5c86bc8-e1c8-48a4-9fd0-5fce4dadda17:4226,密碼 hash 值,data,密碼hash值,42,10,20
pair_01095,in,32,,4:a5c86bc8-e1c8-48a4-9fd0-5fce4dadda17:133,ssh 服務,app,ssh服務,4:a5c86bc8-e1c8-48a4-9fd0-5fce4dadda17:2072,fedora/centos/rhel linux,system,fedoracentosrhellinux,42,10,20
pair_01096,in,32,,4:a5c86bc8-e1c8-48a4-9fd0-5fce4dadda17:3562,可執行(execute),feature,可執行,4:a5c86bc8-e1c8-48a4-9fd0-5fce4dadda17:4112,selinux,tool,selinux,42,10,20
pair_01097,in,32,,4:a5c86bc8-e1c8-48a4-9fd0-5fce4dadda17:1500,套裝軟體,app,套裝軟體,4:a5c86bc8-e1c8-48a4-9fd0-5fce4dadda17:4037,安全防護不足,vulnerability,安全防護不足,42,10,20
pair_01098,in,32,,4:a5c86bc8-e1c8-48a4-9fd0-5fce4dadda17:220,系統設定任務,function,系統設定任務,4:a5c86bc8-e1c8-48a4-9fd0-5fce4dadda17:2442,x 權限,feature,x權限,42,10,20
pair_01099,in,32,,4:a5c86bc8-e1c8-48a4-9fd0-5fce4dadda17:858,ssh (secure shell),app,ssh,4:a5c86bc8-e1c8-48a4-9fd0-5fce4dadda17:4037,安全防護不足,vulnerability,安全防護不足,42,10,20
pair_01100,in,32,,4:a5c86bc8-e1c8-48a4-9fd0-5fce4dadda17:4037,安全防護不足,vulnerability,安全防護不足,4:a5c86bc8-e1c8-48a4-9fd0-5fce4dadda17:4111,dump 密碼 hash,technique,dump密碼hash,42,10,20
pair_01101,cross,32,13,4:a5c86bc8-e1c8-48a4-9fd0-5fce4dadda17:4111,dump 密碼 hash,technique,dump密碼hash,4:a5c86bc8-e1c8-48a4-9fd0-5fce4dadda17:4229,' or '1'='1,tool,or1=1,42,10,20
pair_01102,cross,32,18,4:a5c86bc8-e1c8-48a4-9fd0-5fce4dadda17:220,系統設定任務,function,系統設定任務,4:a5c86bc8-e1c8-48a4-9fd0-5fce4dadda17:4262,例行工作,function,例行工作,42,10,20
pair_01103,cross,32,18,4:a5c86bc8-e1c8-48a4-9fd0-5fce4dadda17:4226,密碼 hash 值,data,密碼hash值,4:a5c86bc8-e1c8-48a4-9fd0-5fce4dadda17:2978,資產開發,technique,資產開發,42,10,20
pair_01104,cross,32,21,4:a5c86bc8-e1c8-48a4-9fd0-5fce4dadda17:858,ssh (secure shell),app,ssh,4:a5c86bc8-e1c8-48a4-9fd0-5fce4dadda17:3869,amazon ec2,system,amazonec2,42,10,20
pair_01105,cross,32,8,4:a5c86bc8-e1c8-48a4-9fd0-5fce4dadda17:4110,/etc/shadow,data,etcshadow,4:a5c86bc8-e1c8-48a4-9fd0-5fce4dadda17:2092,密碼猜測,technique,密碼猜測,42,10,20
pair_01106,cross,32,13,4:a5c86bc8-e1c8-48a4-9fd0-5fce4dadda17:4226,密碼 hash 值,data,密碼hash值,4:a5c86bc8-e1c8-48a4-9fd0-5fce4dadda17:138,惡意檔案,tool,惡意檔案,42,10,20
pair_01107,cross,32,12,4:a5c86bc8-e1c8-48a4-9fd0-5fce4dadda17:133,ssh 服務,app,ssh服務,4:a5c86bc8-e1c8-48a4-9fd0-5fce4dadda17:350,資訊業務承辦人員,user,資訊業務承辦人員,42,10,20
pair_01108,cross,32,21,4:a5c86bc8-e1c8-48a4-9fd0-5fce4dadda17:3111,檔案存取權限,feature,檔案存取權限,4:a5c86bc8-e1c8-48a4-9fd0-5fce4dadda17:3867,ec2,app,ec2,42,10,20
pair_01109,cross,32,21,4:a5c86bc8-e1c8-48a4-9fd0-5fce4dadda17:4227,mac,function,mac,4:a5c86bc8-e1c8-48a4-9fd0-5fce4dadda17:2634,資訊十戒,policy,資訊十戒,42,10,20
pair_01110,cross,32,26,4:a5c86bc8-e1c8-48a4-9fd0-5fce4dadda17:3111,檔案存取權限,feature,檔案存取權限,4:a5c86bc8-e1c8-48a4-9fd0-5fce4dadda17:1234,資料儲存與交易紀錄策略,policy,資料儲存與交易紀錄策略,42,10,20
pair_01111,cross,32,30,4:a5c86bc8-e1c8-48a4-9fd0-5fce4dadda17:4112,selinux,tool,selinux,4:a5c86bc8-e1c8-48a4-9fd0-5fce4dadda17:923,規劃下一階段,technique,規劃下一階段,42,10,20
pair_01112,cross,32,12,4:a5c86bc8-e1c8-48a4-9fd0-5fce4dadda17:531,可寫(write),feature,可寫,4:a5c86bc8-e1c8-48a4-9fd0-5fce4dadda17:2497,webtrust 認證,policy,webtrust認證,42,10,20
pair_01113,cross,32,14,4:a5c86bc8-e1c8-48a4-9fd0-5fce4dadda17:4112,selinux,tool,selinux,4:a5c86bc8-e1c8-48a4-9fd0-5fce4dadda17:213,時間指標組,feature,時間指標組,42,10,20
pair_01114,cross,32,54,4:a5c86bc8-e1c8-48a4-9fd0-5fce4dadda17:858,ssh (secure shell),app,ssh,4:a5c86bc8-e1c8-48a4-9fd0-5fce4dadda17:1177,易於取得資料,vulnerability,易於取得資料,42,10,20
pair_01115,cross,32,10,4:a5c86bc8-e1c8-48a4-9fd0-5fce4dadda17:3562,可執行(execute),feature,可執行,4:a5c86bc8-e1c8-48a4-9fd0-5fce4dadda17:132,fail2ban,tool,fail2ban,42,10,20
pair_01116,cross,32,13,4:a5c86bc8-e1c8-48a4-9fd0-5fce4dadda17:1500,套裝軟體,app,套裝軟體,4:a5c86bc8-e1c8-48a4-9fd0-5fce4dadda17:4239,網站掛馬,attack,網站掛馬,42,10,20
pair_01117,cross,32,18,4:a5c86bc8-e1c8-48a4-9fd0-5fce4dadda17:385,可讀(read),feature,可讀,4:a5c86bc8-e1c8-48a4-9fd0-5fce4dadda17:3812,弱掃工具,tool,弱掃工具,42,10,20
pair_01118,cross,32,46,4:a5c86bc8-e1c8-48a4-9fd0-5fce4dadda17:4141,/var/log/secure,data,varlogsecure,4:a5c86bc8-e1c8-48a4-9fd0-5fce4dadda17:2408,資產名稱,data,資產名稱,42,10,20
pair_01119,cross,32,1,4:a5c86bc8-e1c8-48a4-9fd0-5fce4dadda17:3111,檔案存取權限,feature,檔案存取權限,4:a5c86bc8-e1c8-48a4-9fd0-5fce4dadda17:2823,tor,tool,tor,42,10,20
pair_01120,cross,32,17,4:a5c86bc8-e1c8-48a4-9fd0-5fce4dadda17:220,系統設定任務,function,系統設定任務,4:a5c86bc8-e1c8-48a4-9fd0-5fce4dadda17:2665,完整性,principle,完整性,42,10,20
pair_01121,in,33,,4:a5c86bc8-e1c8-48a4-9fd0-5fce4dadda17:1210,應用層服務,app,應用層服務,4:a5c86bc8-e1c8-48a4-9fd0-5fce4dadda17:3947,http,feature,http,42,10,20
pair_01122,in,33,,4:a5c86bc8-e1c8-48a4-9fd0-5fce4dadda17:3646,隱藏內部ip位址,function,隱藏內部ip位址,4:a5c86bc8-e1c8-48a4-9fd0-5fce4dadda17:3669,nat,tool,nat,42,10,20
pair_01123,in,33,,4:a5c86bc8-e1c8-48a4-9fd0-5fce4dadda17:1210,應用層服務,app,應用層服務,4:a5c86bc8-e1c8-48a4-9fd0-5fce4dadda17:2543,電腦蠕蟲,attack,電腦蠕蟲,42,10,20
pair_01124,in,33,,4:a5c86bc8-e1c8-48a4-9fd0-5fce4dadda17:3501,vpn,app,vpn,4:a5c86bc8-e1c8-48a4-9fd0-5fce4dadda17:3669,nat,tool,nat,42,10,20
pair_01125,in,33,,4:a5c86bc8-e1c8-48a4-9fd0-5fce4dadda17:651,減少公有ip使用,function,減少公有ip使用,4:a5c86bc8-e1c8-48a4-9fd0-5fce4dadda17:3501,vpn,app,vpn,42,10,20
pair_01126,in,33,,4:a5c86bc8-e1c8-48a4-9fd0-5fce4dadda17:192,防火牆過濾功能,function,防火牆過濾功能,4:a5c86bc8-e1c8-48a4-9fd0-5fce4dadda17:249,內外網路,system,內外網路,42,10,20
pair_01127,in,33,,4:a5c86bc8-e1c8-48a4-9fd0-5fce4dadda17:249,內外網路,system,內外網路,4:a5c86bc8-e1c8-48a4-9fd0-5fce4dadda17:3945,tcp/udp 埠,feature,tcpudp埠,42,10,20
pair_01128,in,33,,4:a5c86bc8-e1c8-48a4-9fd0-5fce4dadda17:406,白名單,technique,白名單,4:a5c86bc8-e1c8-48a4-9fd0-5fce4dadda17:3824,ftp伺服器,app,ftp伺服器,42,10,20
pair_01129,in,33,,4:a5c86bc8-e1c8-48a4-9fd0-5fce4dadda17:167,外部夥伴組織,system,外部夥伴組織,4:a5c86bc8-e1c8-48a4-9fd0-5fce4dadda17:1319,網路位址轉換 (nat),tool,網路位址轉換,42,10,20
pair_01130,in,33,,4:a5c86bc8-e1c8-48a4-9fd0-5fce4dadda17:2100,連線狀態,data,連線狀態,4:a5c86bc8-e1c8-48a4-9fd0-5fce4dadda17:3142,黑名單,technique,黑名單,42,10,20
pair_01131,in,33,,4:a5c86bc8-e1c8-48a4-9fd0-5fce4dadda17:262,缺乏存取來源限制,vulnerability,缺乏存取來源限制,4:a5c86bc8-e1c8-48a4-9fd0-5fce4dadda17:323,dns record,data,dnsrecord,42,10,20
pair_01132,in,33,,4:a5c86bc8-e1c8-48a4-9fd0-5fce4dadda17:857,分析網路封包,technique,分析網路封包,4:a5c86bc8-e1c8-48a4-9fd0-5fce4dadda17:4078,全球網站,app,全球網站,42,10,20
pair_01133,in,33,,4:a5c86bc8-e1c8-48a4-9fd0-5fce4dadda17:3377,pptp vpn,feature,pptpvpn,4:a5c86bc8-e1c8-48a4-9fd0-5fce4dadda17:3950,隔離區 (dmz),system,隔離區,42,10,20
pair_01134,in,33,,4:a5c86bc8-e1c8-48a4-9fd0-5fce4dadda17:857,分析網路封包,technique,分析網路封包,4:a5c86bc8-e1c8-48a4-9fd0-5fce4dadda17:1282,阻止不符合預設規定之封包與應用,function,阻止不符合預設規定之封包與應用,42,10,20
pair_01135,in,33,,4:a5c86bc8-e1c8-48a4-9fd0-5fce4dadda17:3819,應用層防火牆,tool,應用層防火牆,4:a5c86bc8-e1c8-48a4-9fd0-5fce4dadda17:4186,dmz,system,dmz,42,10,20
pair_01136,in,33,,4:a5c86bc8-e1c8-48a4-9fd0-5fce4dadda17:938,安全的軟體部署與維運,technique,安全的軟體部署與維運,4:a5c86bc8-e1c8-48a4-9fd0-5fce4dadda17:3819,應用層防火牆,tool,應用層防火牆,42,10,20
pair_01137,in,33,,4:a5c86bc8-e1c8-48a4-9fd0-5fce4dadda17:249,內外網路,system,內外網路,4:a5c86bc8-e1c8-48a4-9fd0-5fce4dadda17:394,第 7 層,feature,第7層,42,10,20
pair_01138,in,33,,4:a5c86bc8-e1c8-48a4-9fd0-5fce4dadda17:2543,電腦蠕蟲,attack,電腦蠕蟲,4:a5c86bc8-e1c8-48a4-9fd0-5fce4dadda17:3790,企業網路,system,企業網路,42,10,20
pair_01139,in,33,,4:a5c86bc8-e1c8-48a4-9fd0-5fce4dadda17:406,白名單,technique,白名單,4:a5c86bc8-e1c8-48a4-9fd0-5fce4dadda17:3944,ip 位址,feature,ip位址,42,10,20
pair_01140,in,33,,4:a5c86bc8-e1c8-48a4-9fd0-5fce4dadda17:938,安全的軟體部署與維運,technique,安全的軟體部署與維運,4:a5c86bc8-e1c8-48a4-9fd0-5fce4dadda17:1950,100.100.100.100,data,100100100100,42,10,20
pair_01141,cross,33,17,4:a5c86bc8-e1c8-48a4-9fd0-5fce4dadda17:319,協定,feature,協定,4:a5c86bc8-e1c8-48a4-9fd0-5fce4dadda17:4123,程式設計師,user,程式設計師,42,10,20
pair_01142,cross,33,7,4:a5c86bc8-e1c8-48a4-9fd0-5fce4dadda17:3818,網路層防火牆,tool,網路層防火牆,4:a5c86bc8-e1c8-48a4-9fd0-5fce4dadda17:595,日誌抹除,risk,日誌抹除,42,10,20
pair_01143,cross,33,61,4:a5c86bc8-e1c8-48a4-9fd0-5fce4dadda17:3948,ftp,feature,ftp,4:a5c86bc8-e1c8-48a4-9fd0-5fce4dadda17:1888,非對稱式金鑰加密技術,technique,非對稱式金鑰加密技術,42,10,20
pair_01144,cross,33,2,4:a5c86bc8-e1c8-48a4-9fd0-5fce4dadda17:4223,封包標頭,feature,封包標頭,4:a5c86bc8-e1c8-48a4-9fd0-5fce4dadda17:3874,資料再利用,attack,資料再利用,42,10,20
pair_01145,cross,33,61,4:a5c86bc8-e1c8-48a4-9fd0-5fce4dadda17:1281,安全機房,system,安全機房,4:a5c86bc8-e1c8-48a4-9fd0-5fce4dadda17:2540,後量子密碼學,technique,後量子密碼學,42,10,20
pair_01146,cross,33,1,4:a5c86bc8-e1c8-48a4-9fd0-5fce4dadda17:409,內部 ip 位址外洩,risk,內部ip位址外洩,4:a5c86bc8-e1c8-48a4-9fd0-5fce4dadda17:3023,安全管理風險,risk,安全管理風險,42,10,20
pair_01147,cross,33,13,4:a5c86bc8-e1c8-48a4-9fd0-5fce4dadda17:167,外部夥伴組織,system,外部夥伴組織,4:a5c86bc8-e1c8-48a4-9fd0-5fce4dadda17:3855,安全的 api,tool,安全的api,42,10,20
pair_01148,cross,33,9,4:a5c86bc8-e1c8-48a4-9fd0-5fce4dadda17:3669,nat,tool,nat,4:a5c86bc8-e1c8-48a4-9fd0-5fce4dadda17:807,xor 運算,feature,xor運算,42,10,20
pair_01149,cross,33,12,4:a5c86bc8-e1c8-48a4-9fd0-5fce4dadda17:262,缺乏存取來源限制,vulnerability,缺乏存取來源限制,4:a5c86bc8-e1c8-48a4-9fd0-5fce4dadda17:4189,存取控制政策,policy,存取控制政策,42,10,20
pair_01150,cross,33,16,4:a5c86bc8-e1c8-48a4-9fd0-5fce4dadda17:3377,pptp vpn,feature,pptpvpn,4:a5c86bc8-e1c8-48a4-9fd0-5fce4dadda17:258,firefox,app,firefox,42,10,20
pair_01151,cross,33,13,4:a5c86bc8-e1c8-48a4-9fd0-5fce4dadda17:249,內外網路,system,內外網路,4:a5c86bc8-e1c8-48a4-9fd0-5fce4dadda17:111,ms-sql 資料庫,app,mssql資料庫,42,10,20
pair_01152,cross,33,9,4:a5c86bc8-e1c8-48a4-9fd0-5fce4dadda17:1950,100.100.100.100,data,100100100100,4:a5c86bc8-e1c8-48a4-9fd0-5fce4dadda17:805,64 bits 資料區塊,feature,64bits資料區塊,42,10,20
pair_01153,cross,33,15,4:a5c86bc8-e1c8-48a4-9fd0-5fce4dadda17:1319,網路位址轉換 (nat),tool,網路位址轉換,4:a5c86bc8-e1c8-48a4-9fd0-5fce4dadda17:962,專案管理,function,專案管理,42,10,20
pair_01154,cross,33,2,4:a5c86bc8-e1c8-48a4-9fd0-5fce4dadda17:249,內外網路,system,內外網路,4:a5c86bc8-e1c8-48a4-9fd0-5fce4dadda17:53,帳戶,system,帳戶,42,10,20
pair_01155,cross,33,39,4:a5c86bc8-e1c8-48a4-9fd0-5fce4dadda17:321,網路界面,feature,網路界面,4:a5c86bc8-e1c8-48a4-9fd0-5fce4dadda17:1270,密碼模組介面,feature,密碼模組介面,42,10,20
pair_01156,cross,33,29,4:a5c86bc8-e1c8-48a4-9fd0-5fce4dadda17:1950,100.100.100.100,data,100100100100,4:a5c86bc8-e1c8-48a4-9fd0-5fce4dadda17:833,分散式阻斷服務,attack,分散式阻斷服務,42,10,20
pair_01157,cross,33,16,4:a5c86bc8-e1c8-48a4-9fd0-5fce4dadda17:3801,過濾型防火牆,tool,過濾型防火牆,4:a5c86bc8-e1c8-48a4-9fd0-5fce4dadda17:1301,軟體工具,tool,軟體工具,42,10,20
pair_01158,cross,33,39,4:a5c86bc8-e1c8-48a4-9fd0-5fce4dadda17:320,連接埠編號,feature,連接埠編號,4:a5c86bc8-e1c8-48a4-9fd0-5fce4dadda17:3748,進出埠與存取介面,feature,進出埠與存取介面,42,10,20
pair_01159,cross,33,28,4:a5c86bc8-e1c8-48a4-9fd0-5fce4dadda17:167,外部夥伴組織,system,外部夥伴組織,4:a5c86bc8-e1c8-48a4-9fd0-5fce4dadda17:3511,國際移動用戶識別碼(imsi),feature,國際移動用戶識別碼,42,10,20
pair_01160,cross,33,9,4:a5c86bc8-e1c8-48a4-9fd0-5fce4dadda17:3501,vpn,app,vpn,4:a5c86bc8-e1c8-48a4-9fd0-5fce4dadda17:4131,dvd 光碟,system,dvd光碟,42,10,20
pair_01161,in,37,,4:a5c86bc8-e1c8-48a4-9fd0-5fce4dadda17:2212,獎勵措施,policy,獎勵措施,4:a5c86bc8-e1c8-48a4-9fd0-5fce4dadda17:4157,資訊安全管理系統之法規遵循,policy,資訊安全管理系統之法規遵循,42,10,20
pair_01162,in,37,,4:a5c86bc8-e1c8-48a4-9fd0-5fce4dadda17:234,nis 2 directive,policy,nis2directive,4:a5c86bc8-e1c8-48a4-9fd0-5fce4dadda17:386,兒童及少年福利與權益保障法,policy,兒童及少年福利與權益保障法,42,10,20
pair_01163,in,37,,4:a5c86bc8-e1c8-48a4-9fd0-5fce4dadda17:2212,獎勵措施,policy,獎勵措施,4:a5c86bc8-e1c8-48a4-9fd0-5fce4dadda17:3846,虛擬化,tool,虛擬化,42,10,20
pair_01164,in,37,,4:a5c86bc8-e1c8-48a4-9fd0-5fce4dadda17:887,行動裝置軟體安全使用原則,policy,行動裝置軟體安全使用原則,4:a5c86bc8-e1c8-48a4-9fd0-5fce4dadda17:1669,資料加密政策,policy,資料加密政策,42,10,20
pair_01165,in,37,,4:a5c86bc8-e1c8-48a4-9fd0-5fce4dadda17:521,最新版本軟體,tool,最新版本軟體,4:a5c86bc8-e1c8-48a4-9fd0-5fce4dadda17:529,一般使用者,user,一般使用者,42,10,20
pair_01166,in,37,,4:a5c86bc8-e1c8-48a4-9fd0-5fce4dadda17:461,違反法律之遵循性,risk,違反法律之遵循性,4:a5c86bc8-e1c8-48a4-9fd0-5fce4dadda17:465,iso/iec 27018,policy,isoiec27018,42,10,20
pair_01167,in,37,,4:a5c86bc8-e1c8-48a4-9fd0-5fce4dadda17:709,資通安全管理法,policy,資通安全管理法,4:a5c86bc8-e1c8-48a4-9fd0-5fce4dadda17:1615,csa star,policy,csastar,42,10,20
pair_01168,in,37,,4:a5c86bc8-e1c8-48a4-9fd0-5fce4dadda17:461,違反法律之遵循性,risk,違反法律之遵循性,4:a5c86bc8-e1c8-48a4-9fd0-5fce4dadda17:2613,資訊安全風險,risk,資訊安全風險,42,10,20
pair_01169,in,37,,4:a5c86bc8-e1c8-48a4-9fd0-5fce4dadda17:500,供應鏈人員管控,policy,供應鏈人員管控,4:a5c86bc8-e1c8-48a4-9fd0-5fce4dadda17:521,最新版本軟體,tool,最新版本軟體,42,10,20
pair_01170,in,37,,4:a5c86bc8-e1c8-48a4-9fd0-5fce4dadda17:465,iso/iec 27018,policy,isoiec27018,4:a5c86bc8-e1c8-48a4-9fd0-5fce4dadda17:3846,虛擬化,tool,虛擬化,42,10,20
pair_01171,in,37,,4:a5c86bc8-e1c8-48a4-9fd0-5fce4dadda17:887,行動裝置軟體安全使用原則,policy,行動裝置軟體安全使用原則,4:a5c86bc8-e1c8-48a4-9fd0-5fce4dadda17:1345,受害網站,app,受害網站,42,10,20
pair_01172,in,37,,4:a5c86bc8-e1c8-48a4-9fd0-5fce4dadda17:1240,雲端電腦服務,tool,雲端電腦服務,4:a5c86bc8-e1c8-48a4-9fd0-5fce4dadda17:3961,資訊服務的風險,risk,資訊服務的風險,42,10,20
pair_01173,in,37,,4:a5c86bc8-e1c8-48a4-9fd0-5fce4dadda17:2338,iso/iec 27017,policy,isoiec27017,4:a5c86bc8-e1c8-48a4-9fd0-5fce4dadda17:3980,雲端服務採用風險,risk,雲端服務採用風險,42,10,20
pair_01174,in,37,,4:a5c86bc8-e1c8-48a4-9fd0-5fce4dadda17:1240,雲端電腦服務,tool,雲端電腦服務,4:a5c86bc8-e1c8-48a4-9fd0-5fce4dadda17:4064,法令法規,policy,法令法規,42,10,20
pair_01175,in,37,,4:a5c86bc8-e1c8-48a4-9fd0-5fce4dadda17:3845,雲端服務提供業者,securityTeam,雲端服務提供業者,4:a5c86bc8-e1c8-48a4-9fd0-5fce4dadda17:4261,違反法律的風險,risk,違反法律的風險,42,10,20
pair_01176,in,37,,4:a5c86bc8-e1c8-48a4-9fd0-5fce4dadda17:234,nis 2 directive,policy,nis2directive,4:a5c86bc8-e1c8-48a4-9fd0-5fce4dadda17:1240,雲端電腦服務,tool,雲端電腦服務,42,10,20
pair_01177,in,37,,4:a5c86bc8-e1c8-48a4-9fd0-5fce4dadda17:3845,雲端服務提供業者,securityTeam,雲端服務提供業者,4:a5c86bc8-e1c8-48a4-9fd0-5fce4dadda17:4157,資訊安全管理系統之法規遵循,policy,資訊安全管理系統之法規遵循,42,10,20
pair_01178,in,37,,4:a5c86bc8-e1c8-48a4-9fd0-5fce4dadda17:500,供應鏈人員管控,policy,供應鏈人員管控,4:a5c86bc8-e1c8-48a4-9fd0-5fce4dadda17:1240,雲端電腦服務,tool,雲端電腦服務,42,10,20
pair_01179,in,37,,4:a5c86bc8-e1c8-48a4-9fd0-5fce4dadda17:887,行動裝置軟體安全使用原則,policy,行動裝置軟體安全使用原則,4:a5c86bc8-e1c8-48a4-9fd0-5fce4dadda17:2338,iso/iec 27017,policy,isoiec27017,42,10,20
pair_01180,in,37,,4:a5c86bc8-e1c8-48a4-9fd0-5fce4dadda17:465,iso/iec 27018,policy,isoiec27018,4:a5c86bc8-e1c8-48a4-9fd0-5fce4dadda17:1345,受害網站,app,受害網站,42,10,20
pair_01181,cross,37,28,4:a5c86bc8-e1c8-48a4-9fd0-5fce4dadda17:3656,關閉不需要的主機服務,policy,關閉不需要的主機服務,4:a5c86bc8-e1c8-48a4-9fd0-5fce4dadda17:1323,owasp top ten mobile risks,technique,owasptoptenmobilerisks,42,10,20
pair_01182,cross,37,21,4:a5c86bc8-e1c8-48a4-9fd0-5fce4dadda17:500,供應鏈人員管控,policy,供應鏈人員管控,4:a5c86bc8-e1c8-48a4-9fd0-5fce4dadda17:39,創用cc姓名標示規定,policy,創用cc姓名標示規定,42,10,20
pair_01183,cross,37,30,4:a5c86bc8-e1c8-48a4-9fd0-5fce4dadda17:3881,基礎設施掌握不足,vulnerability,基礎設施掌握不足,4:a5c86bc8-e1c8-48a4-9fd0-5fce4dadda17:3056,評估,function,評估,42,10,20
pair_01184,cross,37,11,4:a5c86bc8-e1c8-48a4-9fd0-5fce4dadda17:1298,用戶身份識別整合問題,vulnerability,用戶身份識別整合問題,4:a5c86bc8-e1c8-48a4-9fd0-5fce4dadda17:88,相關紀錄,data,相關紀錄,42,10,20
pair_01185,cross,37,23,4:a5c86bc8-e1c8-48a4-9fd0-5fce4dadda17:3871,owasp cloud top 10,policy,owaspcloudtop10,4:a5c86bc8-e1c8-48a4-9fd0-5fce4dadda17:3561,近距離無線通訊(nfc),system,近距離無線通訊,42,10,20
pair_01186,cross,37,33,4:a5c86bc8-e1c8-48a4-9fd0-5fce4dadda17:3845,雲端服務提供業者,securityTeam,雲端服務提供業者,4:a5c86bc8-e1c8-48a4-9fd0-5fce4dadda17:3790,企業網路,system,企業網路,42,10,20
pair_01187,cross,37,12,4:a5c86bc8-e1c8-48a4-9fd0-5fce4dadda17:500,供應鏈人員管控,policy,供應鏈人員管控,4:a5c86bc8-e1c8-48a4-9fd0-5fce4dadda17:248,僅用原則,policy,僅用原則,42,10,20
pair_01188,cross,37,66,4:a5c86bc8-e1c8-48a4-9fd0-5fce4dadda17:4064,法令法規,policy,法令法規,4:a5c86bc8-e1c8-48a4-9fd0-5fce4dadda17:939,風險位階矩陣,technique,風險位階矩陣,42,10,20
pair_01189,cross,37,24,4:a5c86bc8-e1c8-48a4-9fd0-5fce4dadda17:1615,csa star,policy,csastar,4:a5c86bc8-e1c8-48a4-9fd0-5fce4dadda17:2686,外來鍵,feature,外來鍵,42,10,20
pair_01190,cross,37,12,4:a5c86bc8-e1c8-48a4-9fd0-5fce4dadda17:4261,違反法律的風險,risk,違反法律的風險,4:a5c86bc8-e1c8-48a4-9fd0-5fce4dadda17:515,認知教育訓練,policy,認知教育訓練,42,10,20
pair_01191,cross,37,15,4:a5c86bc8-e1c8-48a4-9fd0-5fce4dadda17:3961,資訊服務的風險,risk,資訊服務的風險,4:a5c86bc8-e1c8-48a4-9fd0-5fce4dadda17:745,連線劫持,attack,連線劫持,42,10,20
pair_01192,cross,37,1,4:a5c86bc8-e1c8-48a4-9fd0-5fce4dadda17:2613,資訊安全風險,risk,資訊安全風險,4:a5c86bc8-e1c8-48a4-9fd0-5fce4dadda17:2701,最小權限原則,policy,最小權限原則,42,10,20
pair_01193,cross,37,28,4:a5c86bc8-e1c8-48a4-9fd0-5fce4dadda17:4261,違反法律的風險,risk,違反法律的風險,4:a5c86bc8-e1c8-48a4-9fd0-5fce4dadda17:3401,核心網路,system,核心網路,42,10,20
pair_01194,cross,37,54,4:a5c86bc8-e1c8-48a4-9fd0-5fce4dadda17:4157,資訊安全管理系統之法規遵循,policy,資訊安全管理系統之法規遵循,4:a5c86bc8-e1c8-48a4-9fd0-5fce4dadda17:1121,磁條卡弱點,vulnerability,磁條卡弱點,42,10,20
pair_01195,cross,37,24,4:a5c86bc8-e1c8-48a4-9fd0-5fce4dadda17:887,行動裝置軟體安全使用原則,policy,行動裝置軟體安全使用原則,4:a5c86bc8-e1c8-48a4-9fd0-5fce4dadda17:2668,lan,system,lan,42,10,20
pair_01196,cross,37,39,4:a5c86bc8-e1c8-48a4-9fd0-5fce4dadda17:521,最新版本軟體,tool,最新版本軟體,4:a5c86bc8-e1c8-48a4-9fd0-5fce4dadda17:3428,身分驗證,technique,身分驗證,42,10,20
pair_01197,cross,37,10,4:a5c86bc8-e1c8-48a4-9fd0-5fce4dadda17:1669,資料加密政策,policy,資料加密政策,4:a5c86bc8-e1c8-48a4-9fd0-5fce4dadda17:2692,客戶端加密,technique,客戶端加密,42,10,20
pair_01198,cross,37,15,4:a5c86bc8-e1c8-48a4-9fd0-5fce4dadda17:2212,獎勵措施,policy,獎勵措施,4:a5c86bc8-e1c8-48a4-9fd0-5fce4dadda17:180,備份位置,technique,備份位置,42,10,20
pair_01199,cross,37,14,4:a5c86bc8-e1c8-48a4-9fd0-5fce4dadda17:2338,iso/iec 27017,policy,isoiec27017,4:a5c86bc8-e1c8-48a4-9fd0-5fce4dadda17:1744,操作行為記錄,data,操作行為記錄,42,10,20
pair_01200,cross,37,26,4:a5c86bc8-e1c8-48a4-9fd0-5fce4dadda17:461,違反法律之遵循性,risk,違反法律之遵循性,4:a5c86bc8-e1c8-48a4-9fd0-5fce4dadda17:1234,資料儲存與交易紀錄策略,policy,資料儲存與交易紀錄策略,42,10,20
pair_01201,in,39,,4:a5c86bc8-e1c8-48a4-9fd0-5fce4dadda17:1264,重要參數 (csp),data,重要參數,4:a5c86bc8-e1c8-48a4-9fd0-5fce4dadda17:3321,安全等級二,tool,安全等級二,42,10,20
pair_01202,in,39,,4:a5c86bc8-e1c8-48a4-9fd0-5fce4dadda17:1247,api,tool,api,4:a5c86bc8-e1c8-48a4-9fd0-5fce4dadda17:1366,接收方,user,接收方,42,10,20
pair_01203,in,39,,4:a5c86bc8-e1c8-48a4-9fd0-5fce4dadda17:1094,無線設備,system,無線設備,4:a5c86bc8-e1c8-48a4-9fd0-5fce4dadda17:1150,服務區域,system,服務區域,42,10,20
pair_01204,in,39,,4:a5c86bc8-e1c8-48a4-9fd0-5fce4dadda17:776,common criteria (cc),system,commoncriteria,4:a5c86bc8-e1c8-48a4-9fd0-5fce4dadda17:3140,工作站,system,工作站,42,10,20
pair_01205,in,39,,4:a5c86bc8-e1c8-48a4-9fd0-5fce4dadda17:1094,無線設備,system,無線設備,4:a5c86bc8-e1c8-48a4-9fd0-5fce4dadda17:1241,密碼參數,data,密碼參數,42,10,20
pair_01206,in,39,,4:a5c86bc8-e1c8-48a4-9fd0-5fce4dadda17:2659,安全保證需求,feature,安全保證需求,4:a5c86bc8-e1c8-48a4-9fd0-5fce4dadda17:3428,身分驗證,technique,身分驗證,42,10,20
pair_01207,in,39,,4:a5c86bc8-e1c8-48a4-9fd0-5fce4dadda17:1202,亂數產生器,tool,亂數產生器,4:a5c86bc8-e1c8-48a4-9fd0-5fce4dadda17:1203,非揮發性記憶體,tool,非揮發性記憶體,42,10,20
pair_01208,in,39,,4:a5c86bc8-e1c8-48a4-9fd0-5fce4dadda17:1197,microsoft cryptoapi,feature,microsoftcryptoapi,4:a5c86bc8-e1c8-48a4-9fd0-5fce4dadda17:2658,安全功能需求,feature,安全功能需求,42,10,20
pair_01209,in,39,,4:a5c86bc8-e1c8-48a4-9fd0-5fce4dadda17:1198,rsa pkcs#11,feature,rsapkcs#11,4:a5c86bc8-e1c8-48a4-9fd0-5fce4dadda17:1201,pci 卡,tool,pci卡,42,10,20
pair_01210,in,39,,4:a5c86bc8-e1c8-48a4-9fd0-5fce4dadda17:1024,存取器,system,存取器,4:a5c86bc8-e1c8-48a4-9fd0-5fce4dadda17:3344,多晶片獨立模組,tool,多晶片獨立模組,42,10,20
pair_01211,in,39,,4:a5c86bc8-e1c8-48a4-9fd0-5fce4dadda17:1091,無線存取器(ap),system,無線存取器,4:a5c86bc8-e1c8-48a4-9fd0-5fce4dadda17:1175,金鑰保護機制,feature,金鑰保護機制,42,10,20
pair_01212,in,39,,4:a5c86bc8-e1c8-48a4-9fd0-5fce4dadda17:3303,csp (cryptographic service provider),tool,csp,4:a5c86bc8-e1c8-48a4-9fd0-5fce4dadda17:3428,身分驗證,technique,身分驗證,42,10,20
pair_01213,in,39,,4:a5c86bc8-e1c8-48a4-9fd0-5fce4dadda17:587,資產安全,feature,資產安全,4:a5c86bc8-e1c8-48a4-9fd0-5fce4dadda17:3321,安全等級二,tool,安全等級二,42,10,20
pair_01214,in,39,,4:a5c86bc8-e1c8-48a4-9fd0-5fce4dadda17:2617,實體安全管理面,feature,實體安全管理面,4:a5c86bc8-e1c8-48a4-9fd0-5fce4dadda17:3428,身分驗證,technique,身分驗證,42,10,20
pair_01215,in,39,,4:a5c86bc8-e1c8-48a4-9fd0-5fce4dadda17:821,功能需求,feature,功能需求,4:a5c86bc8-e1c8-48a4-9fd0-5fce4dadda17:1202,亂數產生器,tool,亂數產生器,42,10,20
pair_01216,in,39,,4:a5c86bc8-e1c8-48a4-9fd0-5fce4dadda17:3319,密碼模組,system,密碼模組,4:a5c86bc8-e1c8-48a4-9fd0-5fce4dadda17:3752,有限狀態機模組,feature,有限狀態機模組,42,10,20
pair_01217,in,39,,4:a5c86bc8-e1c8-48a4-9fd0-5fce4dadda17:1245,邏輯安全,feature,邏輯安全,4:a5c86bc8-e1c8-48a4-9fd0-5fce4dadda17:2548,標的產品,system,標的產品,42,10,20
pair_01218,in,39,,4:a5c86bc8-e1c8-48a4-9fd0-5fce4dadda17:1241,密碼參數,data,密碼參數,4:a5c86bc8-e1c8-48a4-9fd0-5fce4dadda17:1270,密碼模組介面,feature,密碼模組介面,42,10,20
pair_01219,in,39,,4:a5c86bc8-e1c8-48a4-9fd0-5fce4dadda17:823,ctcpec,system,ctcpec,4:a5c86bc8-e1c8-48a4-9fd0-5fce4dadda17:1264,重要參數 (csp),data,重要參數,42,10,20
pair_01220,in,39,,4:a5c86bc8-e1c8-48a4-9fd0-5fce4dadda17:1271,軟體/韌體安全,feature,軟體韌體安全,4:a5c86bc8-e1c8-48a4-9fd0-5fce4dadda17:3329,單一晶片,tool,單一晶片,42,10,20
pair_01221,cross,39,18,4:a5c86bc8-e1c8-48a4-9fd0-5fce4dadda17:528,資訊安全,system,資訊安全,4:a5c86bc8-e1c8-48a4-9fd0-5fce4dadda17:361,伺服器登入資訊,data,伺服器登入資訊,42,10,20
pair_01222,cross,39,13,4:a5c86bc8-e1c8-48a4-9fd0-5fce4dadda17:3443,公鑰,data,公鑰,4:a5c86bc8-e1c8-48a4-9fd0-5fce4dadda17:4258,應用程式商店,system,應用程式商店,42,10,20
pair_01223,cross,39,14,4:a5c86bc8-e1c8-48a4-9fd0-5fce4dadda17:3140,工作站,system,工作站,4:a5c86bc8-e1c8-48a4-9fd0-5fce4dadda17:20,跨站指令碼漏洞,vulnerability,跨站指令碼漏洞,42,10,20
pair_01224,cross,39,12,4:a5c86bc8-e1c8-48a4-9fd0-5fce4dadda17:2658,安全功能需求,feature,安全功能需求,4:a5c86bc8-e1c8-48a4-9fd0-5fce4dadda17:1803,緊急應變計畫,policy,緊急應變計畫,42,10,20
pair_01225,cross,39,21,4:a5c86bc8-e1c8-48a4-9fd0-5fce4dadda17:1271,軟體/韌體安全,feature,軟體韌體安全,4:a5c86bc8-e1c8-48a4-9fd0-5fce4dadda17:3904,分散式架構,system,分散式架構,42,10,20
pair_01226,cross,39,37,4:a5c86bc8-e1c8-48a4-9fd0-5fce4dadda17:1247,api,tool,api,4:a5c86bc8-e1c8-48a4-9fd0-5fce4dadda17:1298,用戶身份識別整合問題,vulnerability,用戶身份識別整合問題,42,10,20
pair_01227,cross,39,52,4:a5c86bc8-e1c8-48a4-9fd0-5fce4dadda17:3759,設計發展擔保,feature,設計發展擔保,4:a5c86bc8-e1c8-48a4-9fd0-5fce4dadda17:2639,帳號密碼弱點,vulnerability,帳號密碼弱點,42,10,20
pair_01228,cross,39,1,4:a5c86bc8-e1c8-48a4-9fd0-5fce4dadda17:1024,存取器,system,存取器,4:a5c86bc8-e1c8-48a4-9fd0-5fce4dadda17:3610,匿名通信,function,匿名通信,42,10,20
pair_01229,cross,39,14,4:a5c86bc8-e1c8-48a4-9fd0-5fce4dadda17:589,通訊及網路安全,feature,通訊及網路安全,4:a5c86bc8-e1c8-48a4-9fd0-5fce4dadda17:330,預防管理,function,預防管理,42,10,20
pair_01230,cross,39,45,4:a5c86bc8-e1c8-48a4-9fd0-5fce4dadda17:1197,microsoft cryptoapi,feature,microsoftcryptoapi,4:a5c86bc8-e1c8-48a4-9fd0-5fce4dadda17:3864,paas,system,paas,42,10,20
pair_01231,cross,39,27,4:a5c86bc8-e1c8-48a4-9fd0-5fce4dadda17:3302,cryptoapi,tool,cryptoapi,4:a5c86bc8-e1c8-48a4-9fd0-5fce4dadda17:2412,任意存取控制 (dac),technique,任意存取控制,42,10,20
pair_01232,cross,39,15,4:a5c86bc8-e1c8-48a4-9fd0-5fce4dadda17:1145,有線網路,system,有線網路,4:a5c86bc8-e1c8-48a4-9fd0-5fce4dadda17:780,營業秘密竊取,attack,營業秘密竊取,42,10,20
pair_01233,cross,39,28,4:a5c86bc8-e1c8-48a4-9fd0-5fce4dadda17:1202,亂數產生器,tool,亂數產生器,4:a5c86bc8-e1c8-48a4-9fd0-5fce4dadda17:4256,遠端資料抹除,function,遠端資料抹除,42,10,20
pair_01234,cross,39,2,4:a5c86bc8-e1c8-48a4-9fd0-5fce4dadda17:1242,密碼運算器,tool,密碼運算器,4:a5c86bc8-e1c8-48a4-9fd0-5fce4dadda17:2597,釣魚郵件,tool,釣魚郵件,42,10,20
pair_01235,cross,39,32,4:a5c86bc8-e1c8-48a4-9fd0-5fce4dadda17:799,公開金鑰演算法,app,公開金鑰演算法,4:a5c86bc8-e1c8-48a4-9fd0-5fce4dadda17:2072,fedora/centos/rhel linux,system,fedoracentosrhellinux,42,10,20
pair_01236,cross,39,2,4:a5c86bc8-e1c8-48a4-9fd0-5fce4dadda17:3754,操作環境,feature,操作環境,4:a5c86bc8-e1c8-48a4-9fd0-5fce4dadda17:523,法規要求與限制,policy,法規要求與限制,42,10,20
pair_01237,cross,39,28,4:a5c86bc8-e1c8-48a4-9fd0-5fce4dadda17:3759,設計發展擔保,feature,設計發展擔保,4:a5c86bc8-e1c8-48a4-9fd0-5fce4dadda17:1069,封包內容,data,封包內容,42,10,20
pair_01238,cross,39,52,4:a5c86bc8-e1c8-48a4-9fd0-5fce4dadda17:1201,pci 卡,tool,pci卡,4:a5c86bc8-e1c8-48a4-9fd0-5fce4dadda17:3427,自動化登入攻擊,attack,自動化登入攻擊,42,10,20
pair_01239,cross,39,66,4:a5c86bc8-e1c8-48a4-9fd0-5fce4dadda17:1268,秘密金鑰 (secret key),data,秘密金鑰,4:a5c86bc8-e1c8-48a4-9fd0-5fce4dadda17:4048,未授權進入,risk,未授權進入,42,10,20
pair_01240,cross,39,4,4:a5c86bc8-e1c8-48a4-9fd0-5fce4dadda17:528,資訊安全,system,資訊安全,4:a5c86bc8-e1c8-48a4-9fd0-5fce4dadda17:2564,ping,tool,ping,42,10,20
pair_01241,in,41,,4:a5c86bc8-e1c8-48a4-9fd0-5fce4dadda17:2506,警衛,securityTeam,警衛,4:a5c86bc8-e1c8-48a4-9fd0-5fce4dadda17:2624,離線式ups,tool,離線式ups,42,10,20
pair_01242,in,41,,4:a5c86bc8-e1c8-48a4-9fd0-5fce4dadda17:1211,上鎖空間,system,上鎖空間,4:a5c86bc8-e1c8-48a4-9fd0-5fce4dadda17:2624,離線式ups,tool,離線式ups,42,10,20
pair_01243,in,41,,4:a5c86bc8-e1c8-48a4-9fd0-5fce4dadda17:1211,上鎖空間,system,上鎖空間,4:a5c86bc8-e1c8-48a4-9fd0-5fce4dadda17:1311,無人看管狀態,vulnerability,無人看管狀態,42,10,20
pair_01244,in,41,,4:a5c86bc8-e1c8-48a4-9fd0-5fce4dadda17:623,執勤人員,securityTeam,執勤人員,4:a5c86bc8-e1c8-48a4-9fd0-5fce4dadda17:1283,網路防線,system,網路防線,42,10,20
pair_01245,in,41,,4:a5c86bc8-e1c8-48a4-9fd0-5fce4dadda17:1311,無人看管狀態,vulnerability,無人看管狀態,4:a5c86bc8-e1c8-48a4-9fd0-5fce4dadda17:3842,utm產品,tool,utm產品,42,10,20
pair_01246,in,41,,4:a5c86bc8-e1c8-48a4-9fd0-5fce4dadda17:704,電擊棒,tool,電擊棒,4:a5c86bc8-e1c8-48a4-9fd0-5fce4dadda17:3842,utm產品,tool,utm產品,42,10,20
pair_01247,in,41,,4:a5c86bc8-e1c8-48a4-9fd0-5fce4dadda17:1223,utm,system,utm,4:a5c86bc8-e1c8-48a4-9fd0-5fce4dadda17:1284,稽核資料,data,稽核資料,42,10,20
pair_01248,in,41,,4:a5c86bc8-e1c8-48a4-9fd0-5fce4dadda17:2629,監看閉路電視監視器,function,監看閉路電視監視器,4:a5c86bc8-e1c8-48a4-9fd0-5fce4dadda17:3957,內容過濾,tool,內容過濾,42,10,20
pair_01249,in,41,,4:a5c86bc8-e1c8-48a4-9fd0-5fce4dadda17:2489,防毒軟體,tool,防毒軟體,4:a5c86bc8-e1c8-48a4-9fd0-5fce4dadda17:2622,警報系統,tool,警報系統,42,10,20
pair_01250,in,41,,4:a5c86bc8-e1c8-48a4-9fd0-5fce4dadda17:702,光學設施,feature,光學設施,4:a5c86bc8-e1c8-48a4-9fd0-5fce4dadda17:727,資訊資產與設備,system,資訊資產與設備,42,10,20
pair_01251,in,41,,4:a5c86bc8-e1c8-48a4-9fd0-5fce4dadda17:717,柴油發電機,tool,柴油發電機,4:a5c86bc8-e1c8-48a4-9fd0-5fce4dadda17:1223,utm,system,utm,42,10,20
pair_01252,in,41,,4:a5c86bc8-e1c8-48a4-9fd0-5fce4dadda17:2489,防毒軟體,tool,防毒軟體,4:a5c86bc8-e1c8-48a4-9fd0-5fce4dadda17:2623,管制人員出入,function,管制人員出入,42,10,20
pair_01253,in,41,,4:a5c86bc8-e1c8-48a4-9fd0-5fce4dadda17:2418,行動裝置通訊軟體,app,行動裝置通訊軟體,4:a5c86bc8-e1c8-48a4-9fd0-5fce4dadda17:4050,機房,system,機房,42,10,20
pair_01254,in,41,,4:a5c86bc8-e1c8-48a4-9fd0-5fce4dadda17:1284,稽核資料,data,稽核資料,4:a5c86bc8-e1c8-48a4-9fd0-5fce4dadda17:2622,警報系統,tool,警報系統,42,10,20
pair_01255,in,41,,4:a5c86bc8-e1c8-48a4-9fd0-5fce4dadda17:1451,惡意訊息,attack,惡意訊息,4:a5c86bc8-e1c8-48a4-9fd0-5fce4dadda17:2512,閉路電視監視器,tool,閉路電視監視器,42,10,20
pair_01256,in,41,,4:a5c86bc8-e1c8-48a4-9fd0-5fce4dadda17:621,強化玻璃,tool,強化玻璃,4:a5c86bc8-e1c8-48a4-9fd0-5fce4dadda17:642,實體安全設施,tool,實體安全設施,42,10,20
pair_01257,in,41,,4:a5c86bc8-e1c8-48a4-9fd0-5fce4dadda17:3649,防毒功能,function,防毒功能,4:a5c86bc8-e1c8-48a4-9fd0-5fce4dadda17:3842,utm產品,tool,utm產品,42,10,20
pair_01258,in,41,,4:a5c86bc8-e1c8-48a4-9fd0-5fce4dadda17:1531,即時偵測,function,即時偵測,4:a5c86bc8-e1c8-48a4-9fd0-5fce4dadda17:3164,阻擋訊息,feature,阻擋訊息,42,10,20
pair_01259,in,41,,4:a5c86bc8-e1c8-48a4-9fd0-5fce4dadda17:2183,設備被錯誤使用或竊取,risk,設備被錯誤使用或竊取,4:a5c86bc8-e1c8-48a4-9fd0-5fce4dadda17:3649,防毒功能,function,防毒功能,42,10,20
pair_01260,in,41,,4:a5c86bc8-e1c8-48a4-9fd0-5fce4dadda17:696,可疑份子入侵,attack,可疑份子入侵,4:a5c86bc8-e1c8-48a4-9fd0-5fce4dadda17:2512,閉路電視監視器,tool,閉路電視監視器,42,10,20
pair_01261,cross,41,23,4:a5c86bc8-e1c8-48a4-9fd0-5fce4dadda17:3828,正面模式偵測技術,technique,正面模式偵測技術,4:a5c86bc8-e1c8-48a4-9fd0-5fce4dadda17:2660,機密性,principle,機密性,42,10,20
pair_01262,cross,41,6,4:a5c86bc8-e1c8-48a4-9fd0-5fce4dadda17:3828,正面模式偵測技術,technique,正面模式偵測技術,4:a5c86bc8-e1c8-48a4-9fd0-5fce4dadda17:160,owasp,securityTeam,owasp,42,10,20
pair_01263,cross,41,11,4:a5c86bc8-e1c8-48a4-9fd0-5fce4dadda17:3826,入侵偵測系統 (ids),tool,入侵偵測系統,4:a5c86bc8-e1c8-48a4-9fd0-5fce4dadda17:3512,蜜罐,tool,蜜罐,42,10,20
pair_01264,cross,41,30,4:a5c86bc8-e1c8-48a4-9fd0-5fce4dadda17:1222,hids,tool,hids,4:a5c86bc8-e1c8-48a4-9fd0-5fce4dadda17:364,開發,technique,開發,42,10,20
pair_01265,cross,41,14,4:a5c86bc8-e1c8-48a4-9fd0-5fce4dadda17:2511,監視系統,tool,監視系統,4:a5c86bc8-e1c8-48a4-9fd0-5fce4dadda17:3424,vsftpd2.3.4,app,vsftpd234,42,10,20
pair_01266,cross,41,16,4:a5c86bc8-e1c8-48a4-9fd0-5fce4dadda17:2631,影像資料,data,影像資料,4:a5c86bc8-e1c8-48a4-9fd0-5fce4dadda17:3942,應用層,feature,應用層,42,10,20
pair_01267,cross,41,23,4:a5c86bc8-e1c8-48a4-9fd0-5fce4dadda17:718,市電雜訊干擾,risk,市電雜訊干擾,4:a5c86bc8-e1c8-48a4-9fd0-5fce4dadda17:800,電腦科技,tool,電腦科技,42,10,20
pair_01268,cross,41,13,4:a5c86bc8-e1c8-48a4-9fd0-5fce4dadda17:694,攝影機,tool,攝影機,4:a5c86bc8-e1c8-48a4-9fd0-5fce4dadda17:2428,系統管理權限,feature,系統管理權限,42,10,20
pair_01269,cross,41,24,4:a5c86bc8-e1c8-48a4-9fd0-5fce4dadda17:3649,防毒功能,function,防毒功能,4:a5c86bc8-e1c8-48a4-9fd0-5fce4dadda17:1097,wpa3,tool,wpa3,42,10,20
pair_01270,cross,41,16,4:a5c86bc8-e1c8-48a4-9fd0-5fce4dadda17:3830,特徵值,feature,特徵值,4:a5c86bc8-e1c8-48a4-9fd0-5fce4dadda17:3991,行為資料,data,行為資料,42,10,20
pair_01271,cross,41,27,4:a5c86bc8-e1c8-48a4-9fd0-5fce4dadda17:3954,code red 病毒,attack,codered病毒,4:a5c86bc8-e1c8-48a4-9fd0-5fce4dadda17:2700,強制存取控制,technique,強制存取控制,42,10,20
pair_01272,cross,41,2,4:a5c86bc8-e1c8-48a4-9fd0-5fce4dadda17:2631,影像資料,data,影像資料,4:a5c86bc8-e1c8-48a4-9fd0-5fce4dadda17:2272,當事人,user,當事人,42,10,20
pair_01273,cross,41,19,4:a5c86bc8-e1c8-48a4-9fd0-5fce4dadda17:1220,正向模式,technique,正向模式,4:a5c86bc8-e1c8-48a4-9fd0-5fce4dadda17:988,營運持續管理作業要點,policy,營運持續管理作業要點,42,10,20
pair_01274,cross,41,1,4:a5c86bc8-e1c8-48a4-9fd0-5fce4dadda17:3594,特徵比對,technique,特徵比對,4:a5c86bc8-e1c8-48a4-9fd0-5fce4dadda17:4335,委外作業人員,user,委外作業人員,42,10,20
pair_01275,cross,41,2,4:a5c86bc8-e1c8-48a4-9fd0-5fce4dadda17:3953,入侵偵測技術,technique,入侵偵測技術,4:a5c86bc8-e1c8-48a4-9fd0-5fce4dadda17:35,網路安全法(中華人民共和國),policy,網路安全法,42,10,20
pair_01276,cross,41,18,4:a5c86bc8-e1c8-48a4-9fd0-5fce4dadda17:984,密級之紙本類資訊資產,data,密級之紙本類資訊資產,4:a5c86bc8-e1c8-48a4-9fd0-5fce4dadda17:297,資訊資產的價值,feature,資訊資產的價值,42,10,20
pair_01277,cross,41,14,4:a5c86bc8-e1c8-48a4-9fd0-5fce4dadda17:1277,門鎖,tool,門鎖,4:a5c86bc8-e1c8-48a4-9fd0-5fce4dadda17:2662,保護圈環,feature,保護圈環,42,10,20
pair_01278,cross,41,2,4:a5c86bc8-e1c8-48a4-9fd0-5fce4dadda17:3164,阻擋訊息,feature,阻擋訊息,4:a5c86bc8-e1c8-48a4-9fd0-5fce4dadda17:3505,不隨意開啟來路不明的信件連結,technique,不隨意開啟來路不明的信件連結,42,10,20
pair_01279,cross,41,14,4:a5c86bc8-e1c8-48a4-9fd0-5fce4dadda17:621,強化玻璃,tool,強化玻璃,4:a5c86bc8-e1c8-48a4-9fd0-5fce4dadda17:2661,行程獨立,feature,行程獨立,42,10,20
pair_01280,cross,41,24,4:a5c86bc8-e1c8-48a4-9fd0-5fce4dadda17:333,隔離可疑項目,function,隔離可疑項目,4:a5c86bc8-e1c8-48a4-9fd0-5fce4dadda17:3611,使用者身份,data,使用者身份,42,10,20
pair_01281,in,42,,4:a5c86bc8-e1c8-48a4-9fd0-5fce4dadda17:992,告知蒐集目的,feature,告知蒐集目的,4:a5c86bc8-e1c8-48a4-9fd0-5fce4dadda17:1123,損害控制或復原作業,function,損害控制或復原作業,42,10,20
pair_01282,in,42,,4:a5c86bc8-e1c8-48a4-9fd0-5fce4dadda17:312,受影響的系統及範圍,data,受影響的系統及範圍,4:a5c86bc8-e1c8-48a4-9fd0-5fce4dadda17:313,預估可能的處理時間,data,預估可能的處理時間,42,10,20
pair_01283,in,42,,4:a5c86bc8-e1c8-48a4-9fd0-5fce4dadda17:3773,關鍵基礎設施提供者,securityTeam,關鍵基礎設施提供者,4:a5c86bc8-e1c8-48a4-9fd0-5fce4dadda17:3938,告知資料類別,feature,告知資料類別,42,10,20
pair_01284,in,42,,4:a5c86bc8-e1c8-48a4-9fd0-5fce4dadda17:1002,資安事件通報,function,資安事件通報,4:a5c86bc8-e1c8-48a4-9fd0-5fce4dadda17:4320,公務或非公務機關,securityTeam,公務或非公務機關,42,10,20
pair_01285,in,42,,4:a5c86bc8-e1c8-48a4-9fd0-5fce4dadda17:3773,關鍵基礎設施提供者,securityTeam,關鍵基礎設施提供者,4:a5c86bc8-e1c8-48a4-9fd0-5fce4dadda17:4320,公務或非公務機關,securityTeam,公務或非公務機關,42,10,20
pair_01286,in,42,,4:a5c86bc8-e1c8-48a4-9fd0-5fce4dadda17:312,受影響的系統及範圍,data,受影響的系統及範圍,4:a5c86bc8-e1c8-48a4-9fd0-5fce4dadda17:3938,告知資料類別,feature,告知資料類別,42,10,20
pair_01287,in,42,,4:a5c86bc8-e1c8-48a4-9fd0-5fce4dadda17:1123,損害控制或復原作業,function,損害控制或復原作業,4:a5c86bc8-e1c8-48a4-9fd0-5fce4dadda17:3773,關鍵基礎設施提供者,securityTeam,關鍵基礎設施提供者,42,10,20
pair_01288,in,42,,4:a5c86bc8-e1c8-48a4-9fd0-5fce4dadda17:314,事件發生的時間,data,事件發生的時間,4:a5c86bc8-e1c8-48a4-9fd0-5fce4dadda17:4320,公務或非公務機關,securityTeam,公務或非公務機關,42,10,20
pair_01289,in,42,,4:a5c86bc8-e1c8-48a4-9fd0-5fce4dadda17:3773,關鍵基礎設施提供者,securityTeam,關鍵基礎設施提供者,4:a5c86bc8-e1c8-48a4-9fd0-5fce4dadda17:4319,個人資料蒐集告知,function,個人資料蒐集告知,42,10,20
pair_01290,in,42,,4:a5c86bc8-e1c8-48a4-9fd0-5fce4dadda17:314,事件發生的時間,data,事件發生的時間,4:a5c86bc8-e1c8-48a4-9fd0-5fce4dadda17:4319,個人資料蒐集告知,function,個人資料蒐集告知,42,10,20
pair_01291,in,42,,4:a5c86bc8-e1c8-48a4-9fd0-5fce4dadda17:313,預估可能的處理時間,data,預估可能的處理時間,4:a5c86bc8-e1c8-48a4-9fd0-5fce4dadda17:992,告知蒐集目的,feature,告知蒐集目的,42,10,20
pair_01292,in,42,,4:a5c86bc8-e1c8-48a4-9fd0-5fce4dadda17:1123,損害控制或復原作業,function,損害控制或復原作業,4:a5c86bc8-e1c8-48a4-9fd0-5fce4dadda17:2024,告知利用期間與地區,feature,告知利用期間與地區,42,10,20
pair_01293,in,42,,4:a5c86bc8-e1c8-48a4-9fd0-5fce4dadda17:312,受影響的系統及範圍,data,受影響的系統及範圍,4:a5c86bc8-e1c8-48a4-9fd0-5fce4dadda17:1123,損害控制或復原作業,function,損害控制或復原作業,42,10,20
pair_01294,in,42,,4:a5c86bc8-e1c8-48a4-9fd0-5fce4dadda17:313,預估可能的處理時間,data,預估可能的處理時間,4:a5c86bc8-e1c8-48a4-9fd0-5fce4dadda17:1123,損害控制或復原作業,function,損害控制或復原作業,42,10,20
pair_01295,in,42,,4:a5c86bc8-e1c8-48a4-9fd0-5fce4dadda17:2024,告知利用期間與地區,feature,告知利用期間與地區,4:a5c86bc8-e1c8-48a4-9fd0-5fce4dadda17:4320,公務或非公務機關,securityTeam,公務或非公務機關,42,10,20
pair_01296,in,42,,4:a5c86bc8-e1c8-48a4-9fd0-5fce4dadda17:314,事件發生的時間,data,事件發生的時間,4:a5c86bc8-e1c8-48a4-9fd0-5fce4dadda17:3773,關鍵基礎設施提供者,securityTeam,關鍵基礎設施提供者,42,10,20
pair_01297,in,42,,4:a5c86bc8-e1c8-48a4-9fd0-5fce4dadda17:313,預估可能的處理時間,data,預估可能的處理時間,4:a5c86bc8-e1c8-48a4-9fd0-5fce4dadda17:1002,資安事件通報,function,資安事件通報,42,10,20
pair_01298,in,42,,4:a5c86bc8-e1c8-48a4-9fd0-5fce4dadda17:2024,告知利用期間與地區,feature,告知利用期間與地區,4:a5c86bc8-e1c8-48a4-9fd0-5fce4dadda17:3938,告知資料類別,feature,告知資料類別,42,10,20
pair_01299,in,42,,4:a5c86bc8-e1c8-48a4-9fd0-5fce4dadda17:1002,資安事件通報,function,資安事件通報,4:a5c86bc8-e1c8-48a4-9fd0-5fce4dadda17:1123,損害控制或復原作業,function,損害控制或復原作業,42,10,20
pair_01300,in,42,,4:a5c86bc8-e1c8-48a4-9fd0-5fce4dadda17:992,告知蒐集目的,feature,告知蒐集目的,4:a5c86bc8-e1c8-48a4-9fd0-5fce4dadda17:4320,公務或非公務機關,securityTeam,公務或非公務機關,42,10,20
pair_01301,cross,42,12,4:a5c86bc8-e1c8-48a4-9fd0-5fce4dadda17:312,受影響的系統及範圍,data,受影響的系統及範圍,4:a5c86bc8-e1c8-48a4-9fd0-5fce4dadda17:287,erp 系統當機,attack,erp系統當機,42,10,20
pair_01302,cross,42,17,4:a5c86bc8-e1c8-48a4-9fd0-5fce4dadda17:992,告知蒐集目的,feature,告知蒐集目的,4:a5c86bc8-e1c8-48a4-9fd0-5fce4dadda17:2131,檔案毀損,attack,檔案毀損,42,10,20
pair_01303,cross,42,61,4:a5c86bc8-e1c8-48a4-9fd0-5fce4dadda17:3938,告知資料類別,feature,告知資料類別,4:a5c86bc8-e1c8-48a4-9fd0-5fce4dadda17:4342,橢圓曲線密碼學 (ecc),technique,橢圓曲線密碼學,42,10,20
pair_01304,cross,42,6,4:a5c86bc8-e1c8-48a4-9fd0-5fce4dadda17:1123,損害控制或復原作業,function,損害控制或復原作業,4:a5c86bc8-e1c8-48a4-9fd0-5fce4dadda17:516,定期檢視帳號權限,technique,定期檢視帳號權限,42,10,20
pair_01305,cross,42,7,4:a5c86bc8-e1c8-48a4-9fd0-5fce4dadda17:312,受影響的系統及範圍,data,受影響的系統及範圍,4:a5c86bc8-e1c8-48a4-9fd0-5fce4dadda17:1136,網路釣魚郵件,attack,網路釣魚郵件,42,10,20
pair_01306,cross,42,19,4:a5c86bc8-e1c8-48a4-9fd0-5fce4dadda17:313,預估可能的處理時間,data,預估可能的處理時間,4:a5c86bc8-e1c8-48a4-9fd0-5fce4dadda17:3683,錯誤接受率 (false acceptance rate),vulnerability,錯誤接受率,42,10,20
pair_01307,cross,42,19,4:a5c86bc8-e1c8-48a4-9fd0-5fce4dadda17:992,告知蒐集目的,feature,告知蒐集目的,4:a5c86bc8-e1c8-48a4-9fd0-5fce4dadda17:3836,敏感度,feature,敏感度,42,10,20
pair_01308,cross,42,26,4:a5c86bc8-e1c8-48a4-9fd0-5fce4dadda17:4320,公務或非公務機關,securityTeam,公務或非公務機關,4:a5c86bc8-e1c8-48a4-9fd0-5fce4dadda17:744,網路犯罪,attack,網路犯罪,42,10,20
pair_01309,cross,42,19,4:a5c86bc8-e1c8-48a4-9fd0-5fce4dadda17:2024,告知利用期間與地區,feature,告知利用期間與地區,4:a5c86bc8-e1c8-48a4-9fd0-5fce4dadda17:184,系統除錯,function,系統除錯,42,10,20
pair_01310,cross,42,23,4:a5c86bc8-e1c8-48a4-9fd0-5fce4dadda17:2024,告知利用期間與地區,feature,告知利用期間與地區,4:a5c86bc8-e1c8-48a4-9fd0-5fce4dadda17:1798,客戶資料,data,客戶資料,42,10,20
pair_01311,cross,42,39,4:a5c86bc8-e1c8-48a4-9fd0-5fce4dadda17:2024,告知利用期間與地區,feature,告知利用期間與地區,4:a5c86bc8-e1c8-48a4-9fd0-5fce4dadda17:3752,有限狀態機模組,feature,有限狀態機模組,42,10,20
pair_01312,cross,42,15,4:a5c86bc8-e1c8-48a4-9fd0-5fce4dadda17:314,事件發生的時間,data,事件發生的時間,4:a5c86bc8-e1c8-48a4-9fd0-5fce4dadda17:4194,完整性檢查,function,完整性檢查,42,10,20
pair_01313,cross,42,23,4:a5c86bc8-e1c8-48a4-9fd0-5fce4dadda17:3773,關鍵基礎設施提供者,securityTeam,關鍵基礎設施提供者,4:a5c86bc8-e1c8-48a4-9fd0-5fce4dadda17:384,某乙,attacker,某乙,42,10,20
pair_01314,cross,42,27,4:a5c86bc8-e1c8-48a4-9fd0-5fce4dadda17:312,受影響的系統及範圍,data,受影響的系統及範圍,4:a5c86bc8-e1c8-48a4-9fd0-5fce4dadda17:3203,電子郵件client,app,電子郵件client,42,10,20
pair_01315,cross,42,1,4:a5c86bc8-e1c8-48a4-9fd0-5fce4dadda17:3938,告知資料類別,feature,告知資料類別,4:a5c86bc8-e1c8-48a4-9fd0-5fce4dadda17:114,專用 laptop,system,專用laptop,42,10,20
pair_01316,cross,42,12,4:a5c86bc8-e1c8-48a4-9fd0-5fce4dadda17:312,受影響的系統及範圍,data,受影響的系統及範圍,4:a5c86bc8-e1c8-48a4-9fd0-5fce4dadda17:290,遵守計畫,policy,遵守計畫,42,10,20
pair_01317,cross,42,15,4:a5c86bc8-e1c8-48a4-9fd0-5fce4dadda17:992,告知蒐集目的,feature,告知蒐集目的,4:a5c86bc8-e1c8-48a4-9fd0-5fce4dadda17:745,連線劫持,attack,連線劫持,42,10,20
pair_01318,cross,42,14,4:a5c86bc8-e1c8-48a4-9fd0-5fce4dadda17:313,預估可能的處理時間,data,預估可能的處理時間,4:a5c86bc8-e1c8-48a4-9fd0-5fce4dadda17:3424,vsftpd2.3.4,app,vsftpd234,42,10,20
pair_01319,cross,42,14,4:a5c86bc8-e1c8-48a4-9fd0-5fce4dadda17:1002,資安事件通報,function,資安事件通報,4:a5c86bc8-e1c8-48a4-9fd0-5fce4dadda17:328,setuid,vulnerability,setuid,42,10,20
pair_01320,cross,42,15,4:a5c86bc8-e1c8-48a4-9fd0-5fce4dadda17:312,受影響的系統及範圍,data,受影響的系統及範圍,4:a5c86bc8-e1c8-48a4-9fd0-5fce4dadda17:593,惡意軟體傳播,attack,惡意軟體傳播,42,10,20
pair_01321,in,45,,4:a5c86bc8-e1c8-48a4-9fd0-5fce4dadda17:567,ot系統,system,ot系統,4:a5c86bc8-e1c8-48a4-9fd0-5fce4dadda17:739,監聽,technique,監聽,42,10,20
pair_01322,in,45,,4:a5c86bc8-e1c8-48a4-9fd0-5fce4dadda17:2993,內部人員,user,內部人員,4:a5c86bc8-e1c8-48a4-9fd0-5fce4dadda17:4295,復原或損害管制,technique,復原或損害管制,42,10,20
pair_01323,in,45,,4:a5c86bc8-e1c8-48a4-9fd0-5fce4dadda17:2121,ssl/tls 交握協定 (handshake protocol),feature,ssltls交握協定,4:a5c86bc8-e1c8-48a4-9fd0-5fce4dadda17:3666,html 語法,data,html語法,42,10,20
pair_01324,in,45,,4:a5c86bc8-e1c8-48a4-9fd0-5fce4dadda17:968,ssl/tls,tool,ssltls,4:a5c86bc8-e1c8-48a4-9fd0-5fce4dadda17:4116,client 端,system,client端,42,10,20
pair_01325,in,45,,4:a5c86bc8-e1c8-48a4-9fd0-5fce4dadda17:610,網路監聽工具,tool,網路監聽工具,4:a5c86bc8-e1c8-48a4-9fd0-5fce4dadda17:3864,paas,system,paas,42,10,20
pair_01326,in,45,,4:a5c86bc8-e1c8-48a4-9fd0-5fce4dadda17:739,監聽,technique,監聽,4:a5c86bc8-e1c8-48a4-9fd0-5fce4dadda17:2571,ssl vpn,tool,sslvpn,42,10,20
pair_01327,in,45,,4:a5c86bc8-e1c8-48a4-9fd0-5fce4dadda17:3280,verisign 安全機制,tool,verisign安全機制,4:a5c86bc8-e1c8-48a4-9fd0-5fce4dadda17:4127,cookies,tool,cookies,42,10,20
pair_01328,in,45,,4:a5c86bc8-e1c8-48a4-9fd0-5fce4dadda17:1190,html 網頁,data,html網頁,4:a5c86bc8-e1c8-48a4-9fd0-5fce4dadda17:4116,client 端,system,client端,42,10,20
pair_01329,in,45,,4:a5c86bc8-e1c8-48a4-9fd0-5fce4dadda17:739,監聽,technique,監聽,4:a5c86bc8-e1c8-48a4-9fd0-5fce4dadda17:1191,html 解析能力,feature,html解析能力,42,10,20
pair_01330,in,45,,4:a5c86bc8-e1c8-48a4-9fd0-5fce4dadda17:4150,代碼技術,tool,代碼技術,4:a5c86bc8-e1c8-48a4-9fd0-5fce4dadda17:4295,復原或損害管制,technique,復原或損害管制,42,10,20
pair_01331,in,45,,4:a5c86bc8-e1c8-48a4-9fd0-5fce4dadda17:610,網路監聽工具,tool,網路監聽工具,4:a5c86bc8-e1c8-48a4-9fd0-5fce4dadda17:3455,網站伺服器,system,網站伺服器,42,10,20
pair_01332,in,45,,4:a5c86bc8-e1c8-48a4-9fd0-5fce4dadda17:689,法律邊緣漏洞,vulnerability,法律邊緣漏洞,4:a5c86bc8-e1c8-48a4-9fd0-5fce4dadda17:690,信用卡,data,信用卡,42,10,20
pair_01333,in,45,,4:a5c86bc8-e1c8-48a4-9fd0-5fce4dadda17:690,信用卡,data,信用卡,4:a5c86bc8-e1c8-48a4-9fd0-5fce4dadda17:3864,paas,system,paas,42,10,20
pair_01334,in,45,,4:a5c86bc8-e1c8-48a4-9fd0-5fce4dadda17:1328,開發環境,feature,開發環境,4:a5c86bc8-e1c8-48a4-9fd0-5fce4dadda17:3964,編輯工具,tool,編輯工具,42,10,20
pair_01335,in,45,,4:a5c86bc8-e1c8-48a4-9fd0-5fce4dadda17:501,ot-soc,securityTeam,otsoc,4:a5c86bc8-e1c8-48a4-9fd0-5fce4dadda17:4150,代碼技術,tool,代碼技術,42,10,20
pair_01336,in,45,,4:a5c86bc8-e1c8-48a4-9fd0-5fce4dadda17:501,ot-soc,securityTeam,otsoc,4:a5c86bc8-e1c8-48a4-9fd0-5fce4dadda17:3455,網站伺服器,system,網站伺服器,42,10,20
pair_01337,in,45,,4:a5c86bc8-e1c8-48a4-9fd0-5fce4dadda17:3066,程式碼,data,程式碼,4:a5c86bc8-e1c8-48a4-9fd0-5fce4dadda17:3666,html 語法,data,html語法,42,10,20
pair_01338,in,45,,4:a5c86bc8-e1c8-48a4-9fd0-5fce4dadda17:2109,封包監聽,attack,封包監聽,4:a5c86bc8-e1c8-48a4-9fd0-5fce4dadda17:2571,ssl vpn,tool,sslvpn,42,10,20
pair_01339,in,45,,4:a5c86bc8-e1c8-48a4-9fd0-5fce4dadda17:1191,html 解析能力,feature,html解析能力,4:a5c86bc8-e1c8-48a4-9fd0-5fce4dadda17:2671,https,feature,https,42,10,20
pair_01340,in,45,,4:a5c86bc8-e1c8-48a4-9fd0-5fce4dadda17:2993,內部人員,user,內部人員,4:a5c86bc8-e1c8-48a4-9fd0-5fce4dadda17:4294,各級政府機關,securityTeam,各級政府機關,42,10,20
pair_01341,cross,45,7,4:a5c86bc8-e1c8-48a4-9fd0-5fce4dadda17:609,線上刷卡,app,線上刷卡,4:a5c86bc8-e1c8-48a4-9fd0-5fce4dadda17:3244,垃圾郵件篩選器,tool,垃圾郵件篩選器,42,10,20
pair_01342,cross,45,24,4:a5c86bc8-e1c8-48a4-9fd0-5fce4dadda17:2109,封包監聽,attack,封包監聽,4:a5c86bc8-e1c8-48a4-9fd0-5fce4dadda17:1633,你所具有的特徵,feature,你所具有的特徵,42,10,20
pair_01343,cross,45,28,4:a5c86bc8-e1c8-48a4-9fd0-5fce4dadda17:501,ot-soc,securityTeam,otsoc,4:a5c86bc8-e1c8-48a4-9fd0-5fce4dadda17:3534,安全資料,data,安全資料,42,10,20
pair_01344,cross,45,4,4:a5c86bc8-e1c8-48a4-9fd0-5fce4dadda17:687,詐騙,attack,詐騙,4:a5c86bc8-e1c8-48a4-9fd0-5fce4dadda17:2567,icmp 協定,feature,icmp協定,42,10,20
pair_01345,cross,45,17,4:a5c86bc8-e1c8-48a4-9fd0-5fce4dadda17:498,資產清單建立,technique,資產清單建立,4:a5c86bc8-e1c8-48a4-9fd0-5fce4dadda17:2526,雜湊函數,tool,雜湊函數,42,10,20
pair_01346,cross,45,11,4:a5c86bc8-e1c8-48a4-9fd0-5fce4dadda17:4294,各級政府機關,securityTeam,各級政府機關,4:a5c86bc8-e1c8-48a4-9fd0-5fce4dadda17:1658,安全性更新,technique,安全性更新,42,10,20
pair_01347,cross,45,18,4:a5c86bc8-e1c8-48a4-9fd0-5fce4dadda17:567,ot系統,system,ot系統,4:a5c86bc8-e1c8-48a4-9fd0-5fce4dadda17:3091,資料資產,data,資料資產,42,10,20
pair_01348,cross,45,9,4:a5c86bc8-e1c8-48a4-9fd0-5fce4dadda17:2571,ssl vpn,tool,sslvpn,4:a5c86bc8-e1c8-48a4-9fd0-5fce4dadda17:4031,明文資訊,data,明文資訊,42,10,20
pair_01349,cross,45,8,4:a5c86bc8-e1c8-48a4-9fd0-5fce4dadda17:3280,verisign 安全機制,tool,verisign安全機制,4:a5c86bc8-e1c8-48a4-9fd0-5fce4dadda17:304,密碼複雜度要求,policy,密碼複雜度要求,42,10,20
pair_01350,cross,45,33,4:a5c86bc8-e1c8-48a4-9fd0-5fce4dadda17:4127,cookies,tool,cookies,4:a5c86bc8-e1c8-48a4-9fd0-5fce4dadda17:193,進入組織的資料,data,進入組織的資料,42,10,20
pair_01351,cross,45,2,4:a5c86bc8-e1c8-48a4-9fd0-5fce4dadda17:498,資產清單建立,technique,資產清單建立,4:a5c86bc8-e1c8-48a4-9fd0-5fce4dadda17:4309,利用,function,利用,42,10,20
pair_01352,cross,45,17,4:a5c86bc8-e1c8-48a4-9fd0-5fce4dadda17:2121,ssl/tls 交握協定 (handshake protocol),feature,ssltls交握協定,4:a5c86bc8-e1c8-48a4-9fd0-5fce4dadda17:794,訊息本文,data,訊息本文,42,10,20
pair_01353,cross,45,24,4:a5c86bc8-e1c8-48a4-9fd0-5fce4dadda17:3066,程式碼,data,程式碼,4:a5c86bc8-e1c8-48a4-9fd0-5fce4dadda17:4198,多因素驗證,tool,多因素驗證,42,10,20
pair_01354,cross,45,46,4:a5c86bc8-e1c8-48a4-9fd0-5fce4dadda17:610,網路監聽工具,tool,網路監聽工具,4:a5c86bc8-e1c8-48a4-9fd0-5fce4dadda17:691,通風系統,system,通風系統,42,10,20
pair_01355,cross,45,13,4:a5c86bc8-e1c8-48a4-9fd0-5fce4dadda17:498,資產清單建立,technique,資產清單建立,4:a5c86bc8-e1c8-48a4-9fd0-5fce4dadda17:481,黑洞攻擊,attack,黑洞攻擊,42,10,20
pair_01356,cross,45,28,4:a5c86bc8-e1c8-48a4-9fd0-5fce4dadda17:4149,行動支付,app,行動支付,4:a5c86bc8-e1c8-48a4-9fd0-5fce4dadda17:66,附錄 a,feature,附錄a,42,10,20
pair_01357,cross,45,13,4:a5c86bc8-e1c8-48a4-9fd0-5fce4dadda17:1768,信用卡卡號,data,信用卡卡號,4:a5c86bc8-e1c8-48a4-9fd0-5fce4dadda17:3612,暴力破解,attack,暴力破解,42,10,20
pair_01358,cross,45,10,4:a5c86bc8-e1c8-48a4-9fd0-5fce4dadda17:3666,html 語法,data,html語法,4:a5c86bc8-e1c8-48a4-9fd0-5fce4dadda17:4247,硬碟故障,risk,硬碟故障,42,10,20
pair_01359,cross,45,10,4:a5c86bc8-e1c8-48a4-9fd0-5fce4dadda17:4117,server 端,system,server端,4:a5c86bc8-e1c8-48a4-9fd0-5fce4dadda17:2693,伺服器端加密,technique,伺服器端加密,42,10,20
pair_01360,cross,45,12,4:a5c86bc8-e1c8-48a4-9fd0-5fce4dadda17:4127,cookies,tool,cookies,4:a5c86bc8-e1c8-48a4-9fd0-5fce4dadda17:2964,資料備援,technique,資料備援,42,10,20
pair_01361,in,46,,4:a5c86bc8-e1c8-48a4-9fd0-5fce4dadda17:4170,高階管理審查會議,feature,高階管理審查會議,4:a5c86bc8-e1c8-48a4-9fd0-5fce4dadda17:4327,電力供應,system,電力供應,42,10,20
pair_01362,in,46,,4:a5c86bc8-e1c8-48a4-9fd0-5fce4dadda17:444,恢復系統功能,function,恢復系統功能,4:a5c86bc8-e1c8-48a4-9fd0-5fce4dadda17:4327,電力供應,system,電力供應,42,10,20
pair_01363,in,46,,4:a5c86bc8-e1c8-48a4-9fd0-5fce4dadda17:629,營運停頓,vulnerability,營運停頓,4:a5c86bc8-e1c8-48a4-9fd0-5fce4dadda17:4327,電力供應,system,電力供應,42,10,20
pair_01364,in,46,,4:a5c86bc8-e1c8-48a4-9fd0-5fce4dadda17:735,競業禁止規範,policy,競業禁止規範,4:a5c86bc8-e1c8-48a4-9fd0-5fce4dadda17:3417,多重備援,technique,多重備援,42,10,20
pair_01365,in,46,,4:a5c86bc8-e1c8-48a4-9fd0-5fce4dadda17:3170,資產價值,data,資產價值,4:a5c86bc8-e1c8-48a4-9fd0-5fce4dadda17:3619,委外使用者存取管理,policy,委外使用者存取管理,42,10,20
pair_01366,in,46,,4:a5c86bc8-e1c8-48a4-9fd0-5fce4dadda17:4156,pdca (plan-do-check-act),technique,pdca,4:a5c86bc8-e1c8-48a4-9fd0-5fce4dadda17:4322,資產清單,feature,資產清單,42,10,20
pair_01367,in,46,,4:a5c86bc8-e1c8-48a4-9fd0-5fce4dadda17:1392,pdca 循環,feature,pdca循環,4:a5c86bc8-e1c8-48a4-9fd0-5fce4dadda17:3170,資產價值,data,資產價值,42,10,20
pair_01368,in,46,,4:a5c86bc8-e1c8-48a4-9fd0-5fce4dadda17:445,恢復檔案資料,function,恢復檔案資料,4:a5c86bc8-e1c8-48a4-9fd0-5fce4dadda17:1517,服務資產,system,服務資產,42,10,20
pair_01369,in,46,,4:a5c86bc8-e1c8-48a4-9fd0-5fce4dadda17:1517,服務資產,system,服務資產,4:a5c86bc8-e1c8-48a4-9fd0-5fce4dadda17:2205,營運持續管理 (bcm),policy,營運持續管理,42,10,20
pair_01370,in,46,,4:a5c86bc8-e1c8-48a4-9fd0-5fce4dadda17:2970,員工,user,員工,4:a5c86bc8-e1c8-48a4-9fd0-5fce4dadda17:3365,空調供應,system,空調供應,42,10,20
pair_01371,in,46,,4:a5c86bc8-e1c8-48a4-9fd0-5fce4dadda17:2205,營運持續管理 (bcm),policy,營運持續管理,4:a5c86bc8-e1c8-48a4-9fd0-5fce4dadda17:4170,高階管理審查會議,feature,高階管理審查會議,42,10,20
pair_01372,in,46,,4:a5c86bc8-e1c8-48a4-9fd0-5fce4dadda17:2508,執勤疏忽,vulnerability,執勤疏忽,4:a5c86bc8-e1c8-48a4-9fd0-5fce4dadda17:2712,bs 7799 part 2,system,bs7799part2,42,10,20
pair_01373,in,46,,4:a5c86bc8-e1c8-48a4-9fd0-5fce4dadda17:2625,損失,risk,損失,4:a5c86bc8-e1c8-48a4-9fd0-5fce4dadda17:4297,高階管理層,securityTeam,高階管理層,42,10,20
pair_01374,in,46,,4:a5c86bc8-e1c8-48a4-9fd0-5fce4dadda17:2711,bs 7799,system,bs7799,4:a5c86bc8-e1c8-48a4-9fd0-5fce4dadda17:2961,潛在威脅,vulnerability,潛在威脅,42,10,20
pair_01375,in,46,,4:a5c86bc8-e1c8-48a4-9fd0-5fce4dadda17:692,消防系統,system,消防系統,4:a5c86bc8-e1c8-48a4-9fd0-5fce4dadda17:3779,重大損失,risk,重大損失,42,10,20
pair_01376,in,46,,4:a5c86bc8-e1c8-48a4-9fd0-5fce4dadda17:444,恢復系統功能,function,恢復系統功能,4:a5c86bc8-e1c8-48a4-9fd0-5fce4dadda17:2205,營運持續管理 (bcm),policy,營運持續管理,42,10,20
pair_01377,in,46,,4:a5c86bc8-e1c8-48a4-9fd0-5fce4dadda17:2205,營運持續管理 (bcm),policy,營運持續管理,4:a5c86bc8-e1c8-48a4-9fd0-5fce4dadda17:2863,公務書信保留與作廢法規,policy,公務書信保留與作廢法規,42,10,20
pair_01378,in,46,,4:a5c86bc8-e1c8-48a4-9fd0-5fce4dadda17:563,資訊倫理,policy,資訊倫理,4:a5c86bc8-e1c8-48a4-9fd0-5fce4dadda17:3034,程序,system,程序,42,10,20
pair_01379,in,46,,4:a5c86bc8-e1c8-48a4-9fd0-5fce4dadda17:3036,控制項,feature,控制項,4:a5c86bc8-e1c8-48a4-9fd0-5fce4dadda17:3170,資產價值,data,資產價值,42,10,20
pair_01380,in,46,,4:a5c86bc8-e1c8-48a4-9fd0-5fce4dadda17:444,恢復系統功能,function,恢復系統功能,4:a5c86bc8-e1c8-48a4-9fd0-5fce4dadda17:1392,pdca 循環,feature,pdca循環,42,10,20
pair_01381,cross,46,37,4:a5c86bc8-e1c8-48a4-9fd0-5fce4dadda17:2712,bs 7799 part 2,system,bs7799part2,4:a5c86bc8-e1c8-48a4-9fd0-5fce4dadda17:2613,資訊安全風險,risk,資訊安全風險,42,10,20
pair_01382,cross,46,17,4:a5c86bc8-e1c8-48a4-9fd0-5fce4dadda17:372,完全備份 (full backup),tool,完全備份,4:a5c86bc8-e1c8-48a4-9fd0-5fce4dadda17:752,sha-1,tool,sha1,42,10,20
pair_01383,cross,46,39,4:a5c86bc8-e1c8-48a4-9fd0-5fce4dadda17:1954,資訊處理設施之可用性,policy,資訊處理設施之可用性,4:a5c86bc8-e1c8-48a4-9fd0-5fce4dadda17:3323,硬體密碼模組,tool,硬體密碼模組,42,10,20
pair_01384,cross,46,54,4:a5c86bc8-e1c8-48a4-9fd0-5fce4dadda17:3619,委外使用者存取管理,policy,委外使用者存取管理,4:a5c86bc8-e1c8-48a4-9fd0-5fce4dadda17:2636,認證資訊,data,認證資訊,42,10,20
pair_01385,cross,46,16,4:a5c86bc8-e1c8-48a4-9fd0-5fce4dadda17:616,支援系統,system,支援系統,4:a5c86bc8-e1c8-48a4-9fd0-5fce4dadda17:257,chrome,app,chrome,42,10,20
pair_01386,cross,46,41,4:a5c86bc8-e1c8-48a4-9fd0-5fce4dadda17:958,資訊安全管理標準,system,資訊安全管理標準,4:a5c86bc8-e1c8-48a4-9fd0-5fce4dadda17:984,密級之紙本類資訊資產,data,密級之紙本類資訊資產,42,10,20
pair_01387,cross,46,26,4:a5c86bc8-e1c8-48a4-9fd0-5fce4dadda17:3032,技術層面,feature,技術層面,4:a5c86bc8-e1c8-48a4-9fd0-5fce4dadda17:1618,4級事件,attack,4級事件,42,10,20
pair_01388,cross,46,12,4:a5c86bc8-e1c8-48a4-9fd0-5fce4dadda17:691,通風系統,system,通風系統,4:a5c86bc8-e1c8-48a4-9fd0-5fce4dadda17:1514,資安事件,attack,資安事件,42,10,20
pair_01389,cross,46,71,4:a5c86bc8-e1c8-48a4-9fd0-5fce4dadda17:1556,風險接受,policy,風險接受,4:a5c86bc8-e1c8-48a4-9fd0-5fce4dadda17:3570,光學技術,tool,光學技術,42,10,20
pair_01390,cross,46,7,4:a5c86bc8-e1c8-48a4-9fd0-5fce4dadda17:987,內部稽核執行,feature,內部稽核執行,4:a5c86bc8-e1c8-48a4-9fd0-5fce4dadda17:2583,堆疊溢位,attack,堆疊溢位,42,10,20
pair_01391,cross,46,11,4:a5c86bc8-e1c8-48a4-9fd0-5fce4dadda17:3037,bs 7799 part 1,system,bs7799part1,4:a5c86bc8-e1c8-48a4-9fd0-5fce4dadda17:3512,蜜罐,tool,蜜罐,42,10,20
pair_01392,cross,46,9,4:a5c86bc8-e1c8-48a4-9fd0-5fce4dadda17:3417,多重備援,technique,多重備援,4:a5c86bc8-e1c8-48a4-9fd0-5fce4dadda17:2642,對稱加密,technique,對稱加密,42,10,20
pair_01393,cross,46,66,4:a5c86bc8-e1c8-48a4-9fd0-5fce4dadda17:563,資訊倫理,policy,資訊倫理,4:a5c86bc8-e1c8-48a4-9fd0-5fce4dadda17:3699,災難備援,policy,災難備援,42,10,20
pair_01394,cross,46,16,4:a5c86bc8-e1c8-48a4-9fd0-5fce4dadda17:4297,高階管理層,securityTeam,高階管理層,4:a5c86bc8-e1c8-48a4-9fd0-5fce4dadda17:4022,感測資料,data,感測資料,42,10,20
pair_01395,cross,46,28,4:a5c86bc8-e1c8-48a4-9fd0-5fce4dadda17:2710,資訊安全管理系統,system,資訊安全管理系統,4:a5c86bc8-e1c8-48a4-9fd0-5fce4dadda17:4169,far,feature,far,42,10,20
pair_01396,cross,46,7,4:a5c86bc8-e1c8-48a4-9fd0-5fce4dadda17:1556,風險接受,policy,風險接受,4:a5c86bc8-e1c8-48a4-9fd0-5fce4dadda17:4311,通訊隱私,policy,通訊隱私,42,10,20
pair_01397,cross,46,21,4:a5c86bc8-e1c8-48a4-9fd0-5fce4dadda17:2961,潛在威脅,vulnerability,潛在威脅,4:a5c86bc8-e1c8-48a4-9fd0-5fce4dadda17:40,創用cc非商業使用規定,policy,創用cc非商業使用規定,42,10,20
pair_01398,cross,46,15,4:a5c86bc8-e1c8-48a4-9fd0-5fce4dadda17:2476,iso/iec 27001,policy,isoiec27001,4:a5c86bc8-e1c8-48a4-9fd0-5fce4dadda17:1926,差異備份,technique,差異備份,42,10,20
pair_01399,cross,46,15,4:a5c86bc8-e1c8-48a4-9fd0-5fce4dadda17:4102,客戶資訊隱私保護之相關法律及法規,policy,客戶資訊隱私保護之相關法律及法規,4:a5c86bc8-e1c8-48a4-9fd0-5fce4dadda17:150,系統中毒,attack,系統中毒,42,10,20
pair_01400,cross,46,14,4:a5c86bc8-e1c8-48a4-9fd0-5fce4dadda17:4322,資產清單,feature,資產清單,4:a5c86bc8-e1c8-48a4-9fd0-5fce4dadda17:548,修補程式,tool,修補程式,42,10,20
pair_01401,in,52,,4:a5c86bc8-e1c8-48a4-9fd0-5fce4dadda17:2483,駭客,attacker,駭客,4:a5c86bc8-e1c8-48a4-9fd0-5fce4dadda17:3559,中國菜刀(china chopper),tool,中國菜刀,42,10,20
pair_01402,in,52,,4:a5c86bc8-e1c8-48a4-9fd0-5fce4dadda17:557,研發資料,data,研發資料,4:a5c86bc8-e1c8-48a4-9fd0-5fce4dadda17:4252,404 代碼,data,404代碼,42,10,20
pair_01403,in,52,,4:a5c86bc8-e1c8-48a4-9fd0-5fce4dadda17:569,外洩的資料,data,外洩的資料,4:a5c86bc8-e1c8-48a4-9fd0-5fce4dadda17:1276,快取區域,feature,快取區域,42,10,20
pair_01404,in,52,,4:a5c86bc8-e1c8-48a4-9fd0-5fce4dadda17:845,login.asp,app,loginasp,4:a5c86bc8-e1c8-48a4-9fd0-5fce4dadda17:1520,連線管理,function,連線管理,42,10,20
pair_01405,in,52,,4:a5c86bc8-e1c8-48a4-9fd0-5fce4dadda17:3799,代理型防火牆,tool,代理型防火牆,4:a5c86bc8-e1c8-48a4-9fd0-5fce4dadda17:3817,sql injection,technique,sqlinjection,42,10,20
pair_01406,in,52,,4:a5c86bc8-e1c8-48a4-9fd0-5fce4dadda17:892,sql指令,data,sql指令,4:a5c86bc8-e1c8-48a4-9fd0-5fce4dadda17:2376,購物系統,app,購物系統,42,10,20
pair_01407,in,52,,4:a5c86bc8-e1c8-48a4-9fd0-5fce4dadda17:4017,偽裝成免費軟體,feature,偽裝成免費軟體,4:a5c86bc8-e1c8-48a4-9fd0-5fce4dadda17:4340,密碼系統,app,密碼系統,42,10,20
pair_01408,in,52,,4:a5c86bc8-e1c8-48a4-9fd0-5fce4dadda17:1059,乙太網路,system,乙太網路,4:a5c86bc8-e1c8-48a4-9fd0-5fce4dadda17:2639,帳號密碼弱點,vulnerability,帳號密碼弱點,42,10,20
pair_01409,in,52,,4:a5c86bc8-e1c8-48a4-9fd0-5fce4dadda17:605,資源,data,資源,4:a5c86bc8-e1c8-48a4-9fd0-5fce4dadda17:2604,伺服器,system,伺服器,42,10,20
pair_01410,in,52,,4:a5c86bc8-e1c8-48a4-9fd0-5fce4dadda17:736,學生考試分數,data,學生考試分數,4:a5c86bc8-e1c8-48a4-9fd0-5fce4dadda17:1012,網路附接儲存 (nas),tool,網路附接儲存,42,10,20
pair_01411,in,52,,4:a5c86bc8-e1c8-48a4-9fd0-5fce4dadda17:3427,自動化登入攻擊,attack,自動化登入攻擊,4:a5c86bc8-e1c8-48a4-9fd0-5fce4dadda17:3990,惡意入侵事件,attack,惡意入侵事件,42,10,20
pair_01412,in,52,,4:a5c86bc8-e1c8-48a4-9fd0-5fce4dadda17:870,事件資料庫,tool,事件資料庫,4:a5c86bc8-e1c8-48a4-9fd0-5fce4dadda17:3313,10.0.0.2,system,10002,42,10,20
pair_01413,in,52,,4:a5c86bc8-e1c8-48a4-9fd0-5fce4dadda17:495,商業間諜,attack,商業間諜,4:a5c86bc8-e1c8-48a4-9fd0-5fce4dadda17:2639,帳號密碼弱點,vulnerability,帳號密碼弱點,42,10,20
pair_01414,in,52,,4:a5c86bc8-e1c8-48a4-9fd0-5fce4dadda17:1520,連線管理,function,連線管理,4:a5c86bc8-e1c8-48a4-9fd0-5fce4dadda17:2483,駭客,attacker,駭客,42,10,20
pair_01415,in,52,,4:a5c86bc8-e1c8-48a4-9fd0-5fce4dadda17:495,商業間諜,attack,商業間諜,4:a5c86bc8-e1c8-48a4-9fd0-5fce4dadda17:605,資源,data,資源,42,10,20
pair_01416,in,52,,4:a5c86bc8-e1c8-48a4-9fd0-5fce4dadda17:495,商業間諜,attack,商業間諜,4:a5c86bc8-e1c8-48a4-9fd0-5fce4dadda17:3817,sql injection,technique,sqlinjection,42,10,20
pair_01417,in,52,,4:a5c86bc8-e1c8-48a4-9fd0-5fce4dadda17:475,十進位與十六進位轉換,technique,十進位與十六進位轉換,4:a5c86bc8-e1c8-48a4-9fd0-5fce4dadda17:2602,攻擊技術,technique,攻擊技術,42,10,20
pair_01418,in,52,,4:a5c86bc8-e1c8-48a4-9fd0-5fce4dadda17:3427,自動化登入攻擊,attack,自動化登入攻擊,4:a5c86bc8-e1c8-48a4-9fd0-5fce4dadda17:3579,443 埠,feature,443埠,42,10,20
pair_01419,in,52,,4:a5c86bc8-e1c8-48a4-9fd0-5fce4dadda17:3427,自動化登入攻擊,attack,自動化登入攻擊,4:a5c86bc8-e1c8-48a4-9fd0-5fce4dadda17:3799,代理型防火牆,tool,代理型防火牆,42,10,20
pair_01420,in,52,,4:a5c86bc8-e1c8-48a4-9fd0-5fce4dadda17:1012,網路附接儲存 (nas),tool,網路附接儲存,4:a5c86bc8-e1c8-48a4-9fd0-5fce4dadda17:4147,http 服務,app,http服務,42,10,20
pair_01421,cross,52,41,4:a5c86bc8-e1c8-48a4-9fd0-5fce4dadda17:1520,連線管理,function,連線管理,4:a5c86bc8-e1c8-48a4-9fd0-5fce4dadda17:3594,特徵比對,technique,特徵比對,42,10,20
pair_01422,cross,52,24,4:a5c86bc8-e1c8-48a4-9fd0-5fce4dadda17:2604,伺服器,system,伺服器,4:a5c86bc8-e1c8-48a4-9fd0-5fce4dadda17:3135,wep,tool,wep,42,10,20
pair_01423,cross,52,15,4:a5c86bc8-e1c8-48a4-9fd0-5fce4dadda17:3775,字典攻擊法,attack,字典攻擊法,4:a5c86bc8-e1c8-48a4-9fd0-5fce4dadda17:4292,鑑識追蹤,technique,鑑識追蹤,42,10,20
pair_01424,cross,52,14,4:a5c86bc8-e1c8-48a4-9fd0-5fce4dadda17:3990,惡意入侵事件,attack,惡意入侵事件,4:a5c86bc8-e1c8-48a4-9fd0-5fce4dadda17:864,原始碼掃描,technique,原始碼掃描,42,10,20
pair_01425,cross,52,8,4:a5c86bc8-e1c8-48a4-9fd0-5fce4dadda17:2438,線上交易網站,app,線上交易網站,4:a5c86bc8-e1c8-48a4-9fd0-5fce4dadda17:2247,規範作業,policy,規範作業,42,10,20
pair_01426,cross,52,6,4:a5c86bc8-e1c8-48a4-9fd0-5fce4dadda17:831,cert,securityTeam,cert,4:a5c86bc8-e1c8-48a4-9fd0-5fce4dadda17:217,快速復原速度,feature,快速復原速度,42,10,20
pair_01427,cross,52,23,4:a5c86bc8-e1c8-48a4-9fd0-5fce4dadda17:2484,後門程式,tool,後門程式,4:a5c86bc8-e1c8-48a4-9fd0-5fce4dadda17:460,隨身碟,tool,隨身碟,42,10,20
pair_01428,cross,52,17,4:a5c86bc8-e1c8-48a4-9fd0-5fce4dadda17:569,外洩的資料,data,外洩的資料,4:a5c86bc8-e1c8-48a4-9fd0-5fce4dadda17:2131,檔案毀損,attack,檔案毀損,42,10,20
pair_01429,cross,52,1,4:a5c86bc8-e1c8-48a4-9fd0-5fce4dadda17:870,事件資料庫,tool,事件資料庫,4:a5c86bc8-e1c8-48a4-9fd0-5fce4dadda17:1985,侵犯著作權,risk,侵犯著作權,42,10,20
pair_01430,cross,52,14,4:a5c86bc8-e1c8-48a4-9fd0-5fce4dadda17:3313,10.0.0.2,system,10002,4:a5c86bc8-e1c8-48a4-9fd0-5fce4dadda17:1255,爪哇密碼架構 (jca),feature,爪哇密碼架構,42,10,20
pair_01431,cross,52,16,4:a5c86bc8-e1c8-48a4-9fd0-5fce4dadda17:3804,404 http 狀態碼,feature,404http狀態碼,4:a5c86bc8-e1c8-48a4-9fd0-5fce4dadda17:3987,網路日誌,data,網路日誌,42,10,20
pair_01432,cross,52,21,4:a5c86bc8-e1c8-48a4-9fd0-5fce4dadda17:4056,木馬,tool,木馬,4:a5c86bc8-e1c8-48a4-9fd0-5fce4dadda17:3993,非關聯式資料庫,tool,非關聯式資料庫,42,10,20
pair_01433,cross,52,21,4:a5c86bc8-e1c8-48a4-9fd0-5fce4dadda17:475,十進位與十六進位轉換,technique,十進位與十六進位轉換,4:a5c86bc8-e1c8-48a4-9fd0-5fce4dadda17:186,多人共享資源池,feature,多人共享資源池,42,10,20
pair_01434,cross,52,14,4:a5c86bc8-e1c8-48a4-9fd0-5fce4dadda17:3143,代理程式,tool,代理程式,4:a5c86bc8-e1c8-48a4-9fd0-5fce4dadda17:811,輸出輸入管理,feature,輸出輸入管理,42,10,20
pair_01435,cross,52,33,4:a5c86bc8-e1c8-48a4-9fd0-5fce4dadda17:3990,惡意入侵事件,attack,惡意入侵事件,4:a5c86bc8-e1c8-48a4-9fd0-5fce4dadda17:2076,ip,feature,ip,42,10,20
pair_01436,cross,52,41,4:a5c86bc8-e1c8-48a4-9fd0-5fce4dadda17:736,學生考試分數,data,學生考試分數,4:a5c86bc8-e1c8-48a4-9fd0-5fce4dadda17:3829,負面模式偵測技術,technique,負面模式偵測技術,42,10,20
pair_01437,cross,52,21,4:a5c86bc8-e1c8-48a4-9fd0-5fce4dadda17:3143,代理程式,tool,代理程式,4:a5c86bc8-e1c8-48a4-9fd0-5fce4dadda17:873,ipv6,feature,ipv6,42,10,20
pair_01438,cross,52,4,4:a5c86bc8-e1c8-48a4-9fd0-5fce4dadda17:4147,http 服務,app,http服務,4:a5c86bc8-e1c8-48a4-9fd0-5fce4dadda17:4047,安全區域,system,安全區域,42,10,20
pair_01439,cross,52,12,4:a5c86bc8-e1c8-48a4-9fd0-5fce4dadda17:4252,404 代碼,data,404代碼,4:a5c86bc8-e1c8-48a4-9fd0-5fce4dadda17:1700,風險規避 (avoidance),policy,風險規避,42,10,20
pair_01440,cross,52,66,4:a5c86bc8-e1c8-48a4-9fd0-5fce4dadda17:4029,監聽程式,tool,監聽程式,4:a5c86bc8-e1c8-48a4-9fd0-5fce4dadda17:1260,密碼模組風險,risk,密碼模組風險,42,10,20
pair_01441,in,54,,4:a5c86bc8-e1c8-48a4-9fd0-5fce4dadda17:1121,磁條卡弱點,vulnerability,磁條卡弱點,4:a5c86bc8-e1c8-48a4-9fd0-5fce4dadda17:2222,身分偽造,attack,身分偽造,42,10,20
pair_01442,in,54,,4:a5c86bc8-e1c8-48a4-9fd0-5fce4dadda17:612,網站安全測試認證標章,tool,網站安全測試認證標章,4:a5c86bc8-e1c8-48a4-9fd0-5fce4dadda17:2636,認證資訊,data,認證資訊,42,10,20
pair_01443,in,54,,4:a5c86bc8-e1c8-48a4-9fd0-5fce4dadda17:1096,內部稽核成果報告,data,內部稽核成果報告,4:a5c86bc8-e1c8-48a4-9fd0-5fce4dadda17:3019,電子傳輸,feature,電子傳輸,42,10,20
pair_01444,in,54,,4:a5c86bc8-e1c8-48a4-9fd0-5fce4dadda17:612,網站安全測試認證標章,tool,網站安全測試認證標章,4:a5c86bc8-e1c8-48a4-9fd0-5fce4dadda17:2549,釣魚網頁,attack,釣魚網頁,42,10,20
pair_01445,in,54,,4:a5c86bc8-e1c8-48a4-9fd0-5fce4dadda17:2612,企業實體身分認證機制,tool,企業實體身分認證機制,4:a5c86bc8-e1c8-48a4-9fd0-5fce4dadda17:2636,認證資訊,data,認證資訊,42,10,20
pair_01446,in,54,,4:a5c86bc8-e1c8-48a4-9fd0-5fce4dadda17:1177,易於取得資料,vulnerability,易於取得資料,4:a5c86bc8-e1c8-48a4-9fd0-5fce4dadda17:4066,管理審查會議,function,管理審查會議,42,10,20
pair_01447,in,54,,4:a5c86bc8-e1c8-48a4-9fd0-5fce4dadda17:1096,內部稽核成果報告,data,內部稽核成果報告,4:a5c86bc8-e1c8-48a4-9fd0-5fce4dadda17:1524,批次處理,feature,批次處理,42,10,20
pair_01448,in,54,,4:a5c86bc8-e1c8-48a4-9fd0-5fce4dadda17:1176,易於偽造,vulnerability,易於偽造,4:a5c86bc8-e1c8-48a4-9fd0-5fce4dadda17:4066,管理審查會議,function,管理審查會議,42,10,20
pair_01449,in,54,,4:a5c86bc8-e1c8-48a4-9fd0-5fce4dadda17:545,遠端電子備份,tool,遠端電子備份,4:a5c86bc8-e1c8-48a4-9fd0-5fce4dadda17:1131,bbb online,securityTeam,bbbonline,42,10,20
pair_01450,in,54,,4:a5c86bc8-e1c8-48a4-9fd0-5fce4dadda17:1131,bbb online,securityTeam,bbbonline,4:a5c86bc8-e1c8-48a4-9fd0-5fce4dadda17:1524,批次處理,feature,批次處理,42,10,20
pair_01451,in,54,,4:a5c86bc8-e1c8-48a4-9fd0-5fce4dadda17:1121,磁條卡弱點,vulnerability,磁條卡弱點,4:a5c86bc8-e1c8-48a4-9fd0-5fce4dadda17:3357,使用單一弱密碼嘗試登入,technique,使用單一弱密碼嘗試登入,42,10,20
pair_01452,in,54,,4:a5c86bc8-e1c8-48a4-9fd0-5fce4dadda17:1524,批次處理,feature,批次處理,4:a5c86bc8-e1c8-48a4-9fd0-5fce4dadda17:2616,交易的安全性,feature,交易的安全性,42,10,20
pair_01453,in,54,,4:a5c86bc8-e1c8-48a4-9fd0-5fce4dadda17:2361,身分認證技術,technique,身分認證技術,4:a5c86bc8-e1c8-48a4-9fd0-5fce4dadda17:4066,管理審查會議,function,管理審查會議,42,10,20
pair_01454,in,54,,4:a5c86bc8-e1c8-48a4-9fd0-5fce4dadda17:1100,emv系統,system,emv系統,4:a5c86bc8-e1c8-48a4-9fd0-5fce4dadda17:4231,單一弱密碼,tool,單一弱密碼,42,10,20
pair_01455,in,54,,4:a5c86bc8-e1c8-48a4-9fd0-5fce4dadda17:1100,emv系統,system,emv系統,4:a5c86bc8-e1c8-48a4-9fd0-5fce4dadda17:1130,aicpa 與 cica,securityTeam,aicpa與cica,42,10,20
pair_01456,in,54,,4:a5c86bc8-e1c8-48a4-9fd0-5fce4dadda17:2496,電子商務網站,app,電子商務網站,4:a5c86bc8-e1c8-48a4-9fd0-5fce4dadda17:3195,磁條卡,system,磁條卡,42,10,20
pair_01457,in,54,,4:a5c86bc8-e1c8-48a4-9fd0-5fce4dadda17:784,網路冒名交易,attack,網路冒名交易,4:a5c86bc8-e1c8-48a4-9fd0-5fce4dadda17:2637,網路交易風險,risk,網路交易風險,42,10,20
pair_01458,in,54,,4:a5c86bc8-e1c8-48a4-9fd0-5fce4dadda17:1096,內部稽核成果報告,data,內部稽核成果報告,4:a5c86bc8-e1c8-48a4-9fd0-5fce4dadda17:1112,網路紀錄 (cookies),feature,網路紀錄,42,10,20
pair_01459,in,54,,4:a5c86bc8-e1c8-48a4-9fd0-5fce4dadda17:1416,視網膜認證,technique,視網膜認證,4:a5c86bc8-e1c8-48a4-9fd0-5fce4dadda17:2496,電子商務網站,app,電子商務網站,42,10,20
pair_01460,in,54,,4:a5c86bc8-e1c8-48a4-9fd0-5fce4dadda17:612,網站安全測試認證標章,tool,網站安全測試認證標章,4:a5c86bc8-e1c8-48a4-9fd0-5fce4dadda17:2612,企業實體身分認證機制,tool,企業實體身分認證機制,42,10,20
pair_01461,cross,54,12,4:a5c86bc8-e1c8-48a4-9fd0-5fce4dadda17:1177,易於取得資料,vulnerability,易於取得資料,4:a5c86bc8-e1c8-48a4-9fd0-5fce4dadda17:991,中斷時間,risk,中斷時間,42,10,20
pair_01462,cross,54,1,4:a5c86bc8-e1c8-48a4-9fd0-5fce4dadda17:1096,內部稽核成果報告,data,內部稽核成果報告,4:a5c86bc8-e1c8-48a4-9fd0-5fce4dadda17:264,guest 帳戶,feature,guest帳戶,42,10,20
pair_01463,cross,54,29,4:a5c86bc8-e1c8-48a4-9fd0-5fce4dadda17:2496,電子商務網站,app,電子商務網站,4:a5c86bc8-e1c8-48a4-9fd0-5fce4dadda17:835,tcp 協定三向交握,feature,tcp協定三向交握,42,10,20
pair_01464,cross,54,13,4:a5c86bc8-e1c8-48a4-9fd0-5fce4dadda17:3195,磁條卡,system,磁條卡,4:a5c86bc8-e1c8-48a4-9fd0-5fce4dadda17:3951,跨網站指令碼攻擊,attack,跨網站指令碼攻擊,42,10,20
pair_01465,cross,54,16,4:a5c86bc8-e1c8-48a4-9fd0-5fce4dadda17:1524,批次處理,feature,批次處理,4:a5c86bc8-e1c8-48a4-9fd0-5fce4dadda17:2669,tcp 協定,feature,tcp協定,42,10,20
pair_01466,cross,54,61,4:a5c86bc8-e1c8-48a4-9fd0-5fce4dadda17:1524,批次處理,feature,批次處理,4:a5c86bc8-e1c8-48a4-9fd0-5fce4dadda17:1888,非對稱式金鑰加密技術,technique,非對稱式金鑰加密技術,42,10,20
pair_01467,cross,54,1,4:a5c86bc8-e1c8-48a4-9fd0-5fce4dadda17:784,網路冒名交易,attack,網路冒名交易,4:a5c86bc8-e1c8-48a4-9fd0-5fce4dadda17:207,底層元件弱點被發現,risk,底層元件弱點被發現,42,10,20
pair_01468,cross,54,28,4:a5c86bc8-e1c8-48a4-9fd0-5fce4dadda17:614,mcafee secure,tool,mcafeesecure,4:a5c86bc8-e1c8-48a4-9fd0-5fce4dadda17:2267,通用唯一識別碼(uuid),feature,通用唯一識別碼,42,10,20
pair_01469,cross,54,39,4:a5c86bc8-e1c8-48a4-9fd0-5fce4dadda17:1416,視網膜認證,technique,視網膜認證,4:a5c86bc8-e1c8-48a4-9fd0-5fce4dadda17:2658,安全功能需求,feature,安全功能需求,42,10,20
pair_01470,cross,54,13,4:a5c86bc8-e1c8-48a4-9fd0-5fce4dadda17:1121,磁條卡弱點,vulnerability,磁條卡弱點,4:a5c86bc8-e1c8-48a4-9fd0-5fce4dadda17:2691,sql injection 隱碼攻擊,attack,sqlinjection隱碼攻擊,42,10,20
pair_01471,cross,54,6,4:a5c86bc8-e1c8-48a4-9fd0-5fce4dadda17:1131,bbb online,securityTeam,bbbonline,4:a5c86bc8-e1c8-48a4-9fd0-5fce4dadda17:3917,聯網裝置,system,聯網裝置,42,10,20
pair_01472,cross,54,33,4:a5c86bc8-e1c8-48a4-9fd0-5fce4dadda17:3195,磁條卡,system,磁條卡,4:a5c86bc8-e1c8-48a4-9fd0-5fce4dadda17:938,安全的軟體部署與維運,technique,安全的軟體部署與維運,42,10,20
pair_01473,cross,54,19,4:a5c86bc8-e1c8-48a4-9fd0-5fce4dadda17:1100,emv系統,system,emv系統,4:a5c86bc8-e1c8-48a4-9fd0-5fce4dadda17:575,定期備份設定檔,technique,定期備份設定檔,42,10,20
pair_01474,cross,54,28,4:a5c86bc8-e1c8-48a4-9fd0-5fce4dadda17:2222,身分偽造,attack,身分偽造,4:a5c86bc8-e1c8-48a4-9fd0-5fce4dadda17:543,平台互通,feature,平台互通,42,10,20
pair_01475,cross,54,12,4:a5c86bc8-e1c8-48a4-9fd0-5fce4dadda17:2636,認證資訊,data,認證資訊,4:a5c86bc8-e1c8-48a4-9fd0-5fce4dadda17:2945,危機通訊計畫 (ccp),policy,危機通訊計畫,42,10,20
pair_01476,cross,54,39,4:a5c86bc8-e1c8-48a4-9fd0-5fce4dadda17:2549,釣魚網頁,attack,釣魚網頁,4:a5c86bc8-e1c8-48a4-9fd0-5fce4dadda17:1023,分享密鑰認證,technique,分享密鑰認證,42,10,20
pair_01477,cross,54,23,4:a5c86bc8-e1c8-48a4-9fd0-5fce4dadda17:545,遠端電子備份,tool,遠端電子備份,4:a5c86bc8-e1c8-48a4-9fd0-5fce4dadda17:286,搜尋引擎攻擊(google-hacking),attack,搜尋引擎攻擊,42,10,20
pair_01478,cross,54,13,4:a5c86bc8-e1c8-48a4-9fd0-5fce4dadda17:1524,批次處理,feature,批次處理,4:a5c86bc8-e1c8-48a4-9fd0-5fce4dadda17:4239,網站掛馬,attack,網站掛馬,42,10,20
pair_01479,cross,54,13,4:a5c86bc8-e1c8-48a4-9fd0-5fce4dadda17:3355,認證,feature,認證,4:a5c86bc8-e1c8-48a4-9fd0-5fce4dadda17:3263,網頁輸入格式,feature,網頁輸入格式,42,10,20
pair_01480,cross,54,16,4:a5c86bc8-e1c8-48a4-9fd0-5fce4dadda17:3019,電子傳輸,feature,電子傳輸,4:a5c86bc8-e1c8-48a4-9fd0-5fce4dadda17:1340,低功耗廣域網路 (lpwan),feature,低功耗廣域網路,42,10,20
pair_01481,in,61,,4:a5c86bc8-e1c8-48a4-9fd0-5fce4dadda17:2540,後量子密碼學,technique,後量子密碼學,4:a5c86bc8-e1c8-48a4-9fd0-5fce4dadda17:2542,學術機構與政府機構,securityTeam,學術機構與政府機構,42,10,20
pair_01482,in,61,,4:a5c86bc8-e1c8-48a4-9fd0-5fce4dadda17:2498,計師協會,securityTeam,計師協會,4:a5c86bc8-e1c8-48a4-9fd0-5fce4dadda17:2591,威脅,risk,威脅,42,10,20
pair_01483,in,61,,4:a5c86bc8-e1c8-48a4-9fd0-5fce4dadda17:1888,非對稱式金鑰加密技術,technique,非對稱式金鑰加密技術,4:a5c86bc8-e1c8-48a4-9fd0-5fce4dadda17:2498,計師協會,securityTeam,計師協會,42,10,20
pair_01484,in,61,,4:a5c86bc8-e1c8-48a4-9fd0-5fce4dadda17:1135,s/mime,tool,smime,4:a5c86bc8-e1c8-48a4-9fd0-5fce4dadda17:2477,外部人員,attacker,外部人員,42,10,20
pair_01485,in,61,,4:a5c86bc8-e1c8-48a4-9fd0-5fce4dadda17:2591,威脅,risk,威脅,4:a5c86bc8-e1c8-48a4-9fd0-5fce4dadda17:4342,橢圓曲線密碼學 (ecc),technique,橢圓曲線密碼學,42,10,20
pair_01486,in,61,,4:a5c86bc8-e1c8-48a4-9fd0-5fce4dadda17:1888,非對稱式金鑰加密技術,technique,非對稱式金鑰加密技術,4:a5c86bc8-e1c8-48a4-9fd0-5fce4dadda17:2516,通訊保障及監察法,policy,通訊保障及監察法,42,10,20
pair_01487,in,61,,4:a5c86bc8-e1c8-48a4-9fd0-5fce4dadda17:2541,量子電腦破解攻擊,attack,量子電腦破解攻擊,4:a5c86bc8-e1c8-48a4-9fd0-5fce4dadda17:3098,驗證演算法a3,tool,驗證演算法a3,42,10,20
pair_01488,in,61,,4:a5c86bc8-e1c8-48a4-9fd0-5fce4dadda17:788,待簽章的訊息,data,待簽章的訊息,4:a5c86bc8-e1c8-48a4-9fd0-5fce4dadda17:2654,dsa,feature,dsa,42,10,20
pair_01489,in,61,,4:a5c86bc8-e1c8-48a4-9fd0-5fce4dadda17:1135,s/mime,tool,smime,4:a5c86bc8-e1c8-48a4-9fd0-5fce4dadda17:2809,3 級或 4 級事件,attack,3級或4級事件,42,10,20
pair_01490,in,61,,4:a5c86bc8-e1c8-48a4-9fd0-5fce4dadda17:2538,公開金鑰密碼演算法,system,公開金鑰密碼演算法,4:a5c86bc8-e1c8-48a4-9fd0-5fce4dadda17:2540,後量子密碼學,technique,後量子密碼學,42,10,20
pair_01491,in,61,,4:a5c86bc8-e1c8-48a4-9fd0-5fce4dadda17:797,ecc,tool,ecc,4:a5c86bc8-e1c8-48a4-9fd0-5fce4dadda17:2541,量子電腦破解攻擊,attack,量子電腦破解攻擊,42,10,20
pair_01492,in,61,,4:a5c86bc8-e1c8-48a4-9fd0-5fce4dadda17:2477,外部人員,attacker,外部人員,4:a5c86bc8-e1c8-48a4-9fd0-5fce4dadda17:2655,ecdsa,feature,ecdsa,42,10,20
pair_01493,in,61,,4:a5c86bc8-e1c8-48a4-9fd0-5fce4dadda17:1888,非對稱式金鑰加密技術,technique,非對稱式金鑰加密技術,4:a5c86bc8-e1c8-48a4-9fd0-5fce4dadda17:2591,威脅,risk,威脅,42,10,20
pair_01494,in,61,,4:a5c86bc8-e1c8-48a4-9fd0-5fce4dadda17:2516,通訊保障及監察法,policy,通訊保障及監察法,4:a5c86bc8-e1c8-48a4-9fd0-5fce4dadda17:2542,學術機構與政府機構,securityTeam,學術機構與政府機構,42,10,20
pair_01495,in,61,,4:a5c86bc8-e1c8-48a4-9fd0-5fce4dadda17:2640,數位簽章,data,數位簽章,4:a5c86bc8-e1c8-48a4-9fd0-5fce4dadda17:3582,資訊資產權責管理,policy,資訊資產權責管理,42,10,20
pair_01496,in,61,,4:a5c86bc8-e1c8-48a4-9fd0-5fce4dadda17:2538,公開金鑰密碼演算法,system,公開金鑰密碼演算法,4:a5c86bc8-e1c8-48a4-9fd0-5fce4dadda17:2640,數位簽章,data,數位簽章,42,10,20
pair_01497,in,61,,4:a5c86bc8-e1c8-48a4-9fd0-5fce4dadda17:2632,非法侵害,attack,非法侵害,4:a5c86bc8-e1c8-48a4-9fd0-5fce4dadda17:2655,ecdsa,feature,ecdsa,42,10,20
pair_01498,in,61,,4:a5c86bc8-e1c8-48a4-9fd0-5fce4dadda17:902,1 級或 2 級事件,attack,1級或2級事件,4:a5c86bc8-e1c8-48a4-9fd0-5fce4dadda17:1188,s/mime 格式電子郵件,data,smime格式電子郵件,42,10,20
pair_01499,in,61,,4:a5c86bc8-e1c8-48a4-9fd0-5fce4dadda17:1135,s/mime,tool,smime,4:a5c86bc8-e1c8-48a4-9fd0-5fce4dadda17:2541,量子電腦破解攻擊,attack,量子電腦破解攻擊,42,10,20
pair_01500,in,61,,4:a5c86bc8-e1c8-48a4-9fd0-5fce4dadda17:902,1 級或 2 級事件,attack,1級或2級事件,4:a5c86bc8-e1c8-48a4-9fd0-5fce4dadda17:2541,量子電腦破解攻擊,attack,量子電腦破解攻擊,42,10,20
pair_01501,cross,61,28,4:a5c86bc8-e1c8-48a4-9fd0-5fce4dadda17:2018,資通安全事件通報及應變辦法,policy,資通安全事件通報及應變辦法,4:a5c86bc8-e1c8-48a4-9fd0-5fce4dadda17:2574,ipsec,tool,ipsec,42,10,20
pair_01502,cross,61,33,4:a5c86bc8-e1c8-48a4-9fd0-5fce4dadda17:2809,3 級或 4 級事件,attack,3級或4級事件,4:a5c86bc8-e1c8-48a4-9fd0-5fce4dadda17:1279,封包過濾器,tool,封包過濾器,42,10,20
pair_01503,cross,61,15,4:a5c86bc8-e1c8-48a4-9fd0-5fce4dadda17:3098,驗證演算法a3,tool,驗證演算法a3,4:a5c86bc8-e1c8-48a4-9fd0-5fce4dadda17:4245,比特幣,tool,比特幣,42,10,20
pair_01504,cross,61,21,4:a5c86bc8-e1c8-48a4-9fd0-5fce4dadda17:797,ecc,tool,ecc,4:a5c86bc8-e1c8-48a4-9fd0-5fce4dadda17:2941,網路銀行,app,網路銀行,42,10,20
pair_01505,cross,61,16,4:a5c86bc8-e1c8-48a4-9fd0-5fce4dadda17:902,1 級或 2 級事件,attack,1級或2級事件,4:a5c86bc8-e1c8-48a4-9fd0-5fce4dadda17:45,連結層,feature,連結層,42,10,20
pair_01506,cross,61,9,4:a5c86bc8-e1c8-48a4-9fd0-5fce4dadda17:4342,橢圓曲線密碼學 (ecc),technique,橢圓曲線密碼學,4:a5c86bc8-e1c8-48a4-9fd0-5fce4dadda17:2529,重排,technique,重排,42,10,20
pair_01507,cross,61,14,4:a5c86bc8-e1c8-48a4-9fd0-5fce4dadda17:3582,資訊資產權責管理,policy,資訊資產權責管理,4:a5c86bc8-e1c8-48a4-9fd0-5fce4dadda17:2666,驅動程式,feature,驅動程式,42,10,20
pair_01508,cross,61,6,4:a5c86bc8-e1c8-48a4-9fd0-5fce4dadda17:1188,s/mime 格式電子郵件,data,smime格式電子郵件,4:a5c86bc8-e1c8-48a4-9fd0-5fce4dadda17:509,wi-fi ap,system,wifiap,42,10,20
pair_01509,cross,61,13,4:a5c86bc8-e1c8-48a4-9fd0-5fce4dadda17:2591,威脅,risk,威脅,4:a5c86bc8-e1c8-48a4-9fd0-5fce4dadda17:1250,介面程式庫,tool,介面程式庫,42,10,20
pair_01510,cross,61,19,4:a5c86bc8-e1c8-48a4-9fd0-5fce4dadda17:4342,橢圓曲線密碼學 (ecc),technique,橢圓曲線密碼學,4:a5c86bc8-e1c8-48a4-9fd0-5fce4dadda17:253,記錄相關細節,technique,記錄相關細節,42,10,20
pair_01511,cross,61,17,4:a5c86bc8-e1c8-48a4-9fd0-5fce4dadda17:2538,公開金鑰密碼演算法,system,公開金鑰密碼演算法,4:a5c86bc8-e1c8-48a4-9fd0-5fce4dadda17:140,devops,policy,devops,42,10,20
pair_01512,cross,61,6,4:a5c86bc8-e1c8-48a4-9fd0-5fce4dadda17:786,elgamal,tool,elgamal,4:a5c86bc8-e1c8-48a4-9fd0-5fce4dadda17:203,漏洞利用攻擊,attack,漏洞利用攻擊,42,10,20
pair_01513,cross,61,21,4:a5c86bc8-e1c8-48a4-9fd0-5fce4dadda17:3582,資訊資產權責管理,policy,資訊資產權責管理,4:a5c86bc8-e1c8-48a4-9fd0-5fce4dadda17:186,多人共享資源池,feature,多人共享資源池,42,10,20
pair_01514,cross,61,17,4:a5c86bc8-e1c8-48a4-9fd0-5fce4dadda17:2809,3 級或 4 級事件,attack,3級或4級事件,4:a5c86bc8-e1c8-48a4-9fd0-5fce4dadda17:4093,sha-256,tool,sha256,42,10,20
pair_01515,cross,61,9,4:a5c86bc8-e1c8-48a4-9fd0-5fce4dadda17:2541,量子電腦破解攻擊,attack,量子電腦破解攻擊,4:a5c86bc8-e1c8-48a4-9fd0-5fce4dadda17:4285,數位信封,tool,數位信封,42,10,20
pair_01516,cross,61,16,4:a5c86bc8-e1c8-48a4-9fd0-5fce4dadda17:2640,數位簽章,data,數位簽章,4:a5c86bc8-e1c8-48a4-9fd0-5fce4dadda17:3793,安全稽核,function,安全稽核,42,10,20
pair_01517,cross,61,28,4:a5c86bc8-e1c8-48a4-9fd0-5fce4dadda17:2655,ecdsa,feature,ecdsa,4:a5c86bc8-e1c8-48a4-9fd0-5fce4dadda17:3130,ims (ip多媒體子系統),system,ims,42,10,20
pair_01518,cross,61,13,4:a5c86bc8-e1c8-48a4-9fd0-5fce4dadda17:797,ecc,tool,ecc,4:a5c86bc8-e1c8-48a4-9fd0-5fce4dadda17:1250,介面程式庫,tool,介面程式庫,42,10,20
pair_01519,cross,61,21,4:a5c86bc8-e1c8-48a4-9fd0-5fce4dadda17:786,elgamal,tool,elgamal,4:a5c86bc8-e1c8-48a4-9fd0-5fce4dadda17:916,ad 服務介面,feature,ad服務介面,42,10,20
pair_01520,cross,61,15,4:a5c86bc8-e1c8-48a4-9fd0-5fce4dadda17:4342,橢圓曲線密碼學 (ecc),technique,橢圓曲線密碼學,4:a5c86bc8-e1c8-48a4-9fd0-5fce4dadda17:268,ceo,user,ceo,42,10,20
pair_01521,in,66,,4:a5c86bc8-e1c8-48a4-9fd0-5fce4dadda17:2802,明文儲存,vulnerability,明文儲存,4:a5c86bc8-e1c8-48a4-9fd0-5fce4dadda17:3307,檢測實驗室,securityTeam,檢測實驗室,42,10,20
pair_01522,in,66,,4:a5c86bc8-e1c8-48a4-9fd0-5fce4dadda17:939,風險位階矩陣,technique,風險位階矩陣,4:a5c86bc8-e1c8-48a4-9fd0-5fce4dadda17:2802,明文儲存,vulnerability,明文儲存,42,10,20
pair_01523,in,66,,4:a5c86bc8-e1c8-48a4-9fd0-5fce4dadda17:1261,符合性測試,technique,符合性測試,4:a5c86bc8-e1c8-48a4-9fd0-5fce4dadda17:3308,fips 140,policy,fips140,42,10,20
pair_01524,in,66,,4:a5c86bc8-e1c8-48a4-9fd0-5fce4dadda17:1261,符合性測試,technique,符合性測試,4:a5c86bc8-e1c8-48a4-9fd0-5fce4dadda17:1262,dtr (測試需求),policy,dtr,42,10,20
pair_01525,in,66,,4:a5c86bc8-e1c8-48a4-9fd0-5fce4dadda17:2504,安全小組,securityTeam,安全小組,4:a5c86bc8-e1c8-48a4-9fd0-5fce4dadda17:3308,fips 140,policy,fips140,42,10,20
pair_01526,in,66,,4:a5c86bc8-e1c8-48a4-9fd0-5fce4dadda17:3316,廠商,user,廠商,4:a5c86bc8-e1c8-48a4-9fd0-5fce4dadda17:3446,金鑰加密密鑰 (kek),tool,金鑰加密密鑰,42,10,20
pair_01527,in,66,,4:a5c86bc8-e1c8-48a4-9fd0-5fce4dadda17:3307,檢測實驗室,securityTeam,檢測實驗室,4:a5c86bc8-e1c8-48a4-9fd0-5fce4dadda17:3314,nist,securityTeam,nist,42,10,20
pair_01528,in,66,,4:a5c86bc8-e1c8-48a4-9fd0-5fce4dadda17:939,風險位階矩陣,technique,風險位階矩陣,4:a5c86bc8-e1c8-48a4-9fd0-5fce4dadda17:1767,金鑰生命週期管理,policy,金鑰生命週期管理,42,10,20
pair_01529,in,66,,4:a5c86bc8-e1c8-48a4-9fd0-5fce4dadda17:2504,安全小組,securityTeam,安全小組,4:a5c86bc8-e1c8-48a4-9fd0-5fce4dadda17:3278,開發與維護人員,securityTeam,開發與維護人員,42,10,20
pair_01530,in,66,,4:a5c86bc8-e1c8-48a4-9fd0-5fce4dadda17:2802,明文儲存,vulnerability,明文儲存,4:a5c86bc8-e1c8-48a4-9fd0-5fce4dadda17:3314,nist,securityTeam,nist,42,10,20
pair_01531,in,66,,4:a5c86bc8-e1c8-48a4-9fd0-5fce4dadda17:3316,廠商,user,廠商,4:a5c86bc8-e1c8-48a4-9fd0-5fce4dadda17:3730,隨時監控,function,隨時監控,42,10,20
pair_01532,in,66,,4:a5c86bc8-e1c8-48a4-9fd0-5fce4dadda17:2504,安全小組,securityTeam,安全小組,4:a5c86bc8-e1c8-48a4-9fd0-5fce4dadda17:4315,個人,user,個人,42,10,20
pair_01533,in,66,,4:a5c86bc8-e1c8-48a4-9fd0-5fce4dadda17:1215,實物測試,technique,實物測試,4:a5c86bc8-e1c8-48a4-9fd0-5fce4dadda17:3308,fips 140,policy,fips140,42,10,20
pair_01534,in,66,,4:a5c86bc8-e1c8-48a4-9fd0-5fce4dadda17:1213,演算法測試,technique,演算法測試,4:a5c86bc8-e1c8-48a4-9fd0-5fce4dadda17:1261,符合性測試,technique,符合性測試,42,10,20
pair_01535,in,66,,4:a5c86bc8-e1c8-48a4-9fd0-5fce4dadda17:1767,金鑰生命週期管理,policy,金鑰生命週期管理,4:a5c86bc8-e1c8-48a4-9fd0-5fce4dadda17:3314,nist,securityTeam,nist,42,10,20
pair_01536,in,66,,4:a5c86bc8-e1c8-48a4-9fd0-5fce4dadda17:3316,廠商,user,廠商,4:a5c86bc8-e1c8-48a4-9fd0-5fce4dadda17:3745,密碼模組產品,app,密碼模組產品,42,10,20
pair_01537,in,66,,4:a5c86bc8-e1c8-48a4-9fd0-5fce4dadda17:3730,隨時監控,function,隨時監控,4:a5c86bc8-e1c8-48a4-9fd0-5fce4dadda17:4048,未授權進入,risk,未授權進入,42,10,20
pair_01538,in,66,,4:a5c86bc8-e1c8-48a4-9fd0-5fce4dadda17:1267,未經授權的訊息發佈,risk,未經授權的訊息發佈,4:a5c86bc8-e1c8-48a4-9fd0-5fce4dadda17:3935,實體控制措施,policy,實體控制措施,42,10,20
pair_01539,in,66,,4:a5c86bc8-e1c8-48a4-9fd0-5fce4dadda17:1262,dtr (測試需求),policy,dtr,4:a5c86bc8-e1c8-48a4-9fd0-5fce4dadda17:2620,測試報告,data,測試報告,42,10,20
pair_01540,in,66,,4:a5c86bc8-e1c8-48a4-9fd0-5fce4dadda17:1261,符合性測試,technique,符合性測試,4:a5c86bc8-e1c8-48a4-9fd0-5fce4dadda17:2504,安全小組,securityTeam,安全小組,42,10,20
pair_01541,cross,66,45,4:a5c86bc8-e1c8-48a4-9fd0-5fce4dadda17:1261,符合性測試,technique,符合性測試,4:a5c86bc8-e1c8-48a4-9fd0-5fce4dadda17:689,法律邊緣漏洞,vulnerability,法律邊緣漏洞,42,10,20
pair_01542,cross,66,14,4:a5c86bc8-e1c8-48a4-9fd0-5fce4dadda17:3776,其他攻擊方式,attack,其他攻擊方式,4:a5c86bc8-e1c8-48a4-9fd0-5fce4dadda17:2554,作業系統,system,作業系統,42,10,20
pair_01543,cross,66,54,4:a5c86bc8-e1c8-48a4-9fd0-5fce4dadda17:2802,明文儲存,vulnerability,明文儲存,4:a5c86bc8-e1c8-48a4-9fd0-5fce4dadda17:612,網站安全測試認證標章,tool,網站安全測試認證標章,42,10,20
pair_01544,cross,66,16,4:a5c86bc8-e1c8-48a4-9fd0-5fce4dadda17:4315,個人,user,個人,4:a5c86bc8-e1c8-48a4-9fd0-5fce4dadda17:2073,tcp/ip model,system,tcpipmodel,42,10,20
pair_01545,cross,66,32,4:a5c86bc8-e1c8-48a4-9fd0-5fce4dadda17:1263,廠商需求,policy,廠商需求,4:a5c86bc8-e1c8-48a4-9fd0-5fce4dadda17:2072,fedora/centos/rhel linux,system,fedoracentosrhellinux,42,10,20
pair_01546,cross,66,19,4:a5c86bc8-e1c8-48a4-9fd0-5fce4dadda17:1267,未經授權的訊息發佈,risk,未經授權的訊息發佈,4:a5c86bc8-e1c8-48a4-9fd0-5fce4dadda17:1008,人員與設備進出規範,policy,人員與設備進出規範,42,10,20
pair_01547,cross,66,13,4:a5c86bc8-e1c8-48a4-9fd0-5fce4dadda17:3935,實體控制措施,policy,實體控制措施,4:a5c86bc8-e1c8-48a4-9fd0-5fce4dadda17:2340,session,feature,session,42,10,20
pair_01548,cross,66,24,4:a5c86bc8-e1c8-48a4-9fd0-5fce4dadda17:2620,測試報告,data,測試報告,4:a5c86bc8-e1c8-48a4-9fd0-5fce4dadda17:894,欄位單一化,feature,欄位單一化,42,10,20
pair_01549,cross,66,28,4:a5c86bc8-e1c8-48a4-9fd0-5fce4dadda17:4048,未授權進入,risk,未授權進入,4:a5c86bc8-e1c8-48a4-9fd0-5fce4dadda17:3387,識別網路是否安全,feature,識別網路是否安全,42,10,20
pair_01550,cross,66,26,4:a5c86bc8-e1c8-48a4-9fd0-5fce4dadda17:1260,密碼模組風險,risk,密碼模組風險,4:a5c86bc8-e1c8-48a4-9fd0-5fce4dadda17:926,非核心業務一般資料,data,非核心業務一般資料,42,10,20
pair_01551,cross,66,13,4:a5c86bc8-e1c8-48a4-9fd0-5fce4dadda17:3935,實體控制措施,policy,實體控制措施,4:a5c86bc8-e1c8-48a4-9fd0-5fce4dadda17:2589,資料庫系統,system,資料庫系統,42,10,20
pair_01552,cross,66,37,4:a5c86bc8-e1c8-48a4-9fd0-5fce4dadda17:3745,密碼模組產品,app,密碼模組產品,4:a5c86bc8-e1c8-48a4-9fd0-5fce4dadda17:3845,雲端服務提供業者,securityTeam,雲端服務提供業者,42,10,20
pair_01553,cross,66,1,4:a5c86bc8-e1c8-48a4-9fd0-5fce4dadda17:4315,個人,user,個人,4:a5c86bc8-e1c8-48a4-9fd0-5fce4dadda17:1062,攻擊傳播,attack,攻擊傳播,42,10,20
pair_01554,cross,66,26,4:a5c86bc8-e1c8-48a4-9fd0-5fce4dadda17:2802,明文儲存,vulnerability,明文儲存,4:a5c86bc8-e1c8-48a4-9fd0-5fce4dadda17:1140,關鍵資訊基礎設施,system,關鍵資訊基礎設施,42,10,20
pair_01555,cross,66,1,4:a5c86bc8-e1c8-48a4-9fd0-5fce4dadda17:3454,自有資訊,data,自有資訊,4:a5c86bc8-e1c8-48a4-9fd0-5fce4dadda17:1985,侵犯著作權,risk,侵犯著作權,42,10,20
pair_01556,cross,66,45,4:a5c86bc8-e1c8-48a4-9fd0-5fce4dadda17:3308,fips 140,policy,fips140,4:a5c86bc8-e1c8-48a4-9fd0-5fce4dadda17:739,監聽,technique,監聽,42,10,20
pair_01557,cross,66,14,4:a5c86bc8-e1c8-48a4-9fd0-5fce4dadda17:3699,災難備援,policy,災難備援,4:a5c86bc8-e1c8-48a4-9fd0-5fce4dadda17:729,玻璃窗,system,玻璃窗,42,10,20
pair_01558,cross,66,9,4:a5c86bc8-e1c8-48a4-9fd0-5fce4dadda17:2620,測試報告,data,測試報告,4:a5c86bc8-e1c8-48a4-9fd0-5fce4dadda17:3921,監聽攻擊,attack,監聽攻擊,42,10,20
pair_01559,cross,66,8,4:a5c86bc8-e1c8-48a4-9fd0-5fce4dadda17:3699,災難備援,policy,災難備援,4:a5c86bc8-e1c8-48a4-9fd0-5fce4dadda17:1666,mac(mandatory access control)強存取控制,policy,mac強存取控制,42,10,20
pair_01560,cross,66,6,4:a5c86bc8-e1c8-48a4-9fd0-5fce4dadda17:3309,fips 符合性測試,tool,fips符合性測試,4:a5c86bc8-e1c8-48a4-9fd0-5fce4dadda17:345,資源受限,feature,資源受限,42,10,20
pair_01561,in,71,,4:a5c86bc8-e1c8-48a4-9fd0-5fce4dadda17:1160,感應天線,feature,感應天線,4:a5c86bc8-e1c8-48a4-9fd0-5fce4dadda17:3177,校園ic卡,app,校園ic卡,42,10,20
pair_01562,in,71,,4:a5c86bc8-e1c8-48a4-9fd0-5fce4dadda17:3596,gnd,feature,gnd,4:a5c86bc8-e1c8-48a4-9fd0-5fce4dadda17:4190,pin 鎖死機制,feature,pin鎖死機制,42,10,20
pair_01563,in,71,,4:a5c86bc8-e1c8-48a4-9fd0-5fce4dadda17:1155,塑膠卡片,feature,塑膠卡片,4:a5c86bc8-e1c8-48a4-9fd0-5fce4dadda17:3194,八達通系統,system,八達通系統,42,10,20
pair_01564,in,71,,4:a5c86bc8-e1c8-48a4-9fd0-5fce4dadda17:1110,eeprom,feature,eeprom,4:a5c86bc8-e1c8-48a4-9fd0-5fce4dadda17:3503,寢室門禁資料,data,寢室門禁資料,42,10,20
pair_01565,in,71,,4:a5c86bc8-e1c8-48a4-9fd0-5fce4dadda17:3099,加密演算法 a8,tool,加密演算法a8,4:a5c86bc8-e1c8-48a4-9fd0-5fce4dadda17:3503,寢室門禁資料,data,寢室門禁資料,42,10,20
pair_01566,in,71,,4:a5c86bc8-e1c8-48a4-9fd0-5fce4dadda17:1168,交通運輸系統,system,交通運輸系統,4:a5c86bc8-e1c8-48a4-9fd0-5fce4dadda17:3607,clk,feature,clk,42,10,20
pair_01567,in,71,,4:a5c86bc8-e1c8-48a4-9fd0-5fce4dadda17:3483,記憶卡,system,記憶卡,4:a5c86bc8-e1c8-48a4-9fd0-5fce4dadda17:3590,vcc,feature,vcc,42,10,20
pair_01568,in,71,,4:a5c86bc8-e1c8-48a4-9fd0-5fce4dadda17:3191,民眾,user,民眾,4:a5c86bc8-e1c8-48a4-9fd0-5fce4dadda17:3583,模組裝置,system,模組裝置,42,10,20
pair_01569,in,71,,4:a5c86bc8-e1c8-48a4-9fd0-5fce4dadda17:1110,eeprom,feature,eeprom,4:a5c86bc8-e1c8-48a4-9fd0-5fce4dadda17:1158,應用資料,data,應用資料,42,10,20
pair_01570,in,71,,4:a5c86bc8-e1c8-48a4-9fd0-5fce4dadda17:1106,java卡,app,java卡,4:a5c86bc8-e1c8-48a4-9fd0-5fce4dadda17:1204,對抗竄改,technique,對抗竄改,42,10,20
pair_01571,in,71,,4:a5c86bc8-e1c8-48a4-9fd0-5fce4dadda17:1156,印刷電路,feature,印刷電路,4:a5c86bc8-e1c8-48a4-9fd0-5fce4dadda17:3489,ic公用電話機,system,ic公用電話機,42,10,20
pair_01572,in,71,,4:a5c86bc8-e1c8-48a4-9fd0-5fce4dadda17:1110,eeprom,feature,eeprom,4:a5c86bc8-e1c8-48a4-9fd0-5fce4dadda17:1156,印刷電路,feature,印刷電路,42,10,20
pair_01573,in,71,,4:a5c86bc8-e1c8-48a4-9fd0-5fce4dadda17:1111,rom,feature,rom,4:a5c86bc8-e1c8-48a4-9fd0-5fce4dadda17:1155,塑膠卡片,feature,塑膠卡片,42,10,20
pair_01574,in,71,,4:a5c86bc8-e1c8-48a4-9fd0-5fce4dadda17:1165,智慧卡作業系統,feature,智慧卡作業系統,4:a5c86bc8-e1c8-48a4-9fd0-5fce4dadda17:3165,門禁卡,app,門禁卡,42,10,20
pair_01575,in,71,,4:a5c86bc8-e1c8-48a4-9fd0-5fce4dadda17:1111,rom,feature,rom,4:a5c86bc8-e1c8-48a4-9fd0-5fce4dadda17:1174,pin 碼,data,pin碼,42,10,20
pair_01576,in,71,,4:a5c86bc8-e1c8-48a4-9fd0-5fce4dadda17:1165,智慧卡作業系統,feature,智慧卡作業系統,4:a5c86bc8-e1c8-48a4-9fd0-5fce4dadda17:3507,持有人姓名,data,持有人姓名,42,10,20
pair_01577,in,71,,4:a5c86bc8-e1c8-48a4-9fd0-5fce4dadda17:1160,感應天線,feature,感應天線,4:a5c86bc8-e1c8-48a4-9fd0-5fce4dadda17:3375,加密金鑰 kc,data,加密金鑰kc,42,10,20
pair_01578,in,71,,4:a5c86bc8-e1c8-48a4-9fd0-5fce4dadda17:3496,餘額,data,餘額,4:a5c86bc8-e1c8-48a4-9fd0-5fce4dadda17:3966,處理器,feature,處理器,42,10,20
pair_01579,in,71,,4:a5c86bc8-e1c8-48a4-9fd0-5fce4dadda17:1111,rom,feature,rom,4:a5c86bc8-e1c8-48a4-9fd0-5fce4dadda17:3165,門禁卡,app,門禁卡,42,10,20
pair_01580,in,71,,4:a5c86bc8-e1c8-48a4-9fd0-5fce4dadda17:1119,微處理器,tool,微處理器,4:a5c86bc8-e1c8-48a4-9fd0-5fce4dadda17:3599,vpp,feature,vpp,42,10,20
pair_01581,cross,71,11,4:a5c86bc8-e1c8-48a4-9fd0-5fce4dadda17:1107,multos卡,app,multos卡,4:a5c86bc8-e1c8-48a4-9fd0-5fce4dadda17:1393,事件處理,technique,事件處理,42,10,20
pair_01582,cross,71,15,4:a5c86bc8-e1c8-48a4-9fd0-5fce4dadda17:3191,民眾,user,民眾,4:a5c86bc8-e1c8-48a4-9fd0-5fce4dadda17:4096,完整備份 (full backup),technique,完整備份,42,10,20
pair_01583,cross,71,54,4:a5c86bc8-e1c8-48a4-9fd0-5fce4dadda17:3503,寢室門禁資料,data,寢室門禁資料,4:a5c86bc8-e1c8-48a4-9fd0-5fce4dadda17:3357,使用單一弱密碼嘗試登入,technique,使用單一弱密碼嘗試登入,42,10,20
pair_01584,cross,71,6,4:a5c86bc8-e1c8-48a4-9fd0-5fce4dadda17:3583,模組裝置,system,模組裝置,4:a5c86bc8-e1c8-48a4-9fd0-5fce4dadda17:1084,3g/4g 既有風險,vulnerability,3g4g既有風險,42,10,20
pair_01585,cross,71,12,4:a5c86bc8-e1c8-48a4-9fd0-5fce4dadda17:4083,智慧卡,system,智慧卡,4:a5c86bc8-e1c8-48a4-9fd0-5fce4dadda17:2964,資料備援,technique,資料備援,42,10,20
pair_01586,cross,71,14,4:a5c86bc8-e1c8-48a4-9fd0-5fce4dadda17:3607,clk,feature,clk,4:a5c86bc8-e1c8-48a4-9fd0-5fce4dadda17:1530,nmap,tool,nmap,42,10,20
pair_01587,cross,71,21,4:a5c86bc8-e1c8-48a4-9fd0-5fce4dadda17:1115,ram,feature,ram,4:a5c86bc8-e1c8-48a4-9fd0-5fce4dadda17:2635,台灣學術網路 (tanet),system,台灣學術網路,42,10,20
pair_01588,cross,71,41,4:a5c86bc8-e1c8-48a4-9fd0-5fce4dadda17:3539,ic 卡的攻擊,attack,ic卡的攻擊,4:a5c86bc8-e1c8-48a4-9fd0-5fce4dadda17:3842,utm產品,tool,utm產品,42,10,20
pair_01589,cross,71,12,4:a5c86bc8-e1c8-48a4-9fd0-5fce4dadda17:3177,校園ic卡,app,校園ic卡,4:a5c86bc8-e1c8-48a4-9fd0-5fce4dadda17:726,天然災害,risk,天然災害,42,10,20
pair_01590,cross,71,29,4:a5c86bc8-e1c8-48a4-9fd0-5fce4dadda17:3539,ic 卡的攻擊,attack,ic卡的攻擊,4:a5c86bc8-e1c8-48a4-9fd0-5fce4dadda17:91,主機安全機制,tool,主機安全機制,42,10,20
pair_01591,cross,71,41,4:a5c86bc8-e1c8-48a4-9fd0-5fce4dadda17:3165,門禁卡,app,門禁卡,4:a5c86bc8-e1c8-48a4-9fd0-5fce4dadda17:1451,惡意訊息,attack,惡意訊息,42,10,20
pair_01592,cross,71,15,4:a5c86bc8-e1c8-48a4-9fd0-5fce4dadda17:3199,實體攻擊,attack,實體攻擊,4:a5c86bc8-e1c8-48a4-9fd0-5fce4dadda17:4353,定期更新病毒碼,technique,定期更新病毒碼,42,10,20
pair_01593,cross,71,11,4:a5c86bc8-e1c8-48a4-9fd0-5fce4dadda17:1174,pin 碼,data,pin碼,4:a5c86bc8-e1c8-48a4-9fd0-5fce4dadda17:2926,關閉不使用的通信埠,technique,關閉不使用的通信埠,42,10,20
pair_01594,cross,71,46,4:a5c86bc8-e1c8-48a4-9fd0-5fce4dadda17:3176,電話ic卡,app,電話ic卡,4:a5c86bc8-e1c8-48a4-9fd0-5fce4dadda17:2710,資訊安全管理系統,system,資訊安全管理系統,42,10,20
pair_01595,cross,71,9,4:a5c86bc8-e1c8-48a4-9fd0-5fce4dadda17:3165,門禁卡,app,門禁卡,4:a5c86bc8-e1c8-48a4-9fd0-5fce4dadda17:808,s-box,feature,sbox,42,10,20
pair_01596,cross,71,41,4:a5c86bc8-e1c8-48a4-9fd0-5fce4dadda17:3168,悠遊卡,app,悠遊卡,4:a5c86bc8-e1c8-48a4-9fd0-5fce4dadda17:3830,特徵值,feature,特徵值,42,10,20
pair_01597,cross,71,7,4:a5c86bc8-e1c8-48a4-9fd0-5fce4dadda17:3556,微探針,tool,微探針,4:a5c86bc8-e1c8-48a4-9fd0-5fce4dadda17:829,補釘程式,tool,補釘程式,42,10,20
pair_01598,cross,71,21,4:a5c86bc8-e1c8-48a4-9fd0-5fce4dadda17:1106,java卡,app,java卡,4:a5c86bc8-e1c8-48a4-9fd0-5fce4dadda17:3868,基礎設施即服務(iaas),system,基礎設施即服務,42,10,20
pair_01599,cross,71,18,4:a5c86bc8-e1c8-48a4-9fd0-5fce4dadda17:3159,ic卡,system,ic卡,4:a5c86bc8-e1c8-48a4-9fd0-5fce4dadda17:4172,資訊(information),data,資訊,42,10,20
pair_01600,cross,71,17,4:a5c86bc8-e1c8-48a4-9fd0-5fce4dadda17:3176,電話ic卡,app,電話ic卡,4:a5c86bc8-e1c8-48a4-9fd0-5fce4dadda17:208,資訊鴻溝,risk,資訊鴻溝,42,10,20
